Season,Phase,Round,Gamecode,Home,Player_ID,IsStarter,IsPlaying,Team,Dorsal,Player,Minutes,Points,FieldGoalsMade2,FieldGoalsAttempted2,FieldGoalsMade3,FieldGoalsAttempted3,FreeThrowsMade,FreeThrowsAttempted,OffensiveRebounds,DefensiveRebounds,TotalRebounds,Assistances,Steals,Turnovers,BlocksFavour,BlocksAgainst,FoulsCommited,FoulsReceived,Valuation,Plusminus
2023,RS,1,1,1,P004720   ,0.0,1.0,RED,2,"LAZAREVIC, STEFAN",05:04,0,0,0,0,0,0,0,0,1,1,0,0,0,0,0,0,0,1,-1.0
2023,RS,1,1,1,PJDR      ,0.0,1.0,RED,4,"TEODOSIC, MILOS",14:37,3,0,3,1,3,0,0,0,3,3,2,1,1,0,0,4,0,-1,6.0
2023,RS,1,1,1,P005099   ,0.0,1.0,RED,5,"HANGA, ADAM",22:21,7,1,6,1,5,2,2,1,3,4,3,2,1,1,0,1,3,9,4.0
2023,RS,1,1,1,P002553   ,0.0,1.0,RED,9,"MITROVIC, LUKA",21:32,9,3,3,0,0,3,4,1,0,1,2,1,0,0,0,2,4,14,20.0
2023,RS,1,1,1,PLUO      ,1.0,0.0,RED,10,"LAZIC, BRANKO",12:46,6,0,0,2,2,0,0,1,1,2,0,0,0,0,0,0,0,8,7.0
2023,RS,1,1,1,P012711   ,1.0,0.0,RED,11,"SIMONOVIC, MARKO",18:22,14,4,4,2,2,0,0,1,0,1,0,0,1,0,0,5,1,10,8.0
2023,RS,1,1,1,P011224   ,1.0,0.0,RED,13,"NAPIER, SHABAZZ",20:40,21,2,3,5,8,2,2,0,3,3,1,2,2,0,0,2,1,20,20.0
2023,RS,1,1,1,P008966   ,0.0,0.0,RED,18,"TOBEY, MIKE",13:04,0,0,1,0,3,0,0,2,3,5,0,1,2,0,0,1,0,-1,3.0
2023,RS,1,1,1,P011964   ,0.0,1.0,RED,22,"ILIC, DALIBOR",14:33,5,1,5,1,2,0,0,5,0,5,0,0,0,0,2,1,1,3,-1.0
2023,RS,1,1,1,P000848   ,0.0,0.0,RED,26,"NEDOVIC, NEMANJA",16:57,12,3,6,1,2,3,3,0,3,3,3,1,2,0,0,1,3,15,3.0
2023,RS,1,1,1,P006436   ,1.0,0.0,RED,31,"GIEDRAITIS, ROKAS",27:51,17,2,4,4,7,1,2,1,4,5,4,2,0,0,0,3,1,20,24.0
2023,RS,1,1,1,P003479   ,1.0,0.0,RED,32,"KUZMIC, OGNJEN",12:13,0,0,2,0,0,0,0,3,1,4,4,0,0,1,1,1,0,5,12.0
2023,RS,1,1,1,Team,0.0,0.0,RED,,Team,,0,0,0,0,0,0,0,2,1,3,0,0,1,0,0,0,0,2,
2023,RS,1,1,1,Total,,,RED,,Total,200:00,94,16,37,17,34,11,13,17,23,40,19,10,10,2,3,21,14,105,
2023,RS,1,1,0,P012729   ,0.0,1.0,ASV,0,"SCOTT, MIKE",22:22,13,3,3,2,5,1,3,1,1,2,1,0,0,0,0,0,1,12,-6.0
2023,RS,1,1,0,P011225   ,1.0,1.0,ASV,3,"LEE, PARIS",29:42,7,2,3,1,3,0,0,1,2,3,9,2,4,0,0,1,1,14,-14.0
2023,RS,1,1,0,P004194   ,1.0,1.0,ASV,7,"LAUVERGNE, JOFFREY",22:39,18,5,7,2,5,2,5,4,2,6,1,0,1,0,0,1,4,19,-17.0
2023,RS,1,1,0,P012080   ,1.0,1.0,ASV,9,"LUWAWU-CABARROT, TIMOTHE",29:57,13,2,5,1,3,6,6,1,0,1,0,2,2,0,1,3,4,9,-20.0
2023,RS,1,1,0,P003274   ,0.0,0.0,ASV,10,"DALLO, BORIS",DNP,0,0,0,0,0,0,0,0,0,0,0,0,0,0,0,0,0,0,0.0
2023,RS,1,1,0,P000229   ,0.0,0.0,ASV,11,"JACKSON, EDWIN",DNP,0,0,0,0,0,0,0,0,0,0,0,0,0,0,0,0,0,0,0.0
2023,RS,1,1,0,P002100   ,1.0,1.0,ASV,12,"DE COLO, NANDO",25:37,13,1,2,3,5,2,3,0,2,2,5,0,2,0,0,0,2,16,-25.0
2023,RS,1,1,0,P012730   ,1.0,0.0,ASV,15,"EGBUNU, JOHN",24:34,7,3,6,0,0,1,2,1,0,1,0,0,2,1,1,2,2,2,-14.0
2023,RS,1,1,0,P006568   ,0.0,0.0,ASV,19,"FALL, YOUSSOUPHA",10:25,0,0,0,0,0,0,0,0,3,3,0,0,1,1,0,2,1,2,-5.0
2023,RS,1,1,0,P012731   ,0.0,0.0,ASV,24,"NDIAYE, MBAYE",12:28,0,0,1,0,1,0,0,1,3,4,1,0,1,1,0,2,0,1,-2.0
2023,RS,1,1,0,P011386   ,0.0,0.0,ASV,31,"NOAM, YAACOV",06:17,0,0,1,0,0,0,2,0,1,1,0,0,0,0,0,0,5,3,-3.0
2023,RS,1,1,0,P012732   ,0.0,0.0,ASV,33,"JACKSON, FRANK",15:59,2,1,1,0,3,0,0,0,4,4,0,1,1,0,0,3,1,1,1.0
2023,RS,1,1,0,Team,0.0,0.0,ASV,,Team,,0,0,0,0,0,0,0,0,4,4,0,0,2,0,0,0,0,2,
2023,RS,1,1,0,Total,,,ASV,,Total,200:00,73,17,29,9,25,12,21,9,22,31,17,5,16,3,2,14,21,81,
2023,RS,1,2,1,P011244   ,1.0,1.0,BAR,1,"DA SILVA, OSCAR",20:08,4,2,2,0,0,0,0,0,1,1,1,0,0,1,0,1,1,7,3.0
2023,RS,1,2,1,P000925   ,1.0,0.0,BAR,6,"VESELY, JAN",21:58,16,8,11,0,0,0,0,4,3,7,1,2,2,0,1,1,0,19,14.0
2023,RS,1,2,1,P009992   ,0.0,0.0,BAR,8,"BRIZUELA, DARIO",14:00,7,2,2,1,3,0,0,1,2,3,3,0,0,0,0,1,0,10,13.0
2023,RS,1,2,1,P004866   ,1.0,1.0,BAR,10,"KALINIC, NIKOLA",21:30,4,2,2,0,1,0,0,0,3,3,2,1,1,0,0,2,0,6,6.0
2023,RS,1,2,1,P002939   ,1.0,1.0,BAR,13,"SATORANSKY, TOMAS",23:26,8,1,2,2,4,0,0,0,1,1,3,0,3,0,0,2,0,4,7.0
2023,RS,1,2,1,P003196   ,0.0,0.0,BAR,14,"HERNANGOMEZ, WILLY",16:05,18,7,8,0,0,4,6,1,2,3,0,1,2,1,0,0,6,24,1.0
2023,RS,1,2,1,P006435   ,1.0,1.0,BAR,20,"LAPROVITTOLA, NICOLAS",24:43,13,3,3,2,7,1,2,0,5,5,8,0,3,0,0,3,4,18,7.0
2023,RS,1,2,1,P003478   ,0.0,1.0,BAR,21,"ABRINES, ALEX",15:56,7,2,3,1,3,0,0,2,0,2,0,0,0,0,0,0,1,7,15.0
2023,RS,1,2,1,P012745   ,0.0,0.0,BAR,22,"PARKER, JABARI",17:54,10,4,5,0,1,2,2,0,3,3,0,1,1,1,0,3,1,10,8.0
2023,RS,1,2,1,P010641   ,0.0,0.0,BAR,23,"NNAJI, JAMES",DNP,0,0,0,0,0,0,0,0,0,0,0,0,0,0,0,0,0,0,0.0
2023,RS,1,2,1,P007519   ,0.0,0.0,BAR,31,"JOKUBAITIS, ROKAS",16:34,4,1,4,0,1,2,2,0,4,4,3,0,0,0,0,1,2,8,10.0
2023,RS,1,2,1,P007464   ,0.0,0.0,BAR,44,"PARRA, JOEL",07:46,0,0,0,0,0,0,0,1,0,1,0,0,1,0,0,1,0,-1,1.0
2023,RS,1,2,1,Team,0.0,0.0,BAR,,Team,,0,0,0,0,0,0,0,0,2,2,0,0,0,0,0,0,0,2,
2023,RS,1,2,1,Total,,,BAR,,Total,200:00,91,32,42,6,20,9,12,9,26,35,21,5,13,3,1,15,15,114,
2023,RS,1,2,0,P007200   ,1.0,1.0,IST,0,"LARKIN, SHANE",32:28,16,6,7,1,5,1,1,0,0,0,12,2,1,0,0,1,3,26,-10.0
2023,RS,1,2,0,P006590   ,0.0,1.0,IST,1,"BEAUBOIS, RODRIGUE",15:30,4,0,1,1,3,1,3,0,0,0,0,0,0,0,0,0,1,0,-15.0
2023,RS,1,2,0,P009846   ,0.0,1.0,IST,6,"BRYANT, ELIJAH",16:25,10,2,5,2,4,0,0,1,1,2,3,0,1,0,1,1,3,10,-13.0
2023,RS,1,2,0,P004888   ,0.0,1.0,IST,12,"CLYBURN, WILL",27:33,7,2,8,1,4,0,0,1,3,4,1,2,1,0,1,3,3,3,-14.0
2023,RS,1,2,0,P011078   ,1.0,1.0,IST,13,"THOMPSON, DARIUS",26:18,2,1,5,0,2,0,0,1,1,2,3,1,4,0,0,3,1,-4,-2.0
2023,RS,1,2,0,PLHK      ,0.0,0.0,IST,21,"PLEISS, TIBOR",03:41,5,1,1,1,1,0,0,0,0,0,0,0,0,0,0,3,0,2,7.0
2023,RS,1,2,0,P009513   ,0.0,0.0,IST,23,"HOLLATZ, JUSTUS",03:12,0,0,0,0,1,0,0,0,0,0,0,0,0,0,0,1,0,-2,-7.0
2023,RS,1,2,0,P012710   ,0.0,0.0,IST,24,"OSMANI, ERCAN",DNP,0,0,0,0,0,0,0,0,0,0,0,0,0,0,0,0,0,0,0.0
2023,RS,1,2,0,P006372   ,1.0,0.0,IST,33,"YILMAZ, ERKAN",10:02,3,0,0,1,1,0,0,0,0,0,1,1,0,0,0,1,0,4,-3.0
2023,RS,1,2,0,P009664   ,1.0,0.0,IST,35,"WILLIS, DEREK",26:57,8,1,2,2,6,0,0,2,4,6,2,2,1,1,1,1,1,12,-13.0
2023,RS,1,2,0,P004554   ,1.0,0.0,IST,41,"ZIZIC, ANTE",18:28,9,4,4,0,0,1,2,0,3,3,2,0,0,0,0,0,2,15,1.0
2023,RS,1,2,0,P011981   ,0.0,0.0,IST,88,"JONES, TYRIQUE",19:26,10,5,7,0,0,0,0,1,3,4,0,1,1,0,0,1,1,12,-16.0
2023,RS,1,2,0,Team,0.0,0.0,IST,,Team,,0,0,0,0,0,0,0,3,1,4,0,0,1,0,0,0,0,3,
2023,RS,1,2,0,Total,,,IST,,Total,200:00,74,22,40,9,27,3,6,9,16,25,24,9,10,1,3,15,15,81,
2023,RS,1,3,1,P010391   ,1.0,1.0,MUN,0,"WEILER-BABB, NICK",25:35,8,1,1,2,7,0,0,0,3,3,2,1,0,0,0,2,1,8,20.0
2023,RS,1,3,1,P007975   ,0.0,0.0,MUN,1,"FRANCISCO, SYLVAIN",18:43,17,3,5,3,6,2,2,0,2,2,3,2,1,0,0,1,3,20,-1.0
2023,RS,1,3,1,P011987   ,0.0,0.0,MUN,3,"EDWARDS, CARSEN",17:58,5,1,4,1,6,0,0,1,1,2,0,0,3,0,1,2,0,-7,-10.0
2023,RS,1,3,1,P006245   ,0.0,0.0,MUN,5,"WEIDEMANN, NELSON",DNP,0,0,0,0,0,0,0,0,0,0,0,0,0,0,0,0,0,0,0.0
2023,RS,1,3,1,P006760   ,1.0,1.0,MUN,9,"BONGA, ISAAC",25:52,11,3,4,1,4,2,2,6,4,10,1,1,2,0,0,2,2,17,-2.0
2023,RS,1,3,1,P008985   ,1.0,1.0,MUN,10,"BOLMARO, LEANDRO",21:17,10,5,6,0,3,0,0,0,5,5,3,0,3,0,0,2,1,10,15.0
2023,RS,1,3,1,P004508   ,0.0,1.0,MUN,13,"OBST, ANDREAS",19:39,8,1,1,2,3,0,0,0,0,0,0,0,2,0,0,2,1,4,7.0
2023,RS,1,3,1,P003583   ,1.0,1.0,MUN,14,"IBAKA, SERGE",17:57,8,3,4,0,1,2,4,4,5,9,0,1,2,2,1,3,3,13,6.0
2023,RS,1,3,1,P005478   ,0.0,0.0,MUN,17,"WIMBERG, NIKLAS",11:53,1,0,0,0,1,1,2,1,1,2,0,0,0,1,0,1,2,3,8.0
2023,RS,1,3,1,P007639   ,0.0,0.0,MUN,22,"BRANKOVIC, DANKO",02:20,0,0,0,0,0,0,0,0,0,0,0,0,1,0,0,1,1,-1,-3.0
2023,RS,1,3,1,P007056   ,1.0,0.0,MUN,31,"BOOKER, DEVIN",30:57,10,5,10,0,0,0,0,4,2,6,2,0,2,0,1,2,3,11,8.0
2023,RS,1,3,1,P011941   ,0.0,0.0,MUN,33,"GILLESPIE, FREDDIE",07:49,2,1,1,0,0,0,0,0,3,3,1,0,0,0,0,3,0,3,12.0
2023,RS,1,3,1,Team,0.0,0.0,MUN,,Team,,0,0,0,0,0,0,0,4,3,7,0,0,0,0,0,0,0,7,
2023,RS,1,3,1,Total,,,MUN,,Total,200:00,80,23,36,9,31,7,10,20,29,49,12,5,16,3,3,21,17,88,
2023,RS,1,3,0,P012720   ,1.0,0.0,BER,0,"BROWN, STERLING",28:33,8,2,6,1,5,1,1,0,0,0,3,2,0,0,1,3,2,3,-3.0
2023,RS,1,3,0,P008384   ,0.0,0.0,BER,1,"PROCIDA, GABRIELE",15:52,2,1,1,0,1,0,2,1,1,2,1,2,0,0,0,0,2,6,-12.0
2023,RS,1,3,0,P008173   ,0.0,0.0,BER,3,"SPAGNOLO, MATTEO",17:11,6,3,6,0,0,0,0,0,1,1,2,0,1,0,0,2,2,5,-14.0
2023,RS,1,3,0,P008211   ,0.0,0.0,BER,6,"DELOW, MALTE",13:32,0,0,0,0,1,0,0,0,3,3,1,0,3,0,0,0,0,0,-3.0
2023,RS,1,3,0,P007025   ,0.0,1.0,BER,9,"MATTISSECK, JONAS",09:32,2,1,2,0,1,0,0,0,0,0,0,1,0,0,0,0,1,2,-6.0
2023,RS,1,3,0,P008967   ,1.0,1.0,BER,11,"THOMAS, MATT",23:18,11,0,0,2,3,5,5,0,3,3,0,0,0,0,0,3,3,13,4.0
2023,RS,1,3,0,P006819   ,0.0,0.0,BER,16,"NIKIC, KRESIMIR",07:13,4,1,2,0,0,2,2,0,0,0,0,0,0,1,1,0,1,4,-12.0
2023,RS,1,3,0,P007550   ,1.0,1.0,BER,18,"SAMAR, ZIGA",16:53,5,1,3,1,2,0,0,0,1,1,3,0,1,0,0,3,0,2,-7.0
2023,RS,1,3,0,P006919   ,1.0,1.0,BER,19,"OLINDE, LOUIS",26:01,12,4,5,1,4,1,2,0,1,1,3,2,1,2,0,3,2,13,10.0
2023,RS,1,3,0,P003958   ,1.0,1.0,BER,32,"THIEMANN, JOHANNES",25:37,12,3,5,1,4,3,4,1,4,5,1,3,1,0,1,1,5,17,-5.0
2023,RS,1,3,0,P012721   ,0.0,0.0,BER,34,"BEAN, JUSTIN",16:18,6,0,0,1,3,3,3,0,0,0,0,0,1,0,0,2,3,4,-12.0
2023,RS,1,3,0,Team,0.0,0.0,BER,,Team,,0,0,0,0,0,0,0,1,0,1,0,0,1,0,0,0,0,0,
2023,RS,1,3,0,Total,,,BER,,Total,200:00,68,16,30,7,24,15,19,3,14,17,14,10,9,3,3,17,21,69,
2023,RS,1,4,1,P012744   ,1.0,1.0,TEL,1,"ANTONIUS, CLEVELAND",22:28,4,0,2,0,2,4,4,0,2,2,4,2,2,0,0,4,3,5,5.0
2023,RS,1,4,1,P011971   ,0.0,1.0,TEL,3,"WEBB III, JAMES",15:32,3,1,2,0,2,1,2,0,0,0,0,0,0,0,1,2,1,-3,4.0
2023,RS,1,4,1,P009622   ,1.0,0.0,TEL,4,"BROWN, LORENZO",24:57,22,5,7,4,5,0,0,0,1,1,8,2,3,0,0,2,0,25,14.0
2023,RS,1,4,1,P004233   ,0.0,1.0,TEL,8,"MENCO, RAFI",06:36,0,0,2,0,0,0,0,0,0,0,1,0,0,0,0,0,0,-1,-9.0
2023,RS,1,4,1,P011219   ,0.0,0.0,TEL,9,"SORKIN, ROMAN",21:23,14,5,7,1,2,1,1,2,3,5,0,2,2,0,0,2,2,16,1.0
2023,RS,1,4,1,P007990   ,0.0,1.0,TEL,12,"DIBARTOLOMEO, JOHN",22:31,6,0,1,2,3,0,0,2,3,5,2,1,1,0,0,3,2,10,16.0
2023,RS,1,4,1,P011214   ,0.0,1.0,TEL,14,"RIVERO, JASIEL",13:56,11,4,5,0,0,3,4,1,0,1,2,0,2,0,0,1,5,14,-8.0
2023,RS,1,4,1,P005145   ,1.0,0.0,TEL,15,"COHEN, JAKE",15:11,2,1,1,0,1,0,0,0,1,1,3,0,0,0,0,3,0,2,14.0
2023,RS,1,4,1,P011199   ,1.0,0.0,TEL,32,"NEBO, JOSH",15:24,14,5,6,0,0,4,5,2,2,4,3,1,0,1,1,0,3,23,11.0
2023,RS,1,4,1,P011193   ,0.0,0.0,TEL,45,"BLATT, TAMIR",20:12,8,1,2,2,7,0,0,0,2,2,8,1,0,0,0,1,0,12,8.0
2023,RS,1,4,1,P009783   ,1.0,0.0,TEL,50,"COLSON, BONZIE",21:50,12,5,8,0,4,2,4,3,4,7,0,2,2,1,0,1,2,12,19.0
2023,RS,1,4,1,Team,0.0,0.0,TEL,,Team,,0,0,0,0,0,0,0,5,1,6,0,0,0,0,0,0,0,6,
2023,RS,1,4,1,Total,,,TEL,,Total,200:00,96,27,43,9,26,15,20,15,19,34,31,11,12,2,2,19,18,121,
2023,RS,1,4,0,P008987   ,1.0,0.0,PAR,2,"LEDAY, ZACH",26:04,5,2,3,0,2,1,2,1,2,3,1,1,3,0,0,1,4,6,-18.0
2023,RS,1,4,0,P003983   ,0.0,1.0,PAR,4,"AVRAMOVIC, ALEKSA",25:52,24,8,9,1,3,5,6,0,0,0,2,1,2,0,0,2,4,23,-7.0
2023,RS,1,4,0,P011050   ,1.0,0.0,PAR,5,"KOPRIVICA, BALSA",11:09,6,2,2,0,0,2,2,1,2,3,0,0,0,2,0,3,1,9,-11.0
2023,RS,1,4,0,P009862   ,1.0,0.0,PAR,7,"PUNTER, KEVIN",24:31,11,3,4,1,5,2,2,0,1,1,1,1,3,0,0,1,4,9,-21.0
2023,RS,1,4,0,P011051   ,0.0,1.0,PAR,9,"SMAILAGIC, ALEN",25:19,10,4,6,0,0,2,4,1,2,3,0,0,0,0,0,3,2,8,1.0
2023,RS,1,4,0,P004058   ,0.0,0.0,PAR,10,"JARAMAZ, OGNJEN",13:14,0,0,1,0,1,0,0,0,2,2,3,1,1,0,0,2,1,2,-7.0
2023,RS,1,4,0,P007400   ,0.0,1.0,PAR,21,"NUNNALLY, JAMES",23:49,10,2,4,2,2,0,0,1,2,3,2,0,3,0,1,1,0,8,-6.0
2023,RS,1,4,0,P007673   ,1.0,1.0,PAR,32,"TRIFUNOVIC, UROS",14:06,2,1,2,0,1,0,0,0,3,3,2,1,0,0,0,1,1,6,0.0
2023,RS,1,4,0,P000956   ,0.0,0.0,PAR,33,"ANDJUSIC, DANILO",05:37,0,0,2,0,1,0,0,0,1,1,2,1,1,0,0,0,1,1,5.0
2023,RS,1,4,0,P012742   ,0.0,1.0,PAR,35,"DOZIER JR, PERRY",19:05,11,3,4,1,2,2,2,0,2,2,3,0,0,0,0,2,1,13,3.0
2023,RS,1,4,0,P004172   ,1.0,0.0,PAR,37,"PONITKA, MATEUSZ",04:55,0,0,0,0,0,0,0,1,0,1,2,0,2,0,0,0,0,1,-9.0
2023,RS,1,4,0,P012743   ,0.0,0.0,PAR,44,"KAMINSKY, FRANK",06:19,2,1,2,0,0,0,0,0,0,0,0,1,0,0,1,2,0,-1,-5.0
2023,RS,1,4,0,Team,0.0,0.0,PAR,,Team,,0,0,0,0,0,0,0,2,2,4,0,0,1,0,0,0,0,3,
2023,RS,1,4,0,Total,,,PAR,,Total,200:00,81,26,39,5,17,14,18,7,19,26,18,7,16,2,2,18,19,88,
2023,RS,1,5,1,P009549   ,1.0,1.0,VIR,0,"CORDINIER, ISAIA",28:53,12,4,5,1,2,1,1,1,3,4,9,0,1,0,0,1,1,22,-6.0
2023,RS,1,5,1,P010781   ,0.0,0.0,VIR,1,"LUNDBERG, IFFE",DNP,0,0,0,0,0,0,0,0,0,0,0,0,0,0,0,0,0,0,0.0
2023,RS,1,5,1,PBCN      ,1.0,1.0,VIR,3,"BELINELLI, MARCO",14:40,7,3,5,0,4,1,1,1,2,3,2,0,0,0,0,1,2,7,-11.0
2023,RS,1,5,1,P006739   ,0.0,0.0,VIR,6,"PAJOLA, ALESSANDRO",11:22,0,0,0,0,1,0,0,0,2,2,2,0,1,0,0,3,0,-1,16.0
2023,RS,1,5,1,P011192   ,0.0,0.0,VIR,9,"SMITH, JALEEN",11:46,4,1,1,0,1,2,2,0,0,0,2,2,2,0,0,1,2,6,1.0
2023,RS,1,5,1,P004007   ,0.0,0.0,VIR,13,"DOBRIC, OGNJEN",24:44,12,3,5,2,4,0,0,0,0,0,0,2,0,0,1,2,2,9,10.0
2023,RS,1,5,1,P012714   ,0.0,0.0,VIR,15,"CACOK, DEVONTAE",05:20,2,1,2,0,0,0,0,1,2,3,0,0,3,0,1,2,0,-2,-4.0
2023,RS,1,5,1,P001133   ,1.0,1.0,VIR,21,"SHENGELIA, TORNIKE",31:01,17,4,5,2,4,3,4,2,2,4,4,0,3,0,0,1,4,21,-1.0
2023,RS,1,5,1,P001844   ,1.0,1.0,VIR,23,"HACKETT, DANIEL",28:38,7,3,6,0,6,1,1,0,3,3,0,3,1,0,1,3,3,2,-19.0
2023,RS,1,5,1,P008847   ,0.0,1.0,VIR,25,"MICKEY, JORDAN",25:14,18,4,8,3,3,1,2,1,5,6,1,1,1,0,0,3,4,21,10.0
2023,RS,1,5,1,P002084   ,0.0,0.0,VIR,33,"POLONARA, ACHILLE",10:40,0,0,2,0,0,0,0,2,1,3,1,0,2,1,0,0,1,2,-8.0
2023,RS,1,5,1,P003048   ,1.0,0.0,VIR,42,"DUNSTON, BRYANT",07:42,0,0,0,0,0,0,0,1,0,1,0,0,0,0,0,1,0,0,-3.0
2023,RS,1,5,1,Team,0.0,0.0,VIR,,Team,,0,0,0,0,0,0,0,1,2,3,0,0,0,0,0,0,0,3,
2023,RS,1,5,1,Total,,,VIR,,Total,200:00,79,23,39,8,25,9,11,10,22,32,21,8,14,1,3,18,19,90,
2023,RS,1,5,0,P011218   ,1.0,1.0,ZAL,2,"EVANS, KEENAN",27:22,25,5,9,4,6,3,4,0,4,4,0,2,3,0,0,4,3,20,10.0
2023,RS,1,5,0,P011965   ,0.0,0.0,ZAL,3,"MITROU-LONG, NAZ",11:56,6,0,1,2,3,0,0,0,2,2,1,0,2,0,0,1,0,4,-3.0
2023,RS,1,5,0,P003210   ,0.0,0.0,ZAL,4,"LEKAVICIUS, LUKAS",07:47,2,0,1,0,0,2,3,0,1,1,1,1,0,0,0,0,2,5,-11.0
2023,RS,1,5,0,P010390   ,1.0,1.0,ZAL,8,"HAYES, KEVARRIUS",27:31,2,1,5,0,0,0,0,4,4,8,1,2,2,1,0,1,1,8,22.0
2023,RS,1,5,0,P007513   ,0.0,0.0,ZAL,9,"GIEDRAITIS, DOVYDAS",00:09,0,0,0,0,0,0,0,0,0,0,0,0,0,0,0,0,0,0,-3.0
2023,RS,1,5,0,P007109   ,1.0,1.0,ZAL,10,"SMITS, ROLANDS",25:55,10,4,6,0,2,2,3,0,1,1,1,0,2,1,1,3,3,5,6.0
2023,RS,1,5,0,P005504   ,0.0,0.0,ZAL,15,"BIRUTIS, LAURYNAS",08:48,4,2,4,0,0,0,0,1,0,1,0,0,0,0,0,1,0,2,-22.0
2023,RS,1,5,0,P003211   ,1.0,1.0,ZAL,33,"DIMSA, TOMAS",26:38,8,2,4,1,3,1,3,1,3,4,3,0,1,1,0,1,2,10,22.0
2023,RS,1,5,0,P006860   ,0.0,0.0,ZAL,35,"LAVRINOVICIUS, DANIELIUS",DNP,0,0,0,0,0,0,0,0,0,0,0,0,0,0,0,0,0,0,0.0
2023,RS,1,5,0,P012715   ,0.0,0.0,ZAL,45,"MANEK, BRADY",15:31,8,1,2,2,3,0,0,0,0,0,0,0,1,0,0,1,0,4,-4.0
2023,RS,1,5,0,P002676   ,0.0,0.0,ZAL,51,"BUTKEVICIUS, ARNAS",20:04,6,2,2,0,0,2,2,0,3,3,1,1,1,0,0,5,2,7,-6.0
2023,RS,1,5,0,P002329   ,1.0,1.0,ZAL,92,"ULANOVAS, EDGARAS",28:19,11,1,5,2,2,3,3,1,3,4,3,0,2,0,0,2,4,14,4.0
2023,RS,1,5,0,Team,0.0,0.0,ZAL,,Team,,0,0,0,0,0,0,0,1,1,2,0,0,1,0,0,0,0,1,
2023,RS,1,5,0,Total,,,ZAL,,Total,200:00,82,18,39,11,19,13,18,8,22,30,11,6,15,3,1,19,17,80,
2023,RS,1,6,1,P011157   ,1.0,0.0,ULK,0,"MOTLEY, JOHNATHAN",13:18,2,1,2,0,0,0,0,0,2,2,1,0,3,0,0,4,1,-2,-6.0
2023,RS,1,6,1,P006661   ,0.0,1.0,ULK,3,"WILBEKIN, SCOTTIE",31:07,19,3,6,4,8,1,1,0,1,1,4,1,2,0,0,3,3,16,5.0
2023,RS,1,6,1,P002968   ,0.0,0.0,ULK,5,"SANLI, SERTAC",06:02,0,0,0,0,0,0,0,0,0,0,1,0,0,0,0,2,0,-1,4.0
2023,RS,1,6,1,P005844   ,0.0,1.0,ULK,9,"PAPAGIANNIS, GEORGIOS",31:34,15,3,4,3,3,0,0,1,3,4,0,0,1,0,0,4,0,13,7.0
2023,RS,1,6,1,P002969   ,0.0,0.0,ULK,10,"MAHMUTOGLU, MELIH",00:07,0,0,0,0,0,0,0,0,0,0,0,0,0,0,0,0,0,0,2.0
2023,RS,1,6,1,P008962   ,1.0,1.0,ULK,11,"HAYES-DAVIS, NIGEL",30:42,0,0,0,0,7,0,0,0,2,2,0,1,1,0,0,2,1,-6,1.0
2023,RS,1,6,1,P010560   ,1.0,1.0,ULK,21,"PIERRE, DYSHAWN",33:01,11,1,5,3,3,0,0,2,4,6,2,0,1,0,1,0,0,13,-2.0
2023,RS,1,6,1,P004004   ,0.0,0.0,ULK,23,"GUDURIC, MARKO",18:38,15,4,4,1,3,4,6,0,1,1,1,0,1,0,0,4,5,13,0.0
2023,RS,1,6,1,P009849   ,1.0,1.0,ULK,27,"DORSEY, TYLER",30:25,15,3,8,3,5,0,0,1,2,3,3,1,1,0,2,2,3,13,0.0
2023,RS,1,6,1,P001932   ,0.0,0.0,ULK,33,"CALATHES, NICK",07:56,0,0,2,0,0,0,0,0,1,1,0,0,1,0,0,0,0,-2,7.0
2023,RS,1,6,1,P011052   ,1.0,0.0,ULK,41,"MADAR, YAM",13:37,8,3,3,0,1,2,4,0,1,1,2,2,1,0,0,2,3,10,-4.0
2023,RS,1,6,1,P011980   ,0.0,0.0,ULK,77,"SESTINA, NATHAN",08:33,0,0,0,0,1,0,0,0,2,2,1,0,0,1,0,0,0,3,1.0
2023,RS,1,6,1,Team,0.0,0.0,ULK,,Team,,0,0,0,0,0,0,0,0,4,4,0,0,0,0,0,0,0,4,
2023,RS,1,6,1,Total,,,ULK,,Total,225:00,85,18,34,14,31,7,11,4,23,27,15,5,12,1,3,23,16,74,
2023,RS,1,6,0,P009960   ,0.0,0.0,MIL,2,"POYTHRESS, ALEX",12:57,5,1,2,1,2,0,0,0,2,2,0,1,0,0,0,2,2,6,-6.0
2023,RS,1,6,0,P006701   ,0.0,0.0,MIL,3,"BORTOLANI, GIORDANO",02:31,0,0,0,0,0,0,0,0,0,0,0,0,0,0,0,1,0,-1,-3.0
2023,RS,1,6,0,P006433   ,0.0,1.0,MIL,5,"PANGOS, KEVIN",26:31,2,1,4,0,2,0,0,1,1,2,5,0,3,0,0,2,1,0,0.0
2023,RS,1,6,0,P006509   ,0.0,0.0,MIL,7,"TONUT, STEFANO",18:31,3,0,0,1,1,0,0,0,4,4,1,0,0,0,0,1,1,8,-2.0
2023,RS,1,6,0,P002849   ,1.0,0.0,MIL,9,"MELLI, NICOLO",28:12,7,2,4,0,1,3,4,1,4,5,2,1,2,1,0,2,2,10,6.0
2023,RS,1,6,0,P011926   ,0.0,0.0,MIL,14,"KAMAGATE, ISMAEL",DNP,0,0,0,0,0,0,0,0,0,0,0,0,0,0,0,0,0,0,0.0
2023,RS,1,6,0,P001518   ,0.0,0.0,MIL,17,"RICCI, GIAMPAOLO",00:08,0,0,0,0,0,0,0,0,0,0,0,0,0,0,0,1,0,-1,-2.0
2023,RS,1,6,0,P005670   ,1.0,0.0,MIL,21,"FLACCADORI, DIEGO",15:53,3,0,1,1,2,0,0,0,0,0,2,2,1,0,0,2,1,3,-1.0
2023,RS,1,6,0,P007831   ,1.0,1.0,MIL,31,"SHIELDS, SHAVON",37:19,10,1,7,2,6,2,2,0,5,5,4,2,3,0,1,1,5,11,5.0
2023,RS,1,6,0,P000796   ,1.0,1.0,MIL,33,"MIROTIC, NIKOLA",35:43,27,6,9,3,5,6,8,4,7,11,1,2,3,1,0,1,7,38,-11.0
2023,RS,1,6,0,P002812   ,0.0,1.0,MIL,42,"HINES, KYLE",15:30,4,2,2,0,0,0,0,0,1,1,1,1,1,0,0,2,0,4,1.0
2023,RS,1,6,0,P007201   ,1.0,1.0,MIL,77,"VOIGTMANN, JOHANNES",31:45,21,5,7,3,7,2,4,2,5,7,2,0,4,1,0,1,3,21,-2.0
2023,RS,1,6,0,Team,0.0,0.0,MIL,,Team,,0,0,0,0,0,0,0,2,2,4,0,0,2,0,0,0,0,2,
2023,RS,1,6,0,Total,,,MIL,,Total,225:00,82,18,36,11,26,13,18,10,31,41,18,9,19,3,1,16,22,101,
2023,RS,1,7,1,P011209   ,0.0,0.0,PAN,0,"KALAITZAKIS, PANAGIOTIS",00:26,0,0,0,0,0,0,0,0,0,0,0,0,0,0,0,0,0,0,0.0
2023,RS,1,7,1,P007947   ,1.0,1.0,PAN,2,"VILDOZA, LUCA",21:13,5,1,2,1,5,0,0,0,0,0,4,1,3,0,0,1,1,2,-17.0
2023,RS,1,7,1,P011826   ,0.0,0.0,PAN,3,"GUY, KYLE",11:28,0,0,0,0,0,0,0,0,0,0,0,0,0,0,0,0,1,1,5.0
2023,RS,1,7,1,P006544   ,0.0,0.0,PAN,6,"MORAITIS, DIMITRIS",DNP,0,0,0,0,0,0,0,0,0,0,0,0,0,0,0,0,0,0,0.0
2023,RS,1,7,1,P007553   ,1.0,0.0,PAN,8,"BALCEROWSKI, ALEKSANDER",12:27,7,2,4,1,2,0,0,1,1,2,0,2,0,0,1,3,0,4,-9.0
2023,RS,1,7,1,P001926   ,0.0,0.0,PAN,10,"SLOUKAS, KOSTAS",31:12,20,5,9,2,6,4,4,1,2,3,3,0,7,0,1,4,5,11,-1.0
2023,RS,1,7,1,P011204   ,1.0,1.0,PAN,22,"GRANT, JERIAN",32:30,5,1,2,0,2,3,4,0,3,3,4,2,2,0,0,2,2,8,-7.0
2023,RS,1,7,1,P003842   ,0.0,1.0,PAN,26,"LESSORT, MATHIAS",33:40,10,3,6,0,0,4,4,2,8,10,0,2,3,0,0,2,4,18,-6.0
2023,RS,1,7,1,P011221   ,0.0,0.0,PAN,37,"ANTETOKOUNMPO, KOSTAS",00:26,0,0,0,0,0,0,0,0,0,0,0,0,0,0,0,0,0,0,0.0
2023,RS,1,7,1,P002328   ,1.0,1.0,PAN,40,"GRIGONIS, MARIUS",30:23,17,2,3,4,6,1,2,0,2,2,2,0,1,0,0,4,2,14,-10.0
2023,RS,1,7,1,P012712   ,1.0,1.0,PAN,41,"HERNANGOMEZ, JUANCHO",43:12,13,2,5,2,3,3,3,3,7,10,2,1,2,2,0,0,3,25,-15.0
2023,RS,1,7,1,P008084   ,0.0,0.0,PAN,72,"MANTZOUKAS, ELEFTHERIOS",08:03,1,0,1,0,0,1,2,0,1,1,0,0,0,0,0,1,1,0,10.0
2023,RS,1,7,1,Team,0.0,0.0,PAN,,Team,,0,0,0,0,0,0,0,0,1,1,0,0,1,0,0,0,0,0,
2023,RS,1,7,1,Total,,,PAN,,Total,225:00,78,16,32,10,24,16,19,7,25,32,15,8,19,2,2,17,19,83,
2023,RS,1,7,0,P008855   ,1.0,1.0,OLY,0,"WALKUP, THOMAS",38:45,17,1,3,5,10,0,0,0,2,2,5,3,3,0,0,3,2,16,20.0
2023,RS,1,7,0,P007982   ,0.0,1.0,OLY,1,"WILLIAMS-GOSS, NIGEL",27:13,16,3,5,3,6,1,2,0,0,0,3,1,1,0,0,1,4,16,5.0
2023,RS,1,7,0,P010612   ,1.0,0.0,OLY,3,"CANAAN, ISAIAH",31:49,14,1,2,4,6,0,0,0,2,2,2,2,2,0,0,5,1,11,18.0
2023,RS,1,7,0,P006302   ,0.0,0.0,OLY,4,"LOUNTZIS, MICHALIS",00:21,0,0,0,0,0,0,0,0,0,0,0,0,0,0,0,0,0,0,0.0
2023,RS,1,7,0,P010392   ,0.0,0.0,OLY,5,"LARENTZAKIS, GIANNOULIS",11:55,0,0,1,0,3,0,0,0,0,0,0,0,2,0,0,2,0,-8,-6.0
2023,RS,1,7,0,P012023   ,0.0,0.0,OLY,9,"PAPAS, GEORGE",DNP,0,0,0,0,0,0,0,0,0,0,0,0,0,0,0,0,0,0,0.0
2023,RS,1,7,0,P001255   ,1.0,1.0,OLY,16,"PAPANIKOLAOU, KOSTAS",26:18,3,0,1,1,5,0,0,0,2,2,5,0,1,0,0,1,2,5,-8.0
2023,RS,1,7,0,P008829   ,1.0,1.0,OLY,25,"PETERS, ALEC",36:50,17,5,7,2,2,1,1,4,6,10,4,4,1,0,1,2,2,31,21.0
2023,RS,1,7,0,P003941   ,1.0,1.0,OLY,33,"MILUTINOV, NIKOLA",35:34,15,6,12,0,0,3,3,2,5,7,1,1,1,2,1,2,5,21,18.0
2023,RS,1,7,0,P006589   ,0.0,0.0,OLY,43,"SIKMA, LUKE",10:00,4,2,2,0,0,0,0,1,2,3,0,1,0,0,0,2,0,6,-8.0
2023,RS,1,7,0,P010631   ,0.0,0.0,OLY,50,"TANOULIS, GEORGIOS",DNP,0,0,0,0,0,0,0,0,0,0,0,0,0,0,0,0,0,0,0.0
2023,RS,1,7,0,P007853   ,0.0,0.0,OLY,77,"MCKISSIC, SHAQUIELLE",06:15,2,1,2,0,0,0,0,0,0,0,0,1,2,0,0,2,1,-1,-10.0
2023,RS,1,7,0,Team,0.0,0.0,OLY,,Team,,0,0,0,0,0,0,0,1,3,4,0,0,1,0,0,0,0,3,
2023,RS,1,7,0,Total,,,OLY,,Total,225:00,88,19,35,15,32,5,6,8,22,30,20,13,14,2,2,20,17,100,
2023,RS,1,8,1,P011948   ,1.0,1.0,BAS,0,"HOWARD, MARKUS",23:25,10,3,7,1,8,1,1,0,0,0,5,0,1,0,2,2,2,1,5.0
2023,RS,1,8,1,P011064   ,0.0,1.0,BAS,1,"MANNION, NICCOLO",19:00,13,3,6,1,4,4,4,2,0,2,3,0,2,0,0,1,2,11,6.0
2023,RS,1,8,1,P008850   ,0.0,0.0,BAS,2,"RAIESTE, SANDER",01:41,0,0,0,0,0,0,0,0,1,1,0,0,0,0,0,0,0,1,-6.0
2023,RS,1,8,1,P007230   ,1.0,0.0,BAS,8,"SEDEKERSKIS, TADAS",27:18,8,3,4,0,1,2,2,2,8,10,2,0,2,0,0,1,2,17,0.0
2023,RS,1,8,1,P004761   ,0.0,1.0,BAS,9,"MARINKOVIC, VANJA",16:14,0,0,5,0,3,0,0,0,4,4,1,0,0,0,1,1,2,-3,-7.0
2023,RS,1,8,1,P009048   ,1.0,0.0,BAS,10,"MILLER-MCINTYRE, CODI",19:47,0,0,0,0,4,0,0,1,3,4,4,0,2,1,0,2,0,1,-2.0
2023,RS,1,8,1,P003198   ,0.0,0.0,BAS,11,"DIEZ, DANIEL",DNP,0,0,0,0,0,0,0,0,0,0,0,0,0,0,0,0,0,0,0.0
2023,RS,1,8,1,P011085   ,0.0,0.0,BAS,17,"ROGKAVOPOULOS, NIKOLAOS",12:35,4,2,6,0,1,0,0,2,2,4,0,0,1,0,1,0,0,1,-2.0
2023,RS,1,8,1,P008072   ,0.0,0.0,BAS,18,"DIOP, KHALIFA",23:56,8,4,5,0,0,0,0,6,5,11,1,2,2,0,0,4,0,15,7.0
2023,RS,1,8,1,P004603   ,1.0,0.0,BAS,21,"KOTSAR, MAIK",11:14,5,1,2,0,0,3,4,1,1,2,1,0,0,0,0,1,3,8,-5.0
2023,RS,1,8,1,P010444   ,1.0,1.0,BAS,24,"COSTELLO, MATTHEW",21:14,16,3,5,3,5,1,1,0,2,2,0,1,0,1,0,2,4,18,-1.0
2023,RS,1,8,1,P012201   ,0.0,1.0,BAS,95,"MONEKE, CHIMA",23:36,13,5,11,0,1,3,4,5,5,10,1,1,2,1,0,1,7,22,-5.0
2023,RS,1,8,1,Team,0.0,0.0,BAS,,Team,,0,0,0,0,0,0,0,2,0,2,0,0,0,0,0,0,0,2,
2023,RS,1,8,1,Total,,,BAS,,Total,200:00,77,24,51,5,27,14,16,21,31,52,18,4,12,3,4,15,22,94,
2023,RS,1,8,0,P001392   ,1.0,0.0,MAD,1,"CAUSEUR, FABIEN",19:49,7,2,4,1,3,0,0,0,3,3,0,0,1,2,0,3,0,4,6.0
2023,RS,1,8,0,P010868   ,1.0,0.0,MAD,4,"DIAGNE, ISMAILA",06:09,0,0,0,0,0,0,0,0,0,0,0,0,1,0,0,3,0,-4,-2.0
2023,RS,1,8,0,PBMT      ,0.0,0.0,MAD,5,"FERNANDEZ, RUDY",17:38,0,0,0,0,3,0,0,2,1,3,4,1,0,0,0,1,0,4,11.0
2023,RS,1,8,0,P003733   ,0.0,0.0,MAD,6,"ABALDE, ALBERTO",02:13,0,0,0,0,0,0,0,0,0,0,0,0,0,0,0,0,0,0,-4.0
2023,RS,1,8,0,P005928   ,1.0,1.0,MAD,7,"CAMPAZZO, FACUNDO",22:44,2,1,5,0,5,0,0,0,1,1,5,1,1,0,2,2,4,-1,4.0
2023,RS,1,8,0,P011649   ,0.0,0.0,MAD,9,"GONZALEZ, HUGO",DNP,0,0,0,0,0,0,0,0,0,0,0,0,0,0,0,0,0,0,0.0
2023,RS,1,8,0,P003108   ,0.0,0.0,MAD,11,"HEZONJA, MARIO",10:17,9,1,2,2,4,1,1,0,1,1,0,1,0,0,0,5,1,4,-1.0
2023,RS,1,8,0,PCVM      ,0.0,0.0,MAD,13,"RODRIGUEZ, SERGIO",17:16,5,1,2,1,3,0,0,0,0,0,3,1,2,0,0,1,1,4,-2.0
2023,RS,1,8,0,P004887   ,0.0,1.0,MAD,17,"POIRIER, VINCENT",24:56,10,3,6,1,1,1,2,3,4,7,3,1,1,1,0,3,2,16,3.0
2023,RS,1,8,0,PTGB      ,0.0,1.0,MAD,23,"LLULL, SERGIO",20:39,15,1,1,4,9,1,2,0,1,1,2,0,0,0,0,2,1,11,-4.0
2023,RS,1,8,0,P010357   ,1.0,1.0,MAD,28,"YABUSELE, GUERSCHON",34:50,18,2,4,4,8,2,2,1,7,8,0,2,2,1,0,1,2,22,9.0
2023,RS,1,8,0,P006540   ,1.0,1.0,MAD,31,"MUSA, DZANAN",23:29,13,2,5,2,3,3,5,0,7,7,2,0,1,0,1,2,4,16,-10.0
2023,RS,1,8,0,Team,0.0,0.0,MAD,,Team,,0,0,0,0,0,0,0,3,3,6,0,0,0,0,0,0,0,6,
2023,RS,1,8,0,Total,,,MAD,,Total,200:00,79,13,29,15,39,8,12,9,28,37,19,7,9,4,3,23,15,82,
2023,RS,1,9,1,P011970   ,0.0,0.0,PAM,0,"HARPER, JARED",08:24,1,0,0,0,2,1,2,0,0,0,0,0,1,0,0,1,2,-2,-1.0
2023,RS,1,9,1,P000556   ,0.0,0.0,PAM,1,"CLAVER, VICTOR",04:17,0,0,0,0,0,0,0,0,1,1,0,0,0,0,0,0,0,1,1.0
2023,RS,1,9,1,P006643   ,1.0,0.0,PAM,2,"PUERTO, JOSEP",15:24,0,0,0,0,2,0,0,3,2,5,1,0,2,0,1,2,2,1,-2.0
2023,RS,1,9,1,P012738   ,0.0,0.0,PAM,3,"REUVERS, NATHAN",17:01,5,1,2,1,3,0,0,1,5,6,0,0,1,1,0,2,0,6,13.0
2023,RS,1,9,1,P010393   ,0.0,0.0,PAM,4,"PRADILLA, JAIME",09:29,3,0,0,1,1,0,0,2,0,2,3,0,0,0,0,1,1,8,9.0
2023,RS,1,9,1,P010568   ,1.0,1.0,PAM,7,"JONES, CHRIS",25:08,14,1,5,3,4,3,4,0,0,0,3,1,2,0,0,1,3,12,-5.0
2023,RS,1,9,1,P003960   ,1.0,0.0,PAM,10,"INGLIS, DAMIEN",20:13,9,2,3,1,4,2,2,0,6,6,1,1,1,1,0,2,3,14,-7.0
2023,RS,1,9,1,P004863   ,0.0,1.0,PAM,16,"JOVIC, STEFAN",19:24,2,0,1,0,1,2,2,0,0,0,4,0,0,0,0,1,1,4,16.0
2023,RS,1,9,1,P012739   ,0.0,0.0,PAM,21,"TOURE, BOUBACAR",18:26,5,2,4,0,0,1,2,4,0,4,2,1,3,0,1,2,2,5,-3.0
2023,RS,1,9,1,P012740   ,1.0,1.0,PAM,30,"ROBERTSON, KASSIUS",25:23,8,0,3,2,4,2,3,0,3,3,0,1,5,0,0,3,2,0,0.0
2023,RS,1,9,1,P007870   ,1.0,1.0,PAM,32,"DAVIES, BRANDON",15:07,4,2,3,0,1,0,0,0,1,1,0,0,3,0,0,4,1,-3,-2.0
2023,RS,1,9,1,P011982   ,0.0,1.0,PAM,37,"OJELEYE, SEMI",21:44,19,3,7,3,4,4,4,3,4,7,0,1,1,2,0,3,3,23,6.0
2023,RS,1,9,1,Team,0.0,0.0,PAM,,Team,,0,0,0,0,0,0,0,1,2,3,0,0,1,0,0,0,0,2,
2023,RS,1,9,1,Total,,,PAM,,Total,200:00,70,11,28,11,26,15,19,14,24,38,14,5,20,4,2,22,20,71,
2023,RS,1,9,0,P011212   ,0.0,1.0,MCO,2,"OKOBO, ELIE",29:27,17,0,2,4,7,5,5,0,2,2,1,1,4,0,0,3,4,13,1.0
2023,RS,1,9,0,P011231   ,0.0,1.0,MCO,4,"BLOSSOMGAME, JARON",18:00,4,2,4,0,2,0,0,1,3,4,0,0,0,0,0,2,2,4,-13.0
2023,RS,1,9,0,P010588   ,1.0,1.0,MCO,10,"BROWN, JOHN",32:15,8,4,6,0,0,0,0,0,0,0,0,4,1,1,0,2,4,12,9.0
2023,RS,1,9,0,P011226   ,1.0,1.0,MCO,11,"DIALLO, ALPHA",24:10,5,1,3,1,4,0,0,1,1,2,3,2,3,0,1,4,2,1,-13.0
2023,RS,1,9,0,P004790   ,0.0,0.0,MCO,12,"CORNELIE, PETR",07:44,0,0,0,0,0,0,0,0,0,0,0,0,0,0,0,1,0,-1,-6.0
2023,RS,1,9,0,P002581   ,0.0,0.0,MCO,14,"JAITEH, MAM",DNP,0,0,0,0,0,0,0,0,0,0,0,0,0,0,0,0,0,0,0.0
2023,RS,1,9,0,PLCZ      ,1.0,0.0,MCO,20,"MOTIEJUNAS, DONATAS",23:34,8,3,5,0,1,2,4,3,2,5,0,1,3,1,0,1,3,9,18.0
2023,RS,1,9,0,P012515   ,1.0,0.0,MCO,22,"TARPEY, TERRY",11:05,0,0,2,0,0,0,0,0,1,1,1,1,1,0,0,3,0,-3,1.0
2023,RS,1,9,0,P004197   ,0.0,0.0,MCO,24,"OUATTARA, YAKUBA",DNP,0,0,0,0,0,0,0,0,0,0,0,0,0,0,0,0,0,0,0.0
2023,RS,1,9,0,P008099   ,0.0,0.0,MCO,32,"STRAZEL, MATTHEW",10:05,2,1,1,0,1,0,0,0,2,2,1,0,0,0,0,0,1,5,-17.0
2023,RS,1,9,0,P011196   ,0.0,0.0,MCO,45,"HALL, DONTA",10:06,0,0,2,0,0,0,0,1,1,2,0,0,3,0,1,3,0,-7,-11.0
2023,RS,1,9,0,P005985   ,1.0,1.0,MCO,55,"JAMES, MIKE",33:34,21,4,8,3,9,4,6,2,5,7,7,3,0,0,2,1,6,29,6.0
2023,RS,1,9,0,Team,0.0,0.0,MCO,,Team,,0,0,0,0,0,0,0,3,1,4,0,0,1,0,0,0,0,3,
2023,RS,1,9,0,Total,,,MCO,,Total,200:00,65,15,33,8,24,11,15,11,18,29,13,12,16,2,4,20,22,65,
2023,RS,2,10,1,P012720   ,1.0,0.0,BER,0,"BROWN, STERLING",20:47,5,1,5,1,5,0,0,0,1,1,1,0,2,0,0,1,0,-4,-13.0
2023,RS,2,10,1,P008384   ,0.0,1.0,BER,1,"PROCIDA, GABRIELE",19:28,12,1,3,2,7,4,4,0,1,1,1,3,1,0,1,3,2,7,8.0
2023,RS,2,10,1,P008173   ,0.0,1.0,BER,3,"SPAGNOLO, MATTEO",22:57,12,6,7,0,0,0,0,0,0,0,2,0,4,0,0,2,0,7,3.0
2023,RS,2,10,1,P008211   ,0.0,0.0,BER,6,"DELOW, MALTE",11:51,5,0,0,1,2,2,2,0,1,1,1,0,0,0,0,1,3,8,7.0
2023,RS,2,10,1,P007025   ,0.0,0.0,BER,9,"MATTISSECK, JONAS",DNP,0,0,0,0,0,0,0,0,0,0,0,0,0,0,0,0,0,0,0.0
2023,RS,2,10,1,P006251   ,0.0,0.0,BER,10,"SCHNEIDER, TIM",17:19,17,5,5,2,5,1,2,1,1,2,0,2,0,0,0,2,1,16,6.0
2023,RS,2,10,1,P008967   ,0.0,1.0,BER,11,"THOMAS, MATT",23:52,5,1,4,1,5,0,0,2,3,5,6,1,3,0,0,3,1,5,-9.0
2023,RS,2,10,1,P006819   ,1.0,0.0,BER,16,"NIKIC, KRESIMIR",04:02,2,1,1,0,0,0,0,2,0,2,0,1,0,0,0,0,0,5,-3.0
2023,RS,2,10,1,P007550   ,1.0,0.0,BER,18,"SAMAR, ZIGA",17:03,0,0,3,0,0,0,0,1,1,2,5,1,2,0,0,2,1,2,-8.0
2023,RS,2,10,1,P006919   ,1.0,1.0,BER,19,"OLINDE, LOUIS",23:58,11,3,4,0,2,5,5,1,2,3,2,1,1,1,1,4,4,13,-12.0
2023,RS,2,10,1,P003958   ,1.0,1.0,BER,32,"THIEMANN, JOHANNES",24:46,13,4,6,1,2,2,2,1,9,10,1,1,2,0,0,0,2,22,-7.0
2023,RS,2,10,1,P012721   ,0.0,0.0,BER,34,"BEAN, JUSTIN",13:57,4,1,1,0,0,2,2,2,1,3,0,2,1,1,0,1,3,11,3.0
2023,RS,2,10,1,Team,0.0,0.0,BER,,Team,,0,0,0,0,0,0,0,0,1,1,0,0,0,0,0,0,0,1,
2023,RS,2,10,1,Total,,,BER,,Total,200:00,86,23,39,8,28,16,17,10,21,31,19,12,16,2,2,19,17,93,
2023,RS,2,10,0,P011948   ,1.0,0.0,BAS,0,"HOWARD, MARKUS",20:57,5,1,1,1,7,0,0,0,2,2,5,1,5,0,0,4,2,0,-4.0
2023,RS,2,10,0,P011064   ,0.0,0.0,BAS,1,"MANNION, NICCOLO",16:11,8,1,1,2,4,0,0,0,2,2,4,0,1,0,0,0,0,11,2.0
2023,RS,2,10,0,P008850   ,0.0,0.0,BAS,2,"RAIESTE, SANDER",DNP,0,0,0,0,0,0,0,0,0,0,0,0,0,0,0,0,0,0,0.0
2023,RS,2,10,0,P007230   ,1.0,1.0,BAS,8,"SEDEKERSKIS, TADAS",28:57,11,4,8,1,1,0,0,7,6,13,2,3,2,0,1,1,0,21,11.0
2023,RS,2,10,0,P004761   ,0.0,1.0,BAS,9,"MARINKOVIC, VANJA",22:35,9,0,1,2,5,3,4,2,2,4,0,1,0,0,0,1,4,12,4.0
2023,RS,2,10,0,P009048   ,1.0,1.0,BAS,10,"MILLER-MCINTYRE, CODI",26:51,17,3,4,3,7,2,3,0,1,1,1,1,4,0,0,2,3,11,2.0
2023,RS,2,10,0,P003198   ,0.0,0.0,BAS,11,"DIEZ, DANIEL",DNP,0,0,0,0,0,0,0,0,0,0,0,0,0,0,0,0,0,0,0.0
2023,RS,2,10,0,P011085   ,0.0,0.0,BAS,17,"ROGKAVOPOULOS, NIKOLAOS",04:51,3,0,0,1,2,0,0,0,0,0,0,0,0,1,0,0,0,3,1.0
2023,RS,2,10,0,P008072   ,1.0,0.0,BAS,18,"DIOP, KHALIFA",14:19,7,2,4,0,0,3,4,1,1,2,1,0,2,0,0,4,3,4,15.0
2023,RS,2,10,0,P004603   ,0.0,0.0,BAS,21,"KOTSAR, MAIK",18:11,6,3,4,0,0,0,0,0,1,1,3,1,2,0,0,0,0,8,-6.0
2023,RS,2,10,0,P010444   ,1.0,1.0,BAS,24,"COSTELLO, MATTHEW",24:31,10,2,4,2,6,0,2,2,4,6,1,0,1,1,0,2,1,8,11.0
2023,RS,2,10,0,P012201   ,0.0,1.0,BAS,95,"MONEKE, CHIMA",22:37,15,5,8,0,1,5,6,0,4,4,2,1,2,0,1,3,6,17,-11.0
2023,RS,2,10,0,Team,0.0,0.0,BAS,,Team,,0,0,0,0,0,0,0,2,2,4,0,0,1,0,0,0,0,3,
2023,RS,2,10,0,Total,,,BAS,,Total,200:00,91,21,35,12,33,13,19,14,25,39,19,8,20,2,2,17,19,98,
2023,RS,2,11,1,P007200   ,1.0,0.0,IST,0,"LARKIN, SHANE",23:53,5,1,3,1,3,0,0,0,2,2,4,0,1,0,0,2,2,6,-47.0
2023,RS,2,11,1,P006590   ,0.0,0.0,IST,1,"BEAUBOIS, RODRIGUE",21:53,19,4,7,3,5,2,3,1,2,3,1,0,2,1,1,1,3,17,2.0
2023,RS,2,11,1,P012415   ,0.0,1.0,IST,9,"TUNCA, MELIH",01:31,0,0,1,0,0,0,0,0,0,0,0,2,1,0,0,0,0,0,0.0
2023,RS,2,11,1,P004888   ,1.0,0.0,IST,12,"CLYBURN, WILL",17:14,4,1,6,0,2,2,2,3,2,5,1,0,1,0,1,1,1,1,-30.0
2023,RS,2,11,1,P011078   ,1.0,0.0,IST,13,"THOMPSON, DARIUS",32:29,20,6,9,2,3,2,3,3,4,7,5,1,2,0,0,5,2,23,-10.0
2023,RS,2,11,1,PLHK      ,1.0,1.0,IST,21,"PLEISS, TIBOR",11:09,6,2,3,0,2,2,2,0,0,0,2,0,0,0,0,1,1,5,-14.0
2023,RS,2,11,1,P009513   ,0.0,1.0,IST,23,"HOLLATZ, JUSTUS",09:25,3,0,1,1,1,0,0,0,0,0,2,0,0,0,0,2,1,3,2.0
2023,RS,2,11,1,P012710   ,0.0,0.0,IST,24,"OSMANI, ERCAN",DNP,0,0,0,0,0,0,0,0,0,0,0,0,0,0,0,0,0,0,0.0
2023,RS,2,11,1,P006372   ,0.0,1.0,IST,33,"YILMAZ, ERKAN",22:31,0,0,1,0,4,0,0,2,3,5,4,3,1,0,0,3,1,4,5.0
2023,RS,2,11,1,P009664   ,0.0,1.0,IST,35,"WILLIS, DEREK",21:37,9,0,1,3,5,0,0,0,2,2,0,1,1,1,0,1,0,8,-5.0
2023,RS,2,11,1,P004554   ,0.0,0.0,IST,41,"ZIZIC, ANTE",23:08,9,4,8,0,0,1,3,4,3,7,0,0,1,0,0,2,2,9,0.0
2023,RS,2,11,1,P011981   ,1.0,0.0,IST,88,"JONES, TYRIQUE",15:10,5,2,4,0,0,1,2,0,1,1,0,0,0,0,1,2,2,2,-18.0
2023,RS,2,11,1,Team,0.0,0.0,IST,,Team,,0,0,0,0,0,0,0,0,0,0,0,0,0,0,0,0,0,0,
2023,RS,2,11,1,Total,,,IST,,Total,200:00,80,20,44,10,25,10,15,13,19,32,19,7,10,2,3,20,15,78,
2023,RS,2,11,0,P001392   ,1.0,0.0,MAD,1,"CAUSEUR, FABIEN",26:08,18,2,2,4,7,2,2,2,2,4,1,0,1,0,0,2,2,19,32.0
2023,RS,2,11,0,P003733   ,0.0,0.0,MAD,6,"ABALDE, ALBERTO",DNP,0,0,0,0,0,0,0,0,0,0,0,0,0,0,0,0,0,0,0.0
2023,RS,2,11,0,P005928   ,1.0,0.0,MAD,7,"CAMPAZZO, FACUNDO",26:35,15,2,6,2,4,5,5,0,6,6,10,0,2,0,0,1,2,24,40.0
2023,RS,2,11,0,P003108   ,0.0,1.0,MAD,11,"HEZONJA, MARIO",22:16,14,3,7,2,5,2,2,2,6,8,0,1,0,0,2,2,1,13,5.0
2023,RS,2,11,0,PCVM      ,0.0,0.0,MAD,13,"RODRIGUEZ, SERGIO",11:26,2,0,0,0,4,2,2,0,2,2,2,0,3,0,0,1,1,-1,-19.0
2023,RS,2,11,0,P009005   ,0.0,1.0,MAD,14,"DECK, GABRIEL",13:41,2,1,2,0,0,0,0,1,1,2,1,0,0,0,0,1,0,3,3.0
2023,RS,2,11,0,P004887   ,0.0,0.0,MAD,17,"POIRIER, VINCENT",19:02,12,5,5,0,0,2,4,1,2,3,0,0,0,0,0,2,3,14,0.0
2023,RS,2,11,0,P005791   ,1.0,0.0,MAD,22,"TAVARES, WALTER",17:27,5,1,3,0,0,3,4,1,0,1,2,0,1,2,0,2,4,8,19.0
2023,RS,2,11,0,PTGB      ,0.0,1.0,MAD,23,"LLULL, SERGIO",13:52,3,0,0,1,2,0,0,0,0,0,1,0,0,0,0,3,0,0,-9.0
2023,RS,2,11,0,P010357   ,1.0,0.0,MAD,28,"YABUSELE, GUERSCHON",26:18,22,3,4,3,3,7,7,2,6,8,4,2,0,0,0,0,4,39,20.0
2023,RS,2,11,0,P009213   ,0.0,1.0,MAD,30,"NDIAYE, ELI",01:31,0,0,0,0,0,0,0,0,1,1,0,0,0,0,0,0,0,1,2.0
2023,RS,2,11,0,P006540   ,1.0,1.0,MAD,31,"MUSA, DZANAN",21:44,10,4,5,0,4,2,2,1,2,3,1,0,2,1,0,2,3,9,22.0
2023,RS,2,11,0,Team,0.0,0.0,MAD,,Team,,0,0,0,0,0,0,0,0,0,0,0,0,0,0,0,0,0,0,
2023,RS,2,11,0,Total,,,MAD,,Total,200:00,103,21,34,12,29,25,28,10,28,38,22,3,9,3,2,16,20,129,
2023,RS,2,12,1,P007032   ,1.0,0.0,MIL,0,"LO, MAODO",20:09,6,1,1,1,5,1,2,0,0,0,1,0,1,0,0,2,1,0,-5.0
2023,RS,2,12,1,P009960   ,0.0,0.0,MIL,2,"POYTHRESS, ALEX",13:23,7,3,6,0,0,1,2,1,1,2,0,1,1,0,2,4,3,2,8.0
2023,RS,2,12,1,P006433   ,0.0,1.0,MIL,5,"PANGOS, KEVIN",19:49,4,0,2,1,5,1,1,0,0,0,6,0,3,0,0,4,5,2,-1.0
2023,RS,2,12,1,P006509   ,0.0,0.0,MIL,7,"TONUT, STEFANO",06:37,2,1,1,0,1,0,1,0,2,2,0,1,1,0,0,1,1,2,-5.0
2023,RS,2,12,1,P002849   ,1.0,1.0,MIL,9,"MELLI, NICOLO",23:40,5,1,1,1,1,0,0,2,1,3,1,1,2,0,0,4,0,4,-9.0
2023,RS,2,12,1,P001518   ,0.0,0.0,MIL,17,"RICCI, GIAMPAOLO",05:27,0,0,0,0,1,0,0,0,1,1,0,0,0,0,0,1,1,0,-2.0
2023,RS,2,12,1,P005670   ,0.0,0.0,MIL,21,"FLACCADORI, DIEGO",DNP,0,0,0,0,0,0,0,0,0,0,0,0,0,0,0,0,0,0,0.0
2023,RS,2,12,1,P011205   ,0.0,0.0,MIL,22,"HALL, DEVON",09:59,0,0,1,0,0,0,0,0,0,0,2,0,0,0,0,0,1,2,0.0
2023,RS,2,12,1,P007831   ,1.0,1.0,MIL,31,"SHIELDS, SHAVON",33:31,22,5,7,4,6,0,0,0,5,5,8,0,2,0,0,1,2,30,-12.0
2023,RS,2,12,1,P000796   ,1.0,1.0,MIL,33,"MIROTIC, NIKOLA",31:13,24,3,5,4,7,6,7,3,1,4,3,2,2,0,0,3,4,26,-6.0
2023,RS,2,12,1,P002812   ,0.0,0.0,MIL,42,"HINES, KYLE",05:32,2,1,1,0,0,0,0,0,0,0,0,2,1,1,0,1,0,3,-6.0
2023,RS,2,12,1,P007201   ,1.0,1.0,MIL,77,"VOIGTMANN, JOHANNES",30:40,18,7,9,1,4,1,2,2,4,6,4,0,4,0,0,2,2,18,-2.0
2023,RS,2,12,1,Team,0.0,0.0,MIL,,Team,,0,0,0,0,0,0,0,2,2,4,0,0,1,0,0,0,0,3,
2023,RS,2,12,1,Total,,,MIL,,Total,200:00,90,22,34,12,30,10,15,10,17,27,25,7,18,1,2,23,20,92,
2023,RS,2,12,0,P012744   ,1.0,1.0,TEL,1,"CLEVELAND, ANTONIUS",22:55,15,5,6,0,0,5,6,0,0,0,0,2,1,0,0,4,5,15,7.0
2023,RS,2,12,0,P011971   ,1.0,1.0,TEL,3,"WEBB III, JAMES",24:48,6,1,1,1,4,1,2,0,5,5,0,1,0,0,0,1,2,9,11.0
2023,RS,2,12,0,P009622   ,1.0,0.0,TEL,4,"BROWN, LORENZO",30:34,20,2,6,4,8,4,4,1,2,3,12,0,4,0,0,2,3,24,6.0
2023,RS,2,12,0,P004233   ,0.0,1.0,TEL,8,"MENCO, RAFI",08:29,0,0,0,0,2,0,0,0,1,1,0,0,1,0,0,2,1,-3,5.0
2023,RS,2,12,0,P011219   ,0.0,0.0,TEL,9,"SORKIN, ROMAN",06:07,0,0,1,0,1,0,0,0,2,2,0,0,2,0,0,4,0,-6,-2.0
2023,RS,2,12,0,P007990   ,0.0,0.0,TEL,12,"DIBARTOLOMEO, JOHN",02:21,0,0,0,0,1,0,0,0,0,0,0,0,1,0,0,0,0,-2,-3.0
2023,RS,2,12,0,P011214   ,0.0,0.0,TEL,14,"RIVERO, JASIEL",19:25,21,8,9,0,0,5,8,2,2,4,1,2,1,0,0,2,5,26,12.0
2023,RS,2,12,0,P005145   ,0.0,0.0,TEL,15,"COHEN, JAKE",11:16,2,1,2,0,1,0,0,0,1,1,0,1,0,0,0,0,1,3,-10.0
2023,RS,2,12,0,P011199   ,1.0,1.0,TEL,32,"NEBO, JOSH",23:02,14,6,7,0,0,2,2,3,3,6,1,0,0,2,0,0,2,24,3.0
2023,RS,2,12,0,P011193   ,0.0,0.0,TEL,45,"BLATT, TAMIR",19:48,4,0,1,1,3,1,2,0,0,0,7,2,3,0,0,3,1,4,5.0
2023,RS,2,12,0,P009783   ,1.0,1.0,TEL,50,"COLSON, BONZIE",31:15,16,7,12,0,0,2,2,2,4,6,1,2,0,0,1,2,3,20,6.0
2023,RS,2,12,0,Team,0.0,0.0,TEL,,Team,,0,0,0,0,0,0,0,6,0,6,0,0,1,0,0,0,0,5,
2023,RS,2,12,0,Total,,,TEL,,Total,200:00,98,30,45,6,20,20,26,14,20,34,22,10,14,2,1,20,23,119,
2023,RS,2,13,1,P011209   ,0.0,0.0,PAN,0,"KALAITZAKIS, PANAGIOTIS",DNP,0,0,0,0,0,0,0,0,0,0,0,0,0,0,0,0,0,0,0.0
2023,RS,2,13,1,P007947   ,1.0,0.0,PAN,2,"VILDOZA, LUCA",29:49,8,3,4,0,5,2,2,0,4,4,5,2,4,0,0,1,1,9,3.0
2023,RS,2,13,1,P011826   ,0.0,0.0,PAN,3,"GUY, KYLE",06:28,0,0,0,0,2,0,0,0,0,0,0,0,1,0,0,3,0,-6,2.0
2023,RS,2,13,1,P006544   ,0.0,0.0,PAN,6,"MORAITIS, DIMITRIS",01:28,0,0,0,0,0,0,0,0,0,0,1,0,1,0,0,0,0,0,-2.0
2023,RS,2,13,1,P007553   ,0.0,0.0,PAN,8,"BALCEROWSKI, ALEKSANDER",05:42,2,0,1,0,1,2,2,0,0,0,0,1,0,0,0,0,1,2,-4.0
2023,RS,2,13,1,P005161   ,0.0,1.0,PAN,21,"PAPAPETROU, IOANNIS",24:18,8,2,3,1,2,1,2,0,4,4,0,1,0,1,1,3,3,10,-2.0
2023,RS,2,13,1,P011204   ,1.0,1.0,PAN,22,"GRANT, JERIAN",33:32,14,2,5,2,2,4,4,0,3,3,4,1,3,0,1,2,3,16,9.0
2023,RS,2,13,1,P003842   ,1.0,1.0,PAN,26,"LESSORT, MATHIAS",33:27,16,7,10,0,0,2,3,3,3,6,2,0,2,1,1,2,4,20,8.0
2023,RS,2,13,1,P011221   ,0.0,0.0,PAN,37,"ANTETOKOUNMPO, KOSTAS",01:07,0,0,0,0,0,0,0,0,0,0,0,0,0,0,0,0,0,0,-1.0
2023,RS,2,13,1,P002328   ,1.0,1.0,PAN,40,"GRIGONIS, MARIUS",23:41,11,2,3,1,6,4,4,1,2,3,0,1,0,0,0,2,6,13,15.0
2023,RS,2,13,1,P012712   ,1.0,1.0,PAN,41,"HERNANGOMEZ, JUANCHO",25:07,10,1,1,2,3,2,2,0,6,6,0,0,3,0,0,2,2,12,9.0
2023,RS,2,13,1,P008084   ,0.0,0.0,PAN,72,"MANTZOUKAS, ELEFTHERIOS",15:21,9,0,1,3,3,0,0,1,0,1,0,0,0,0,0,1,0,8,-2.0
2023,RS,2,13,1,Team,0.0,0.0,PAN,,Team,,0,0,0,0,0,0,0,1,4,5,0,0,0,0,0,0,0,5,
2023,RS,2,13,1,Total,,,PAN,,Total,200:00,78,17,28,9,24,17,19,6,26,32,12,6,14,2,3,16,20,89,
2023,RS,2,13,0,P010391   ,0.0,0.0,MUN,0,"WEILER-BABB, NICK",13:21,2,0,1,0,0,2,2,2,0,2,0,0,0,0,0,3,1,1,-5.0
2023,RS,2,13,0,P007975   ,0.0,0.0,MUN,1,"FRANCISCO, SYLVAIN",18:54,8,1,3,2,4,0,0,0,1,1,1,1,2,0,1,0,2,6,-3.0
2023,RS,2,13,0,P011987   ,0.0,0.0,MUN,3,"EDWARDS, CARSEN",16:07,0,0,4,0,3,0,0,0,1,1,0,0,3,0,1,4,3,-11,-9.0
2023,RS,2,13,0,P001557   ,0.0,0.0,MUN,7,"GIFFEY, NIELS",19:14,7,2,3,1,4,0,0,2,2,4,0,0,0,0,0,3,0,4,7.0
2023,RS,2,13,0,P006760   ,1.0,1.0,MUN,9,"BONGA, ISAAC",29:15,10,2,4,1,4,3,3,1,5,6,2,2,1,0,0,2,4,16,-7.0
2023,RS,2,13,0,P008985   ,1.0,1.0,MUN,10,"BOLMARO, LEANDRO",27:23,19,9,12,0,3,1,1,1,2,3,2,3,0,0,0,1,4,24,6.0
2023,RS,2,13,0,P004508   ,1.0,1.0,MUN,13,"OBST, ANDREAS",17:53,7,2,3,1,5,0,0,0,3,3,1,1,0,0,0,1,1,7,-3.0
2023,RS,2,13,0,P003583   ,1.0,1.0,MUN,14,"IBAKA, SERGE",19:57,7,2,4,1,2,0,0,2,4,6,2,0,0,3,0,3,0,12,-4.0
2023,RS,2,13,0,P005478   ,0.0,0.0,MUN,17,"WIMBERG, NIKLAS",DNP,0,0,0,0,0,0,0,0,0,0,0,0,0,0,0,0,0,0,0.0
2023,RS,2,13,0,P007639   ,0.0,0.0,MUN,22,"BRANKOVIC, DANKO",DNP,0,0,0,0,0,0,0,0,0,0,0,0,0,0,0,0,0,0,0.0
2023,RS,2,13,0,P007056   ,1.0,1.0,MUN,31,"BOOKER, DEVIN",30:17,11,5,10,0,2,1,1,6,1,7,2,0,3,0,0,2,1,9,-11.0
2023,RS,2,13,0,P011941   ,0.0,0.0,MUN,33,"GILLESPIE, FREDDIE",07:39,0,0,0,0,0,0,0,0,1,1,1,0,0,0,0,1,0,1,-6.0
2023,RS,2,13,0,Team,0.0,0.0,MUN,,Team,,0,0,0,0,0,0,0,0,0,0,0,0,1,0,0,0,0,-1,
2023,RS,2,13,0,Total,,,MUN,,Total,200:00,71,23,44,6,27,7,7,14,20,34,11,7,10,3,2,20,16,68,
2023,RS,2,14,1,P012729   ,1.0,1.0,ASV,0,"SCOTT, MIKE",28:03,9,4,6,0,4,1,1,2,0,2,1,0,2,0,1,1,1,3,-26.0
2023,RS,2,14,1,P011225   ,1.0,1.0,ASV,3,"LEE, PARIS",27:03,6,3,4,0,5,0,0,0,2,2,3,1,1,0,0,2,2,5,-21.0
2023,RS,2,14,1,PKIR      ,0.0,0.0,ASV,5,"KAHUDI, CHARLES",12:20,3,0,3,1,2,0,0,0,3,3,0,0,0,0,1,2,1,0,-1.0
2023,RS,2,14,1,P004194   ,0.0,1.0,ASV,7,"LAUVERGNE, JOFFREY",20:11,3,0,7,1,2,0,0,4,1,5,1,1,1,0,2,4,3,-2,-19.0
2023,RS,2,14,1,P012080   ,1.0,0.0,ASV,9,"LUWAWU-CABARROT, TIMOTHE",31:15,10,3,5,0,4,4,4,1,4,5,1,1,1,0,0,2,3,11,-18.0
2023,RS,2,14,1,P000229   ,0.0,1.0,ASV,11,"JACKSON, EDWIN",12:44,5,1,1,0,2,3,3,0,2,2,1,0,1,0,0,1,2,6,2.0
2023,RS,2,14,1,P002100   ,0.0,0.0,ASV,12,"DE COLO, NANDO",19:19,4,1,3,0,2,2,2,1,4,5,1,0,5,0,1,0,4,4,-12.0
2023,RS,2,14,1,P012730   ,1.0,0.0,ASV,15,"EGBUNU, JOHN",19:26,6,3,3,0,0,0,0,2,1,3,0,0,0,0,0,2,0,7,-6.0
2023,RS,2,14,1,P006568   ,0.0,0.0,ASV,19,"FALL, YOUSSOUPHA",DNP,0,0,0,0,0,0,0,0,0,0,0,0,0,0,0,0,0,0,0.0
2023,RS,2,14,1,P012731   ,0.0,1.0,ASV,24,"NDIAYE, MBAYE",08:04,0,0,0,0,1,0,0,0,2,2,1,0,0,0,0,0,0,2,-1.0
2023,RS,2,14,1,P011386   ,0.0,0.0,ASV,31,"NOAM, YAACOV",DNP,0,0,0,0,0,0,0,0,0,0,0,0,0,0,0,0,0,0,0.0
2023,RS,2,14,1,P012732   ,1.0,0.0,ASV,33,"JACKSON, FRANK",21:35,16,4,7,2,5,2,2,1,2,3,0,1,2,0,1,3,3,11,-28.0
2023,RS,2,14,1,Team,0.0,0.0,ASV,,Team,,0,0,0,0,0,0,0,3,0,3,0,0,1,0,0,0,0,2,
2023,RS,2,14,1,Total,,,ASV,,Total,200:00,62,19,39,4,27,12,12,14,21,35,9,4,14,0,6,17,19,49,
2023,RS,2,14,0,P008987   ,1.0,1.0,PAR,2,"LEDAY, ZACH",27:59,13,3,3,1,1,4,5,2,5,7,2,1,0,2,0,0,3,27,26.0
2023,RS,2,14,0,P003983   ,1.0,1.0,PAR,4,"AVRAMOVIC, ALEKSA",22:52,4,2,4,0,2,0,0,1,2,3,3,1,2,0,0,1,0,4,23.0
2023,RS,2,14,0,P011050   ,0.0,0.0,PAR,5,"KOPRIVICA, BALSA",08:37,4,2,4,0,0,0,0,1,2,3,0,1,0,3,0,1,0,8,1.0
2023,RS,2,14,0,P009862   ,1.0,1.0,PAR,7,"PUNTER, KEVIN",22:51,11,3,6,0,3,5,5,0,3,3,3,2,2,1,0,4,2,10,9.0
2023,RS,2,14,0,P011051   ,0.0,1.0,PAR,9,"SMAILAGIC, ALEN",15:17,12,5,5,0,1,2,2,1,3,4,1,1,1,0,0,3,3,16,15.0
2023,RS,2,14,0,P007400   ,1.0,0.0,PAR,21,"NUNNALLY, JAMES",32:07,17,4,5,2,4,3,3,0,5,5,6,1,2,0,0,1,3,26,22.0
2023,RS,2,14,0,P007673   ,0.0,0.0,PAR,32,"TRIFUNOVIC, UROS",13:55,3,0,1,1,1,0,0,0,1,1,1,0,1,0,0,1,0,2,3.0
2023,RS,2,14,0,P000956   ,0.0,1.0,PAR,33,"ANDJUSIC, DANILO",15:43,8,2,4,0,3,4,4,1,1,2,0,1,1,0,0,1,2,6,16.0
2023,RS,2,14,0,P012742   ,0.0,0.0,PAR,35,"DOZIER JR, PERRY",15:28,6,2,3,0,4,2,2,0,2,2,0,2,0,0,0,3,1,3,6.0
2023,RS,2,14,0,P004172   ,0.0,0.0,PAR,37,"PONITKA, MATEUSZ",09:05,2,1,1,0,0,0,0,0,0,0,0,0,0,0,0,0,0,2,-1.0
2023,RS,2,14,0,P012743   ,1.0,0.0,PAR,44,"KAMINSKY, FRANK",16:06,8,4,5,0,0,0,0,2,2,4,2,1,0,0,0,4,2,12,10.0
2023,RS,2,14,0,Team,0.0,0.0,PAR,,Team,,0,0,0,0,0,0,0,0,2,2,0,0,1,0,0,0,0,1,
2023,RS,2,14,0,Total,,,PAR,,Total,200:00,88,28,41,4,19,20,21,8,28,36,18,11,10,6,0,19,16,117,
2023,RS,2,15,1,P011212   ,0.0,0.0,MCO,2,"OKOBO, ELIE",27:38,0,0,5,0,3,0,0,0,2,2,2,1,1,0,0,2,1,-5,-20.0
2023,RS,2,15,1,P011231   ,0.0,1.0,MCO,4,"BLOSSOMGAME, JARON",17:11,2,1,3,0,2,0,0,3,1,4,0,0,0,1,0,0,1,4,-11.0
2023,RS,2,15,1,P010588   ,1.0,0.0,MCO,10,"BROWN, JOHN",14:17,0,0,2,0,0,0,0,1,2,3,0,0,0,0,0,4,1,-2,-9.0
2023,RS,2,15,1,P011226   ,1.0,0.0,MCO,11,"DIALLO, ALPHA",20:12,6,3,6,0,1,0,0,0,1,1,0,0,2,0,0,3,1,-1,-12.0
2023,RS,2,15,1,P004790   ,0.0,1.0,MCO,12,"CORNELIE, PETR",18:32,7,2,4,1,4,0,0,3,3,6,0,0,0,0,0,3,0,5,-6.0
2023,RS,2,15,1,P002581   ,0.0,0.0,MCO,14,"JAITEH, MAM",DNP,0,0,0,0,0,0,0,0,0,0,0,0,0,0,0,0,0,0,0.0
2023,RS,2,15,1,PLCZ      ,1.0,0.0,MCO,20,"MOTIEJUNAS, DONATAS",15:14,7,3,8,0,1,1,5,2,2,4,3,1,0,0,1,0,6,10,-13.0
2023,RS,2,15,1,P012515   ,0.0,0.0,MCO,22,"TARPEY, TERRY",06:27,2,0,0,0,0,2,2,0,0,0,1,1,0,0,0,0,2,6,-6.0
2023,RS,2,15,1,P004197   ,1.0,1.0,MCO,24,"OUATTARA, YAKUBA",18:30,5,2,3,0,1,1,1,2,1,3,0,0,1,0,0,2,1,4,-11.0
2023,RS,2,15,1,P008099   ,0.0,1.0,MCO,32,"STRAZEL, MATTHEW",17:22,9,2,2,1,5,2,2,0,0,0,0,1,0,0,0,3,3,6,-2.0
2023,RS,2,15,1,P011196   ,0.0,0.0,MCO,45,"HALL, DONTA",14:46,7,2,3,0,0,3,6,2,3,5,0,0,1,0,0,1,3,9,-9.0
2023,RS,2,15,1,P005985   ,1.0,1.0,MCO,55,"JAMES, MIKE",29:51,14,2,6,2,5,4,9,1,0,1,3,0,2,0,0,1,8,11,-21.0
2023,RS,2,15,1,Team,0.0,0.0,MCO,,Team,,0,0,0,0,0,0,0,3,3,6,0,0,1,0,0,0,0,5,
2023,RS,2,15,1,Total,,,MCO,,Total,200:00,59,17,42,4,22,13,25,17,18,35,9,4,8,1,1,19,27,52,
2023,RS,2,15,0,P009549   ,1.0,0.0,VIR,0,"CORDINIER, ISAIA",16:03,6,3,3,0,1,0,0,1,1,2,2,1,2,0,0,3,2,7,13.0
2023,RS,2,15,0,P010781   ,0.0,1.0,VIR,1,"LUNDBERG, IFFE",22:15,14,3,6,2,3,2,4,1,3,4,4,0,2,0,0,3,3,14,8.0
2023,RS,2,15,0,PBCN      ,1.0,0.0,VIR,3,"BELINELLI, MARCO",19:39,13,1,2,3,6,2,3,0,2,2,1,0,1,0,0,2,1,9,14.0
2023,RS,2,15,0,P006739   ,0.0,1.0,VIR,6,"PAJOLA, ALESSANDRO",10:55,2,1,2,0,1,0,0,1,1,2,1,0,0,0,1,3,0,-1,2.0
2023,RS,2,15,0,P011192   ,0.0,0.0,VIR,9,"SMITH, JALEEN",13:16,12,0,1,4,5,0,0,2,1,3,1,0,0,0,0,1,1,14,12.0
2023,RS,2,15,0,P004007   ,0.0,1.0,VIR,13,"DOBRIC, OGNJEN",20:47,9,1,1,2,3,1,2,0,3,3,2,1,2,0,0,2,2,11,13.0
2023,RS,2,15,0,P012714   ,0.0,1.0,VIR,15,"CACOK, DEVONTAE",05:38,0,0,1,0,0,0,0,0,1,1,0,0,0,0,0,2,0,-2,0.0
2023,RS,2,15,0,P001133   ,1.0,0.0,VIR,21,"SHENGELIA, TORNIKE",25:58,12,2,4,2,5,2,2,2,3,5,4,1,1,0,0,2,4,18,19.0
2023,RS,2,15,0,P001844   ,1.0,0.0,VIR,23,"HACKETT, DANIEL",17:31,8,0,1,2,5,2,2,0,2,2,0,0,1,0,0,5,5,5,12.0
2023,RS,2,15,0,P008847   ,0.0,0.0,VIR,25,"MICKEY, JORDAN",20:51,5,1,5,1,2,0,0,1,7,8,0,0,3,1,0,1,0,5,12.0
2023,RS,2,15,0,P003048   ,1.0,0.0,VIR,42,"DUNSTON, BRYANT",23:42,2,1,4,0,0,0,0,5,3,8,3,0,1,0,0,3,1,7,18.0
2023,RS,2,15,0,P003527   ,0.0,1.0,VIR,55,"ABASS, AWUDU",03:25,0,0,0,0,0,0,0,0,0,0,0,1,0,0,0,0,0,1,-3.0
2023,RS,2,15,0,Team,0.0,0.0,VIR,,Team,,0,0,0,0,0,0,0,2,4,6,0,0,1,0,0,0,0,5,
2023,RS,2,15,0,Total,,,VIR,,Total,200:00,83,13,30,16,31,9,13,15,31,46,18,4,14,1,1,27,19,93,
2023,RS,2,16,1,P008855   ,1.0,1.0,OLY,0,"WALKUP, THOMAS",35:35,14,4,9,2,5,0,0,2,1,3,2,0,5,0,1,1,1,5,-13.0
2023,RS,2,16,1,P010612   ,1.0,1.0,OLY,3,"CANAAN, ISAIAH",17:38,9,2,4,1,3,2,2,1,0,1,0,2,2,0,0,4,2,4,-10.0
2023,RS,2,16,1,P006302   ,0.0,0.0,OLY,4,"LOUNTZIS, MICHALIS",08:31,3,0,0,1,3,0,0,0,2,2,2,0,0,0,0,1,0,4,5.0
2023,RS,2,16,1,P010392   ,0.0,0.0,OLY,5,"LARENTZAKIS, GIANNOULIS",18:11,5,1,2,1,7,0,0,0,0,0,3,0,1,0,0,2,2,0,1.0
2023,RS,2,16,1,P012023   ,0.0,0.0,OLY,9,"PAPAS, GEORGE",DNP,0,0,0,0,0,0,0,0,0,0,0,0,0,0,0,0,0,0,0.0
2023,RS,2,16,1,P008811   ,0.0,0.0,OLY,10,"FALL, MOUSTAPHA",12:48,4,2,2,0,0,0,0,0,1,1,2,0,1,0,0,2,0,4,1.0
2023,RS,2,16,1,P001255   ,1.0,1.0,OLY,16,"PAPANIKOLAOU, KOSTAS",29:38,7,3,6,0,2,1,1,0,4,4,3,4,2,1,1,2,3,12,-12.0
2023,RS,2,16,1,P011983   ,0.0,0.0,OLY,17,"BRAZDEIKIS, IGNAS",18:16,5,2,3,0,0,1,2,0,1,1,0,1,0,0,1,2,2,4,0.0
2023,RS,2,16,1,P008829   ,1.0,1.0,OLY,25,"PETERS, ALEC",32:13,11,2,3,2,5,1,1,1,3,4,3,2,1,0,0,2,1,14,-7.0
2023,RS,2,16,1,P003941   ,1.0,1.0,OLY,33,"MILUTINOV, NIKOLA",27:10,10,5,9,0,0,0,1,1,3,4,2,2,0,1,0,0,4,18,-10.0
2023,RS,2,16,1,P010631   ,0.0,0.0,OLY,50,"TANOULIS, GEORGIOS",DNP,0,0,0,0,0,0,0,0,0,0,0,0,0,0,0,0,0,0,0.0
2023,RS,2,16,1,P012298   ,0.0,0.0,OLY,81,"ABOSI, VENIAMIN",DNP,0,0,0,0,0,0,0,0,0,0,0,0,0,0,0,0,0,0,0.0
2023,RS,2,16,1,Team,0.0,0.0,OLY,,Team,,0,0,0,0,0,0,0,5,1,6,0,0,0,0,0,0,0,6,
2023,RS,2,16,1,Total,,,OLY,,Total,200:00,68,21,38,7,25,5,7,10,16,26,17,11,12,2,3,16,15,71,
2023,RS,2,16,0,P011244   ,1.0,0.0,BAR,1,"DA SILVA, OSCAR",20:42,7,3,4,0,0,1,2,2,1,3,1,0,2,1,0,1,1,8,-3.0
2023,RS,2,16,0,P000925   ,1.0,1.0,BAR,6,"VESELY, JAN",22:15,8,3,8,0,0,2,2,2,2,4,3,4,1,2,1,3,3,14,14.0
2023,RS,2,16,0,P009992   ,0.0,0.0,BAR,8,"BRIZUELA, DARIO",02:45,0,0,0,0,0,0,0,0,0,0,1,0,0,0,0,0,0,1,-2.0
2023,RS,2,16,0,P004866   ,1.0,1.0,BAR,10,"KALINIC, NIKOLA",26:56,8,1,2,2,3,0,0,0,6,6,1,3,2,0,0,1,0,13,10.0
2023,RS,2,16,0,P002939   ,1.0,1.0,BAR,13,"SATORANSKY, TOMAS",20:16,5,0,1,1,3,2,2,0,1,1,2,0,2,0,1,2,2,2,8.0
2023,RS,2,16,0,P003196   ,0.0,0.0,BAR,14,"HERNANGOMEZ, WILLY",17:41,0,0,2,0,1,0,0,0,7,7,0,0,2,0,0,2,1,1,-5.0
2023,RS,2,16,0,P006435   ,1.0,1.0,BAR,20,"LAPROVITTOLA, NICOLAS",28:00,17,4,4,3,5,0,0,0,0,0,7,0,3,0,0,0,3,22,8.0
2023,RS,2,16,0,P003478   ,0.0,1.0,BAR,21,"ABRINES, ALEX",14:59,16,0,0,5,7,1,2,0,2,2,1,0,2,0,0,3,3,14,15.0
2023,RS,2,16,0,P012745   ,0.0,0.0,BAR,22,"PARKER, JABARI",13:24,3,0,0,1,2,0,0,0,1,1,0,0,0,0,0,1,0,2,-2.0
2023,RS,2,16,0,P010641   ,0.0,0.0,BAR,23,"NNAJI, JAMES",00:04,0,0,0,0,0,0,0,0,0,0,0,0,0,0,0,0,0,0,0.0
2023,RS,2,16,0,P007519   ,0.0,0.0,BAR,31,"JOKUBAITIS, ROKAS",20:44,10,1,1,2,4,2,2,0,2,2,4,0,2,0,0,0,2,14,0.0
2023,RS,2,16,0,P007464   ,0.0,0.0,BAR,44,"PARRA, JOEL",12:14,3,0,1,1,1,0,0,1,0,1,0,0,1,0,0,2,1,1,2.0
2023,RS,2,16,0,Team,0.0,0.0,BAR,,Team,,0,0,0,0,0,0,0,2,3,5,0,0,1,0,0,0,0,4,
2023,RS,2,16,0,Total,,,BAR,,Total,200:00,77,12,23,15,26,8,10,7,25,32,20,7,18,3,2,15,16,96,
2023,RS,2,17,1,P000556   ,0.0,1.0,PAM,1,"CLAVER, VICTOR",16:41,4,2,3,0,0,0,0,0,4,4,1,0,0,0,0,0,0,8,3.0
2023,RS,2,17,1,P006643   ,0.0,0.0,PAM,2,"PUERTO, JOSEP",12:04,1,0,3,0,0,1,2,1,3,4,1,0,3,0,2,2,2,-3,0.0
2023,RS,2,17,1,P012738   ,1.0,1.0,PAM,3,"REUVERS, NATHAN",16:44,5,1,1,1,4,0,0,0,5,5,0,0,0,0,0,2,0,5,2.0
2023,RS,2,17,1,P010393   ,0.0,0.0,PAM,4,"PRADILLA, JAIME",05:22,2,1,1,0,0,0,0,0,0,0,1,0,1,0,0,1,1,2,-7.0
2023,RS,2,17,1,P010568   ,1.0,0.0,PAM,7,"JONES, CHRIS",27:16,11,5,10,0,2,1,2,2,1,3,7,2,2,1,1,1,2,14,0.0
2023,RS,2,17,1,P009101   ,0.0,0.0,PAM,8,"FERRANDO, GUILLEM",09:58,2,0,0,0,1,2,2,0,1,1,1,0,0,0,0,1,1,3,-1.0
2023,RS,2,17,1,P003960   ,0.0,1.0,PAM,10,"INGLIS, DAMIEN",20:37,10,4,7,0,0,2,3,1,4,5,0,0,1,0,1,2,4,11,8.0
2023,RS,2,17,1,P004863   ,0.0,0.0,PAM,16,"JOVIC, STEFAN",05:31,5,1,1,1,1,0,0,0,0,0,1,1,0,0,0,1,2,8,8.0
2023,RS,2,17,1,P012739   ,1.0,0.0,PAM,21,"TOURE, BOUBACAR",16:04,5,2,3,0,0,1,2,1,0,1,0,0,1,1,1,1,2,4,-7.0
2023,RS,2,17,1,P012740   ,1.0,0.0,PAM,30,"ROBERTSON, KASSIUS",24:32,6,0,4,2,4,0,2,2,2,4,2,0,1,0,1,2,1,1,-1.0
2023,RS,2,17,1,P007870   ,0.0,1.0,PAM,32,"DAVIES, BRANDON",21:17,18,7,13,0,0,4,4,3,0,3,3,1,1,0,0,4,7,21,10.0
2023,RS,2,17,1,P011982   ,1.0,1.0,PAM,37,"OJELEYE, SEMI",23:54,8,1,3,0,1,6,7,2,5,7,0,0,2,0,0,4,4,9,0.0
2023,RS,2,17,1,Team,0.0,0.0,PAM,,Team,,0,0,0,0,0,0,0,2,3,5,0,0,0,0,0,0,0,5,
2023,RS,2,17,1,Total,,,PAM,,Total,200:00,77,24,49,4,13,17,24,14,28,42,17,4,12,2,6,21,26,88,
2023,RS,2,17,0,P011157   ,0.0,0.0,ULK,0,"MOTLEY, JOHNATHAN",06:15,1,0,1,0,0,1,4,0,0,0,0,0,1,1,0,3,4,-2,-1.0
2023,RS,2,17,0,P006661   ,0.0,1.0,ULK,3,"WILBEKIN, SCOTTIE",21:22,14,2,3,3,6,1,3,0,2,2,2,1,0,0,1,2,5,15,-2.0
2023,RS,2,17,0,P002968   ,0.0,0.0,ULK,5,"SANLI, SERTAC",15:46,5,1,2,1,2,0,0,1,1,2,0,0,0,2,0,3,0,4,-1.0
2023,RS,2,17,0,P005844   ,1.0,0.0,ULK,9,"PAPAGIANNIS, GEORGIOS",22:48,8,4,5,0,0,0,0,2,1,3,1,0,0,2,0,2,0,11,-6.0
2023,RS,2,17,0,P002969   ,0.0,1.0,ULK,10,"MAHMUTOGLU, MELIH",00:04,0,0,0,0,0,0,0,0,0,0,0,0,0,0,0,0,0,0,-2.0
2023,RS,2,17,0,P008962   ,1.0,1.0,ULK,11,"HAYES-DAVIS, NIGEL",33:22,11,2,3,2,7,1,2,1,5,6,2,1,1,0,0,2,4,14,5.0
2023,RS,2,17,0,P010560   ,1.0,0.0,ULK,21,"PIERRE, DYSHAWN",14:28,0,0,2,0,4,0,0,3,2,5,1,1,0,0,0,1,0,0,-6.0
2023,RS,2,17,0,P004004   ,0.0,1.0,ULK,23,"GUDURIC, MARKO",21:25,6,2,5,0,6,2,2,1,2,3,1,0,1,0,0,0,1,1,-2.0
2023,RS,2,17,0,P009849   ,1.0,0.0,ULK,27,"DORSEY, TYLER",24:33,17,1,2,4,7,3,4,0,2,2,3,0,1,1,1,3,4,17,4.0
2023,RS,2,17,0,P001932   ,0.0,0.0,ULK,33,"CALATHES, NICK",04:05,0,0,0,0,0,0,0,0,1,1,0,0,2,0,0,2,0,-3,-6.0
2023,RS,2,17,0,P011052   ,1.0,0.0,ULK,41,"MADAR, YAM",22:02,10,2,3,1,4,3,4,1,0,1,3,3,2,0,0,5,3,8,2.0
2023,RS,2,17,0,P011980   ,0.0,1.0,ULK,77,"SESTINA, NATHAN",13:50,2,1,2,0,1,0,0,0,1,1,0,0,0,0,0,4,0,-3,0.0
2023,RS,2,17,0,Team,0.0,0.0,ULK,,Team,,0,0,0,0,0,0,0,3,3,6,0,0,1,0,0,0,0,5,
2023,RS,2,17,0,Total,,,ULK,,Total,200:00,74,15,28,11,37,11,19,12,20,32,13,6,9,6,2,27,21,67,
2023,RS,2,18,1,P011218   ,1.0,0.0,ZAL,2,"EVANS, KEENAN",25:18,8,1,3,1,3,3,6,1,0,1,5,1,2,0,0,2,5,9,5.0
2023,RS,2,18,1,P011965   ,0.0,0.0,ZAL,3,"MITROU-LONG, NAZ",11:21,3,0,1,1,4,0,0,0,1,1,1,1,1,0,0,2,1,0,-14.0
2023,RS,2,18,1,P003210   ,0.0,0.0,ZAL,4,"LEKAVICIUS, LUKAS",03:01,0,0,0,0,0,0,0,0,0,0,1,1,2,0,0,1,0,-1,3.0
2023,RS,2,18,1,P010390   ,1.0,1.0,ZAL,8,"HAYES, KEVARRIUS",22:21,8,4,4,0,0,0,0,1,4,5,0,1,0,4,0,2,1,17,2.0
2023,RS,2,18,1,P007513   ,0.0,0.0,ZAL,9,"GIEDRAITIS, DOVYDAS",01:45,0,0,0,0,0,0,0,0,0,0,0,0,0,0,0,0,0,0,-7.0
2023,RS,2,18,1,P007109   ,1.0,1.0,ZAL,10,"SMITS, ROLANDS",25:38,18,7,9,1,3,1,1,2,5,7,1,0,0,0,0,4,3,21,18.0
2023,RS,2,18,1,P005504   ,0.0,0.0,ZAL,15,"BIRUTIS, LAURYNAS",11:17,4,2,4,0,0,0,1,1,3,4,0,0,0,0,0,0,1,6,-9.0
2023,RS,2,18,1,P003211   ,1.0,1.0,ZAL,33,"DIMSA, TOMAS",29:12,2,1,2,0,4,0,0,0,0,0,3,1,1,0,0,4,2,-2,23.0
2023,RS,2,18,1,P006860   ,0.0,0.0,ZAL,35,"LAVRINOVICIUS, DANIELIUS",DNP,0,0,0,0,0,0,0,0,0,0,0,0,0,0,0,0,0,0,0.0
2023,RS,2,18,1,P012715   ,0.0,0.0,ZAL,45,"MANEK, BRADY",16:12,9,1,3,2,3,1,2,0,3,3,0,0,1,0,0,1,2,8,-2.0
2023,RS,2,18,1,P002676   ,0.0,1.0,ZAL,51,"BUTKEVICIUS, ARNAS",19:53,12,3,5,1,2,3,4,1,4,5,2,0,0,0,1,4,5,15,-7.0
2023,RS,2,18,1,P002329   ,1.0,1.0,ZAL,92,"ULANOVAS, EDGARAS",34:02,15,6,8,1,4,0,0,4,2,6,4,0,1,1,0,2,1,19,13.0
2023,RS,2,18,1,Team,0.0,0.0,ZAL,,Team,,0,0,0,0,0,0,0,0,2,2,0,0,0,0,0,0,0,2,
2023,RS,2,18,1,Total,,,ZAL,,Total,200:00,79,25,39,7,23,8,14,10,24,34,17,5,8,5,1,22,21,94,
2023,RS,2,18,0,PJDR      ,0.0,1.0,RED,4,"TEODOSIC, MILOS",25:28,15,2,4,3,7,2,2,1,3,4,4,1,2,0,0,2,3,17,2.0
2023,RS,2,18,0,P005099   ,0.0,0.0,RED,5,"HANGA, ADAM",20:22,6,3,5,0,2,0,1,1,2,3,0,0,0,0,1,2,1,2,11.0
2023,RS,2,18,0,P007960   ,1.0,1.0,RED,7,"DAVIDOVAC, DEJAN",26:38,6,0,1,2,3,0,0,1,3,4,0,0,0,0,0,3,1,6,-5.0
2023,RS,2,18,0,P002553   ,0.0,1.0,RED,9,"MITROVIC, LUKA",22:27,16,6,10,0,0,4,6,5,3,8,1,0,1,1,1,3,5,20,5.0
2023,RS,2,18,0,P012711   ,1.0,0.0,RED,11,"SIMONOVIC, MARKO",03:09,2,1,3,0,0,0,0,3,0,3,0,0,0,0,0,0,0,3,-4.0
2023,RS,2,18,0,P011224   ,1.0,0.0,RED,13,"NAPIER, SHABAZZ",14:49,9,0,5,1,5,6,6,0,0,0,1,1,1,0,2,3,3,-1,-6.0
2023,RS,2,18,0,P008966   ,1.0,0.0,RED,18,"TOBEY, MIKE",06:50,2,1,3,0,0,0,0,0,1,1,0,0,1,0,0,0,0,0,-2.0
2023,RS,2,18,0,P009035   ,0.0,0.0,RED,21,"BOLOMBOY, JOEL",12:41,6,2,2,0,1,2,2,0,0,0,0,0,1,0,0,2,2,4,-6.0
2023,RS,2,18,0,P011964   ,0.0,0.0,RED,22,"ILIC, DALIBOR",12:15,0,0,0,0,0,0,0,0,5,5,1,0,0,0,0,3,0,3,-9.0
2023,RS,2,18,0,P000848   ,0.0,1.0,RED,26,"NEDOVIC, NEMANJA",23:20,8,3,7,0,4,2,3,0,0,0,4,0,0,0,0,2,4,5,5.0
2023,RS,2,18,0,P006436   ,1.0,1.0,RED,31,"GIEDRAITIS, ROKAS",32:01,4,2,6,0,1,0,0,3,1,4,2,1,3,0,1,1,3,4,-16.0
2023,RS,2,18,0,P012044   ,0.0,0.0,RED,99,"DOS SANTOS, YAGO",DNP,0,0,0,0,0,0,0,0,0,0,0,0,0,0,0,0,0,0,0.0
2023,RS,2,18,0,Team,0.0,0.0,RED,,Team,,0,0,0,0,0,0,0,6,3,9,0,0,1,0,0,0,0,8,
2023,RS,2,18,0,Total,,,RED,,Total,200:00,74,20,46,6,23,16,20,20,21,41,13,3,10,1,5,21,22,71,
2023,RS,3,19,1,P007200   ,1.0,0.0,IST,0,"LARKIN, SHANE",32:19,18,1,2,3,7,7,7,0,6,6,6,0,5,0,1,2,6,23,16.0
2023,RS,3,19,1,P006590   ,1.0,1.0,IST,1,"BEAUBOIS, RODRIGUE",28:52,14,3,4,2,5,2,2,1,3,4,3,2,0,1,0,4,1,17,7.0
2023,RS,3,19,1,P012415   ,0.0,0.0,IST,9,"TUNCA, MELIH",02:05,0,0,0,0,0,0,0,0,0,0,0,0,0,0,0,1,0,-1,-5.0
2023,RS,3,19,1,P004888   ,1.0,1.0,IST,12,"CLYBURN, WILL",31:48,19,6,10,2,6,1,4,0,6,6,4,0,4,0,1,1,5,17,11.0
2023,RS,3,19,1,P011078   ,0.0,0.0,IST,13,"THOMPSON, DARIUS",16:36,14,3,4,1,3,5,5,1,1,2,2,2,3,1,1,3,3,14,2.0
2023,RS,3,19,1,PLHK      ,0.0,0.0,IST,21,"PLEISS, TIBOR",03:58,0,0,0,0,0,0,0,0,0,0,0,0,0,0,0,0,0,0,-3.0
2023,RS,3,19,1,P009513   ,0.0,1.0,IST,23,"HOLLATZ, JUSTUS",02:12,0,0,0,0,0,0,0,0,0,0,0,0,0,0,0,1,0,-1,-9.0
2023,RS,3,19,1,P012710   ,1.0,0.0,IST,24,"OSMANI, ERCAN",05:43,0,0,0,0,0,0,0,0,3,3,0,0,0,0,0,3,0,0,5.0
2023,RS,3,19,1,P006372   ,0.0,1.0,IST,33,"YILMAZ, ERKAN",08:50,0,0,0,0,0,0,0,0,1,1,2,1,1,0,0,2,0,1,-11.0
2023,RS,3,19,1,P009664   ,0.0,0.0,IST,35,"WILLIS, DEREK",31:35,7,2,2,1,3,0,0,0,2,2,0,0,0,0,0,0,1,8,4.0
2023,RS,3,19,1,P004554   ,1.0,0.0,IST,41,"ZIZIC, ANTE",24:11,11,4,5,0,0,3,4,2,1,3,2,2,1,0,0,1,3,17,10.0
2023,RS,3,19,1,P011981   ,0.0,1.0,IST,88,"JONES, TYRIQUE",11:51,6,3,3,0,0,0,0,0,1,1,1,0,2,0,0,2,0,4,-2.0
2023,RS,3,19,1,Team,0.0,0.0,IST,,Team,,0,0,0,0,0,0,0,3,3,6,0,0,0,0,0,0,0,6,
2023,RS,3,19,1,Total,,,IST,,Total,200:00,89,22,30,9,24,18,22,7,27,34,20,7,16,2,3,20,19,105,
2023,RS,3,19,0,P012729   ,0.0,1.0,ASV,0,"SCOTT, MIKE",23:51,15,3,4,3,7,0,0,1,0,1,2,0,0,0,0,1,0,12,10.0
2023,RS,3,19,0,P011225   ,1.0,1.0,ASV,3,"LEE, PARIS",31:23,11,0,4,2,5,5,5,1,2,3,5,2,3,0,0,2,4,13,-3.0
2023,RS,3,19,0,PKIR      ,0.0,0.0,ASV,5,"KAHUDI, CHARLES",DNP,0,0,0,0,0,0,0,0,0,0,0,0,0,0,0,0,0,0,0.0
2023,RS,3,19,0,P004194   ,1.0,1.0,ASV,7,"LAUVERGNE, JOFFREY",23:30,13,4,7,1,2,2,3,0,2,2,2,1,5,0,0,1,5,12,-6.0
2023,RS,3,19,0,P012080   ,1.0,0.0,ASV,9,"LUWAWU-CABARROT, TIMOTHE",15:12,0,0,2,0,2,0,0,0,3,3,0,0,0,0,0,3,0,-4,-14.0
2023,RS,3,19,0,P000229   ,1.0,0.0,ASV,11,"JACKSON, EDWIN",03:24,0,0,0,0,0,0,0,0,0,0,0,0,0,0,0,0,0,0,-8.0
2023,RS,3,19,0,P002100   ,0.0,1.0,ASV,12,"DE COLO, NANDO",26:35,25,4,7,3,8,8,8,0,1,1,4,2,0,0,1,2,6,27,19.0
2023,RS,3,19,0,P012730   ,0.0,0.0,ASV,15,"EGBUNU, JOHN",17:07,2,1,1,0,0,0,0,0,2,2,0,0,1,0,0,2,1,2,-6.0
2023,RS,3,19,0,P006568   ,1.0,0.0,ASV,19,"FALL, YOUSSOUPHA",16:16,7,3,5,0,0,1,2,2,1,3,0,0,0,1,0,2,1,7,-10.0
2023,RS,3,19,0,P012731   ,0.0,1.0,ASV,24,"NDIAYE, MBAYE",15:32,2,0,1,0,0,2,2,3,5,8,1,0,2,2,0,4,1,7,9.0
2023,RS,3,19,0,P011386   ,0.0,0.0,ASV,31,"NOAM, YAACOV",08:37,0,0,0,0,0,0,0,0,0,0,0,0,0,0,0,1,1,0,-2.0
2023,RS,3,19,0,P012732   ,0.0,0.0,ASV,33,"JACKSON, FRANK",18:33,9,3,4,1,3,0,1,0,0,0,1,1,1,0,1,1,1,5,-14.0
2023,RS,3,19,0,Team,0.0,0.0,ASV,,Team,,0,0,0,0,0,0,0,0,1,1,0,0,1,0,0,0,0,0,
2023,RS,3,19,0,Total,,,ASV,,Total,200:00,84,18,35,10,27,18,21,7,17,24,15,6,13,3,2,19,20,81,
2023,RS,3,20,1,P009960   ,0.0,0.0,MIL,2,"POYTHRESS, ALEX",08:49,0,0,0,0,1,0,0,1,1,2,0,0,2,0,0,4,0,-5,-8.0
2023,RS,3,20,1,P006433   ,1.0,1.0,MIL,5,"PANGOS, KEVIN",29:53,16,3,4,3,5,1,1,0,3,3,1,0,1,0,0,0,3,19,9.0
2023,RS,3,20,1,P006509   ,0.0,1.0,MIL,7,"TONUT, STEFANO",10:06,0,0,3,0,0,0,0,2,1,3,1,1,1,0,1,2,1,-1,3.0
2023,RS,3,20,1,P002849   ,1.0,1.0,MIL,9,"MELLI, NICOLO",30:18,3,0,0,1,2,0,0,1,3,4,1,0,1,0,0,4,0,2,15.0
2023,RS,3,20,1,P011926   ,0.0,0.0,MIL,14,"KAMAGATE, ISMAEL",02:59,2,1,1,0,0,0,0,0,0,0,0,0,0,0,0,1,0,1,2.0
2023,RS,3,20,1,P001518   ,0.0,0.0,MIL,17,"RICCI, GIAMPAOLO",DNP,0,0,0,0,0,0,0,0,0,0,0,0,0,0,0,0,0,0,0.0
2023,RS,3,20,1,P005670   ,0.0,0.0,MIL,21,"FLACCADORI, DIEGO",10:29,6,0,0,1,2,3,4,0,1,1,0,1,1,0,0,1,1,5,5.0
2023,RS,3,20,1,P011205   ,0.0,0.0,MIL,22,"HALL, DEVON",12:14,2,1,3,0,1,0,0,0,1,1,0,0,1,0,0,0,2,1,-4.0
2023,RS,3,20,1,P007831   ,1.0,1.0,MIL,31,"SHIELDS, SHAVON",31:12,12,4,5,0,3,4,4,0,3,3,3,3,2,0,0,3,3,15,10.0
2023,RS,3,20,1,P000796   ,1.0,1.0,MIL,33,"MIROTIC, NIKOLA",29:50,20,5,9,3,7,1,2,1,3,4,2,1,3,0,1,1,5,18,12.0
2023,RS,3,20,1,P002812   ,0.0,0.0,MIL,42,"HINES, KYLE",06:55,0,0,0,0,0,0,0,0,1,1,0,0,0,0,0,1,0,0,5.0
2023,RS,3,20,1,P007201   ,1.0,0.0,MIL,77,"VOIGTMANN, JOHANNES",27:15,4,2,2,0,3,0,0,1,3,4,6,1,2,0,0,4,1,7,11.0
2023,RS,3,20,1,Team,0.0,0.0,MIL,,Team,,0,0,0,0,0,0,0,1,2,3,0,0,0,0,0,0,0,3,
2023,RS,3,20,1,Total,,,MIL,,Total,200:00,65,16,27,8,24,9,11,7,22,29,14,7,14,0,2,21,16,65,
2023,RS,3,20,0,P008855   ,1.0,1.0,OLY,0,"WALKUP, THOMAS",30:55,11,0,3,3,5,2,2,1,5,6,4,1,0,1,0,3,3,18,-3.0
2023,RS,3,20,0,P010612   ,1.0,0.0,OLY,3,"CANAAN, ISAIAH",07:30,3,0,0,1,2,0,0,0,0,0,0,1,2,0,0,4,0,-3,7.0
2023,RS,3,20,0,P006302   ,0.0,1.0,OLY,4,"LOUNTZIS, MICHALIS",17:22,4,2,3,0,2,0,0,0,1,1,0,2,2,0,0,1,1,2,-15.0
2023,RS,3,20,0,P010392   ,0.0,0.0,OLY,5,"LARENTZAKIS, GIANNOULIS",15:10,2,1,1,0,2,0,0,0,1,1,2,0,2,0,0,5,1,-3,-2.0
2023,RS,3,20,0,P012023   ,0.0,1.0,OLY,9,"PAPAS, GEORGE",04:50,2,1,1,0,1,0,0,0,0,0,0,0,0,0,0,0,0,1,-4.0
2023,RS,3,20,0,P008811   ,0.0,0.0,OLY,10,"FALL, MOUSTAPHA",11:37,2,1,3,0,0,0,0,3,2,5,1,0,0,0,0,0,1,7,-4.0
2023,RS,3,20,0,P001255   ,1.0,1.0,OLY,16,"PAPANIKOLAOU, KOSTAS",33:01,4,1,1,0,4,2,3,2,1,3,2,1,0,0,0,2,2,5,-13.0
2023,RS,3,20,0,P011983   ,0.0,0.0,OLY,17,"BRAZDEIKIS, IGNAS",18:38,6,1,7,1,2,1,2,2,2,4,1,0,2,1,0,1,2,3,-6.0
2023,RS,3,20,0,P008829   ,1.0,0.0,OLY,25,"PETERS, ALEC",22:20,4,1,6,0,1,2,2,0,3,3,2,1,1,0,0,0,1,4,-6.0
2023,RS,3,20,0,P003941   ,1.0,1.0,OLY,33,"MILUTINOV, NIKOLA",28:23,15,6,8,0,0,3,3,1,3,4,0,0,3,0,0,1,8,21,-8.0
2023,RS,3,20,0,P006589   ,0.0,0.0,OLY,43,"SIKMA, LUKE",10:14,0,0,1,0,0,0,0,1,1,2,0,0,0,0,0,1,1,1,-6.0
2023,RS,3,20,0,P010631   ,0.0,0.0,OLY,50,"TANOULIS, GEORGIOS",DNP,0,0,0,0,0,0,0,0,0,0,0,0,0,0,0,0,0,0,0.0
2023,RS,3,20,0,Team,0.0,0.0,OLY,,Team,,0,0,0,0,0,0,0,1,1,2,0,0,3,0,0,0,0,-1,
2023,RS,3,20,0,Total,,,OLY,,Total,200:00,53,14,34,5,19,10,12,11,20,31,12,6,15,2,0,18,20,55,
2023,RS,3,21,1,P011157   ,1.0,0.0,ULK,0,"MOTLEY, JOHNATHAN",18:55,14,6,10,0,0,2,2,2,4,6,2,0,2,0,1,5,2,12,23.0
2023,RS,3,21,1,P006661   ,0.0,1.0,ULK,3,"WILBEKIN, SCOTTIE",20:25,7,0,1,2,9,1,2,0,1,1,0,0,2,0,0,1,4,0,-3.0
2023,RS,3,21,1,P002968   ,0.0,0.0,ULK,5,"SANLI, SERTAC",DNP,0,0,0,0,0,0,0,0,0,0,0,0,0,0,0,0,0,0,0.0
2023,RS,3,21,1,P005844   ,0.0,1.0,ULK,9,"PAPAGIANNIS, GEORGIOS",21:05,15,2,6,3,4,2,2,0,1,1,0,1,3,1,0,3,1,8,-9.0
2023,RS,3,21,1,P002969   ,0.0,0.0,ULK,10,"MAHMUTOGLU, MELIH",DNP,0,0,0,0,0,0,0,0,0,0,0,0,0,0,0,0,0,0,0.0
2023,RS,3,21,1,P008962   ,1.0,1.0,ULK,11,"HAYES-DAVIS, NIGEL",27:17,7,1,1,1,7,2,2,0,2,2,1,1,1,0,0,3,2,3,21.0
2023,RS,3,21,1,P006961   ,0.0,0.0,ULK,13,"BIBEROVIC, TARIK",12:33,6,0,0,2,3,0,0,1,0,1,1,0,0,0,0,2,0,5,-7.0
2023,RS,3,21,1,P010560   ,1.0,0.0,ULK,21,"PIERRE, DYSHAWN",28:44,4,2,5,0,1,0,0,3,7,10,3,0,1,0,0,2,2,12,27.0
2023,RS,3,21,1,P004004   ,1.0,0.0,ULK,23,"GUDURIC, MARKO",23:11,12,2,2,2,2,2,2,0,2,2,5,3,1,0,0,2,3,22,8.0
2023,RS,3,21,1,P001932   ,1.0,1.0,ULK,33,"CALATHES, NICK",29:17,12,3,4,2,3,0,0,1,3,4,5,1,1,0,0,2,2,19,22.0
2023,RS,3,21,1,P011052   ,0.0,1.0,ULK,41,"MADAR, YAM",14:01,6,2,2,0,1,2,2,2,1,3,3,0,1,0,0,2,1,9,-8.0
2023,RS,3,21,1,P011980   ,0.0,0.0,ULK,77,"SESTINA, NATHAN",04:32,0,0,0,0,0,0,0,0,0,0,0,0,0,0,0,0,0,0,-4.0
2023,RS,3,21,1,Team,0.0,0.0,ULK,,Team,,0,0,0,0,0,0,0,2,2,4,0,0,1,0,0,0,0,3,
2023,RS,3,21,1,Total,,,ULK,,Total,200:00,83,18,31,12,30,11,12,11,23,34,20,6,13,1,1,22,17,93,
2023,RS,3,21,0,P011209   ,0.0,0.0,PAN,0,"KALAITZAKIS, PANAGIOTIS",11:14,2,1,1,0,3,0,0,0,0,0,0,0,0,0,0,0,0,-1,1.0
2023,RS,3,21,0,P007947   ,0.0,1.0,PAN,2,"VILDOZA, LUCA",19:34,10,2,7,2,5,0,0,3,1,4,2,0,0,0,1,1,2,8,-9.0
2023,RS,3,21,0,P011826   ,0.0,0.0,PAN,3,"GUY, KYLE",18:44,13,2,3,3,7,0,0,0,3,3,1,0,1,0,0,1,0,10,7.0
2023,RS,3,21,0,P006544   ,0.0,0.0,PAN,6,"MORAITIS, DIMITRIS",DNP,0,0,0,0,0,0,0,0,0,0,0,0,0,0,0,0,0,0,0.0
2023,RS,3,21,0,P007553   ,0.0,0.0,PAN,8,"BALCEROWSKI, ALEKSANDER",04:10,0,0,0,0,0,0,0,0,2,2,2,0,0,0,0,2,0,2,-2.0
2023,RS,3,21,0,P001926   ,1.0,0.0,PAN,10,"SLOUKAS, KOSTAS",22:18,4,2,2,0,1,0,0,0,1,1,2,1,4,0,0,0,1,4,-26.0
2023,RS,3,21,0,P011204   ,1.0,1.0,PAN,22,"GRANT, JERIAN",26:06,6,3,7,0,2,0,0,0,2,2,3,1,1,0,0,4,0,1,8.0
2023,RS,3,21,0,P003842   ,1.0,1.0,PAN,26,"LESSORT, MATHIAS",26:54,19,7,7,0,0,5,11,2,2,4,0,2,3,1,0,3,11,25,-10.0
2023,RS,3,21,0,P011221   ,0.0,0.0,PAN,37,"ANTETOKOUNMPO, KOSTAS",08:56,4,1,2,0,0,2,2,0,1,1,0,0,1,0,0,2,2,3,-2.0
2023,RS,3,21,0,P002328   ,1.0,1.0,PAN,40,"GRIGONIS, MARIUS",22:04,5,1,1,0,2,3,4,0,1,1,1,0,1,0,0,3,5,5,-23.0
2023,RS,3,21,0,P012712   ,1.0,1.0,PAN,41,"HERNANGOMEZ, JUANCHO",20:42,0,0,2,0,1,0,2,3,3,6,0,0,1,0,0,0,1,1,-16.0
2023,RS,3,21,0,P008084   ,0.0,0.0,PAN,72,"MANTZOUKAS, ELEFTHERIOS",19:18,6,0,0,2,2,0,0,0,0,0,0,1,0,0,0,1,0,6,2.0
2023,RS,3,21,0,Team,0.0,0.0,PAN,,Team,,0,0,0,0,0,0,0,2,2,4,0,0,1,0,0,0,0,3,
2023,RS,3,21,0,Total,,,PAN,,Total,200:00,69,19,32,7,23,10,19,10,18,28,11,5,13,1,1,17,22,67,
2023,RS,3,22,1,P009212   ,0.0,0.0,PAR,1,"VUKCEVIC, TRISTAN",DNP,0,0,0,0,0,0,0,0,0,0,0,0,0,0,0,0,0,0,0.0
2023,RS,3,22,1,P008987   ,1.0,1.0,PAR,2,"LEDAY, ZACH",30:56,12,3,7,0,2,6,6,3,2,5,0,1,0,0,0,1,6,17,-11.0
2023,RS,3,22,1,P003983   ,0.0,0.0,PAR,4,"AVRAMOVIC, ALEKSA",20:44,11,4,12,1,3,0,1,1,3,4,2,0,0,0,2,0,4,8,2.0
2023,RS,3,22,1,P011050   ,1.0,0.0,PAR,5,"KOPRIVICA, BALSA",09:55,8,4,4,0,0,0,0,1,1,2,0,0,0,1,0,2,0,9,1.0
2023,RS,3,22,1,P009862   ,1.0,1.0,PAR,7,"PUNTER, KEVIN",27:02,11,5,7,0,1,1,3,0,2,2,2,1,1,0,0,2,5,13,-14.0
2023,RS,3,22,1,P011051   ,0.0,1.0,PAR,9,"SMAILAGIC, ALEN",19:29,9,3,4,0,0,3,3,0,2,2,0,0,1,0,0,3,2,8,-9.0
2023,RS,3,22,1,P004058   ,0.0,0.0,PAR,10,"JARAMAZ, OGNJEN",05:14,0,0,1,0,0,0,2,0,0,0,0,0,0,0,0,1,1,-3,-4.0
2023,RS,3,22,1,P007400   ,1.0,1.0,PAR,21,"NUNNALLY, JAMES",25:25,14,2,5,2,2,4,4,0,3,3,2,0,1,0,1,1,2,15,-11.0
2023,RS,3,22,1,P007673   ,0.0,0.0,PAR,32,"TRIFUNOVIC, UROS",16:19,0,0,0,0,1,0,0,1,1,2,0,0,0,0,0,2,0,-1,6.0
2023,RS,3,22,1,P000956   ,0.0,0.0,PAR,33,"ANDJUSIC, DANILO",09:07,0,0,1,0,1,0,0,0,0,0,0,0,0,0,0,1,0,-3,5.0
2023,RS,3,22,1,P012742   ,1.0,1.0,PAR,35,"DOZIER JR, PERRY",21:55,13,5,7,1,2,0,1,0,0,0,5,0,2,1,0,4,1,10,-14.0
2023,RS,3,22,1,P012743   ,0.0,0.0,PAR,44,"KAMINSKY, FRANK",13:54,5,1,2,0,0,3,4,1,3,4,0,1,0,0,0,3,2,7,4.0
2023,RS,3,22,1,Team,0.0,0.0,PAR,,Team,,0,0,0,0,0,0,0,2,7,9,0,0,1,0,0,0,0,8,
2023,RS,3,22,1,Total,,,PAR,,Total,200:00,83,27,50,4,12,17,24,9,24,33,11,3,6,2,3,20,23,88,
2023,RS,3,22,0,P011244   ,1.0,0.0,BAR,1,"DA SILVA, OSCAR",21:12,13,3,6,1,3,4,4,3,1,4,2,2,0,0,0,3,3,16,13.0
2023,RS,3,22,0,P000925   ,1.0,1.0,BAR,6,"VESELY, JAN",22:18,12,4,5,0,1,4,4,0,6,6,3,0,0,1,0,1,3,22,13.0
2023,RS,3,22,0,P009992   ,0.0,0.0,BAR,8,"BRIZUELA, DARIO",06:12,2,1,3,0,1,0,0,0,0,0,0,0,0,0,0,0,1,0,-5.0
2023,RS,3,22,0,P004866   ,1.0,1.0,BAR,10,"KALINIC, NIKOLA",21:21,7,0,5,2,6,1,2,0,1,1,5,1,1,0,1,1,3,4,10.0
2023,RS,3,22,0,P002939   ,1.0,1.0,BAR,13,"SATORANSKY, TOMAS",24:56,4,2,2,0,1,0,0,2,8,10,6,1,0,0,0,3,2,19,6.0
2023,RS,3,22,0,P003196   ,0.0,0.0,BAR,14,"HERNANGOMEZ, WILLY",17:34,15,4,10,1,1,4,4,3,1,4,0,0,1,0,1,5,2,8,-4.0
2023,RS,3,22,0,P006435   ,1.0,0.0,BAR,20,"LAPROVITTOLA, NICOLAS",27:57,20,1,2,6,10,0,0,2,1,3,6,0,2,0,0,1,1,22,11.0
2023,RS,3,22,0,P003478   ,0.0,1.0,BAR,21,"ABRINES, ALEX",18:53,5,1,1,1,3,0,0,0,1,1,0,0,0,1,0,3,1,3,-1.0
2023,RS,3,22,0,P012745   ,0.0,1.0,BAR,22,"PARKER, JABARI",18:48,9,1,4,1,4,4,4,6,5,11,0,0,0,1,0,3,3,15,-4.0
2023,RS,3,22,0,P010641   ,0.0,0.0,BAR,23,"NNAJI, JAMES",00:08,0,0,0,0,0,0,0,0,0,0,0,0,0,0,0,0,0,0,0.0
2023,RS,3,22,0,P007519   ,0.0,0.0,BAR,31,"JOKUBAITIS, ROKAS",16:01,5,0,1,1,1,2,2,0,1,1,2,0,2,0,0,2,1,4,4.0
2023,RS,3,22,0,P007464   ,0.0,0.0,BAR,44,"PARRA, JOEL",04:40,0,0,0,0,1,0,0,0,1,1,0,0,0,0,0,1,0,-1,2.0
2023,RS,3,22,0,Team,0.0,0.0,BAR,,Team,,0,0,0,0,0,0,0,0,0,0,0,0,1,0,0,0,0,-1,
2023,RS,3,22,0,Total,,,BAR,,Total,200:00,92,17,39,13,32,19,20,16,26,42,24,4,7,3,2,23,20,111,
2023,RS,3,23,1,P001392   ,0.0,1.0,MAD,1,"CAUSEUR, FABIEN",10:33,3,0,1,1,3,0,0,0,0,0,0,0,0,0,0,1,0,-1,-6.0
2023,RS,3,23,1,PBMT      ,0.0,0.0,MAD,5,"FERNANDEZ, RUDY",21:37,9,0,0,3,3,0,0,0,6,6,4,1,0,0,0,3,1,18,24.0
2023,RS,3,23,1,P005928   ,1.0,1.0,MAD,7,"CAMPAZZO, FACUNDO",23:18,18,3,4,3,5,3,4,1,3,4,9,2,3,0,0,1,3,28,5.0
2023,RS,3,23,1,P003108   ,0.0,0.0,MAD,11,"HEZONJA, MARIO",07:47,5,1,1,1,3,0,0,0,1,1,1,0,0,0,0,0,0,5,6.0
2023,RS,3,23,1,PCVM      ,0.0,0.0,MAD,13,"RODRIGUEZ, SERGIO",16:42,3,0,0,1,1,0,0,0,1,1,6,1,4,0,0,3,1,5,9.0
2023,RS,3,23,1,P009005   ,1.0,1.0,MAD,14,"DECK, GABRIEL",22:49,19,7,9,1,1,2,3,0,0,0,0,0,0,0,1,1,3,17,2.0
2023,RS,3,23,1,P004887   ,0.0,0.0,MAD,17,"POIRIER, VINCENT",20:45,18,7,8,0,0,4,6,1,6,7,1,1,1,3,0,0,3,29,8.0
2023,RS,3,23,1,P005791   ,1.0,1.0,MAD,22,"TAVARES, WALTER",19:15,4,1,5,0,0,2,2,3,2,5,0,1,3,3,0,3,3,6,6.0
2023,RS,3,23,1,PTGB      ,0.0,0.0,MAD,23,"LLULL, SERGIO",20:01,5,1,3,1,3,0,2,0,3,3,3,0,1,0,0,2,1,3,16.0
2023,RS,3,23,1,P010357   ,1.0,1.0,MAD,28,"YABUSELE, GUERSCHON",23:50,5,1,1,1,5,0,0,0,4,4,0,0,1,0,0,4,3,3,0.0
2023,RS,3,23,1,P009213   ,0.0,0.0,MAD,30,"NDIAYE, ELI",DNP,0,0,0,0,0,0,0,0,0,0,0,0,0,0,0,0,0,0,0.0
2023,RS,3,23,1,P006540   ,1.0,0.0,MAD,31,"MUSA, DZANAN",13:23,4,1,2,0,1,2,2,0,1,1,2,0,0,0,0,0,1,6,0.0
2023,RS,3,23,1,Team,0.0,0.0,MAD,,Team,,0,0,0,0,0,0,0,2,1,3,0,0,0,0,0,0,0,3,
2023,RS,3,23,1,Total,,,MAD,,Total,200:00,93,22,34,12,25,13,19,7,28,35,26,6,13,6,1,18,19,122,
2023,RS,3,23,0,P011218   ,1.0,0.0,ZAL,2,"EVANS, KEENAN",23:16,8,2,7,1,2,1,1,2,3,5,3,1,0,0,1,2,4,12,-13.0
2023,RS,3,23,0,P011965   ,0.0,1.0,ZAL,3,"MITROU-LONG, NAZ",20:07,11,4,10,1,3,0,0,1,1,2,2,0,2,0,2,2,1,2,-9.0
2023,RS,3,23,0,P003210   ,0.0,1.0,ZAL,4,"LEKAVICIUS, LUKAS",16:39,10,1,2,2,2,2,2,0,1,1,3,0,2,0,0,3,2,10,-1.0
2023,RS,3,23,0,P010390   ,1.0,0.0,ZAL,8,"HAYES, KEVARRIUS",18:43,4,2,7,0,0,0,0,2,2,4,0,0,1,0,3,1,2,0,-11.0
2023,RS,3,23,0,P007513   ,1.0,1.0,ZAL,9,"GIEDRAITIS, DOVYDAS",21:35,10,1,3,2,3,2,2,2,1,3,0,1,0,0,0,4,2,9,3.0
2023,RS,3,23,0,P007109   ,1.0,0.0,ZAL,10,"SMITS, ROLANDS",24:16,12,4,6,1,3,1,1,0,3,3,0,1,2,1,0,1,4,14,-6.0
2023,RS,3,23,0,P005504   ,0.0,0.0,ZAL,15,"BIRUTIS, LAURYNAS",12:52,6,3,6,0,0,0,0,2,1,3,2,1,0,0,0,3,0,6,2.0
2023,RS,3,23,0,P003211   ,0.0,0.0,ZAL,33,"DIMSA, TOMAS",10:10,2,1,1,0,1,0,0,0,1,1,1,1,1,0,0,1,0,2,-8.0
2023,RS,3,23,0,P006860   ,0.0,1.0,ZAL,35,"LAVRINOVICIUS, DANIELIUS",04:57,0,0,0,0,2,0,0,0,1,1,0,0,0,0,0,0,0,-1,2.0
2023,RS,3,23,0,P012715   ,0.0,1.0,ZAL,45,"MANEK, BRADY",19:12,11,1,1,3,6,0,0,0,3,3,0,0,0,0,0,0,1,12,-15.0
2023,RS,3,23,0,P002329   ,1.0,0.0,ZAL,92,"ULANOVAS, EDGARAS",28:13,5,2,5,0,2,1,2,2,4,6,3,0,1,0,0,2,2,7,-14.0
2023,RS,3,23,0,Team,0.0,0.0,ZAL,,Team,,0,0,0,0,0,0,0,0,0,0,0,0,1,0,0,0,0,-1,
2023,RS,3,23,0,Total,,,ZAL,,Total,200:00,79,21,48,10,24,7,8,11,21,32,14,5,10,1,6,19,18,72,
2023,RS,3,24,1,P011948   ,1.0,1.0,BAS,0,"HOWARD, MARKUS",20:20,4,1,2,0,4,2,3,0,1,1,3,0,1,0,1,1,3,2,-4.0
2023,RS,3,24,1,P011064   ,0.0,0.0,BAS,1,"MANNION, NICCOLO",17:37,5,1,2,1,3,0,0,0,1,1,3,0,4,0,0,5,0,-3,1.0
2023,RS,3,24,1,P008850   ,0.0,0.0,BAS,2,"RAIESTE, SANDER",00:08,0,0,0,0,1,0,0,0,0,0,0,0,0,0,0,0,0,-1,-2.0
2023,RS,3,24,1,P007230   ,1.0,0.0,BAS,8,"SEDEKERSKIS, TADAS",28:59,10,3,6,1,1,1,2,3,5,8,1,1,2,0,1,2,3,14,-9.0
2023,RS,3,24,1,P004761   ,0.0,1.0,BAS,9,"MARINKOVIC, VANJA",23:18,13,1,5,3,8,2,2,0,1,1,0,0,1,0,0,4,1,1,-5.0
2023,RS,3,24,1,P009048   ,1.0,1.0,BAS,10,"MILLER-MCINTYRE, CODI",22:23,5,1,4,1,5,0,0,0,2,2,4,3,1,0,2,4,1,1,-9.0
2023,RS,3,24,1,P003198   ,0.0,0.0,BAS,11,"DIEZ, DANIEL",DNP,0,0,0,0,0,0,0,0,0,0,0,0,0,0,0,0,0,0,0.0
2023,RS,3,24,1,P011085   ,0.0,0.0,BAS,17,"ROGKAVOPOULOS, NIKOLAOS",07:15,0,0,1,0,0,0,0,0,0,0,1,1,0,0,0,0,0,1,4.0
2023,RS,3,24,1,P008072   ,0.0,0.0,BAS,18,"DIOP, KHALIFA",17:33,7,2,5,0,0,3,5,1,3,4,0,0,0,1,0,1,5,11,1.0
2023,RS,3,24,1,P004603   ,1.0,1.0,BAS,21,"KOTSAR, MAIK",22:19,6,3,6,0,0,0,1,0,0,0,1,2,2,0,0,1,2,4,-7.0
2023,RS,3,24,1,P010444   ,1.0,1.0,BAS,24,"COSTELLO, MATTHEW",21:35,8,1,2,2,4,0,0,1,3,4,1,0,0,1,1,1,1,10,-9.0
2023,RS,3,24,1,P012201   ,0.0,0.0,BAS,95,"MONEKE, CHIMA",18:33,10,2,4,1,1,3,4,1,3,4,1,0,1,0,0,1,2,12,-1.0
2023,RS,3,24,1,Team,0.0,0.0,BAS,,Team,,0,0,0,0,0,0,0,6,2,8,0,0,2,0,0,0,0,6,
2023,RS,3,24,1,Total,,,BAS,,Total,200:00,68,15,37,9,27,11,17,12,21,33,15,7,14,2,5,20,18,58,
2023,RS,3,24,0,P010391   ,0.0,1.0,MUN,0,"WEILER-BABB, NICK",27:26,4,2,3,0,5,0,1,4,7,11,4,1,1,2,0,0,2,16,13.0
2023,RS,3,24,0,P007975   ,0.0,0.0,MUN,1,"FRANCISCO, SYLVAIN",23:06,12,3,5,1,6,3,4,2,1,3,4,1,4,0,1,1,4,10,11.0
2023,RS,3,24,0,P011987   ,1.0,0.0,MUN,3,"EDWARDS, CARSEN",18:55,14,3,5,2,6,2,2,1,2,3,3,1,1,0,0,1,6,19,-3.0
2023,RS,3,24,0,P006245   ,0.0,0.0,MUN,5,"WEIDEMANN, NELSON",00:24,0,0,0,0,0,0,0,0,0,0,0,0,0,0,0,0,0,0,-3.0
2023,RS,3,24,0,P001557   ,0.0,1.0,MUN,7,"GIFFEY, NIELS",22:17,11,2,2,2,3,1,2,1,2,3,1,1,0,0,0,2,2,14,17.0
2023,RS,3,24,0,P006760   ,1.0,1.0,MUN,9,"BONGA, ISAAC",13:12,2,1,1,0,0,0,0,0,2,2,0,0,0,0,0,3,0,1,-7.0
2023,RS,3,24,0,P008985   ,1.0,1.0,MUN,10,"BOLMARO, LEANDRO",16:30,6,2,4,0,0,2,2,0,2,2,2,2,1,1,0,2,3,11,0.0
2023,RS,3,24,0,P004508   ,0.0,0.0,MUN,13,"OBST, ANDREAS",20:54,3,0,0,1,8,0,0,0,4,4,0,1,0,0,0,1,0,0,14.0
2023,RS,3,24,0,P005478   ,0.0,0.0,MUN,17,"WIMBERG, NIKLAS",04:07,0,0,0,0,0,0,0,0,0,0,0,0,0,0,0,0,0,0,-1.0
2023,RS,3,24,0,P007639   ,0.0,0.0,MUN,22,"BRANKOVIC, DANKO",12:14,8,3,3,0,0,2,2,1,3,4,0,0,1,0,0,3,2,10,-2.0
2023,RS,3,24,0,P007056   ,1.0,1.0,MUN,31,"BOOKER, DEVIN",27:47,8,1,2,2,6,0,0,1,3,4,3,0,2,2,0,1,0,9,3.0
2023,RS,3,24,0,P011941   ,1.0,0.0,MUN,33,"GILLESPIE, FREDDIE",13:08,8,3,5,0,0,2,2,1,2,3,0,0,2,0,1,4,1,3,-2.0
2023,RS,3,24,0,Team,0.0,0.0,MUN,,Team,,0,0,0,0,0,0,0,3,1,4,0,0,1,0,0,0,0,3,
2023,RS,3,24,0,Total,,,MUN,,Total,200:00,76,20,30,8,34,12,15,14,29,43,17,7,13,5,2,18,20,96,
2023,RS,3,25,1,P004720   ,0.0,0.0,RED,2,"LAZAREVIC, STEFAN",06:15,0,0,0,0,0,0,0,1,1,2,0,0,0,0,0,0,1,3,-6.0
2023,RS,3,25,1,PJDR      ,1.0,1.0,RED,4,"TEODOSIC, MILOS",17:55,3,0,0,1,7,0,0,0,1,1,4,1,3,0,0,4,2,-2,-5.0
2023,RS,3,25,1,P005099   ,1.0,1.0,RED,5,"HANGA, ADAM",24:46,5,1,3,1,4,0,0,1,2,3,3,0,0,1,0,2,1,6,-6.0
2023,RS,3,25,1,P007960   ,0.0,0.0,RED,7,"DAVIDOVAC, DEJAN",21:33,3,0,2,1,2,0,0,1,0,1,0,3,0,0,1,1,1,3,10.0
2023,RS,3,25,1,P002553   ,0.0,1.0,RED,9,"MITROVIC, LUKA",12:35,6,2,5,0,0,2,2,2,0,2,1,1,1,0,0,2,2,6,-7.0
2023,RS,3,25,1,P012711   ,1.0,0.0,RED,11,"SIMONOVIC, MARKO",10:26,6,3,3,0,2,0,0,4,1,5,1,1,1,0,0,4,0,6,-4.0
2023,RS,3,25,1,P011224   ,0.0,0.0,RED,13,"NAPIER, SHABAZZ",21:56,7,2,6,1,7,0,0,0,0,0,2,2,3,0,0,2,2,-2,-5.0
2023,RS,3,25,1,P008966   ,1.0,0.0,RED,18,"TOBEY, MIKE",12:23,0,0,1,0,0,0,0,2,2,4,0,0,1,0,0,1,1,2,-5.0
2023,RS,3,25,1,P009035   ,0.0,0.0,RED,21,"BOLOMBOY, JOEL",15:31,11,4,5,0,0,3,3,2,2,4,1,0,0,0,0,1,3,17,3.0
2023,RS,3,25,1,P011964   ,0.0,0.0,RED,22,"ILIC, DALIBOR",01:39,0,0,0,0,1,0,0,0,0,0,0,0,0,0,0,0,0,-1,-1.0
2023,RS,3,25,1,P000848   ,0.0,1.0,RED,26,"NEDOVIC, NEMANJA",25:18,15,3,5,2,3,3,4,0,2,2,6,0,0,0,0,2,5,22,1.0
2023,RS,3,25,1,P006436   ,1.0,1.0,RED,31,"GIEDRAITIS, ROKAS",29:43,20,2,3,4,8,4,4,0,1,1,1,1,0,0,1,1,3,19,-5.0
2023,RS,3,25,1,Team,0.0,0.0,RED,,Team,,0,0,0,0,0,0,0,3,2,5,0,0,1,0,0,0,0,4,
2023,RS,3,25,1,Total,,,RED,,Total,200:00,76,17,33,10,34,12,13,16,14,30,19,9,10,1,2,20,21,83,
2023,RS,3,25,0,P011212   ,1.0,1.0,MCO,2,"OKOBO, ELIE",31:30,11,2,3,2,4,1,1,0,5,5,5,1,4,0,1,2,2,14,10.0
2023,RS,3,25,0,P011231   ,1.0,0.0,MCO,4,"BLOSSOMGAME, JARON",17:45,0,0,3,0,2,0,0,1,3,4,0,0,1,0,0,2,2,-2,14.0
2023,RS,3,25,0,P010588   ,1.0,1.0,MCO,10,"BROWN, JOHN",24:15,11,5,7,0,0,1,2,0,1,1,2,0,0,0,0,2,3,12,17.0
2023,RS,3,25,0,P011226   ,0.0,1.0,MCO,11,"DIALLO, ALPHA",20:38,12,3,6,1,2,3,4,4,4,8,3,1,1,0,0,2,3,19,1.0
2023,RS,3,25,0,P004790   ,0.0,0.0,MCO,12,"CORNELIE, PETR",10:04,5,1,1,1,2,0,0,0,0,0,0,0,4,1,0,3,0,-2,-16.0
2023,RS,3,25,0,P002581   ,0.0,0.0,MCO,14,"JAITEH, MAM",06:05,0,0,0,0,0,0,0,0,0,0,0,1,0,0,0,1,0,0,-12.0
2023,RS,3,25,0,P012709   ,0.0,0.0,MCO,15,"WALKER, KEMBA",10:19,2,0,1,0,2,2,2,1,1,2,1,0,0,0,0,2,2,2,-9.0
2023,RS,3,25,0,PLCZ      ,1.0,1.0,MCO,20,"MOTIEJUNAS, DONATAS",17:27,9,4,5,0,1,1,2,0,1,1,1,0,0,1,0,2,2,9,19.0
2023,RS,3,25,0,P012515   ,0.0,0.0,MCO,22,"TARPEY, TERRY",DNP,0,0,0,0,0,0,0,0,0,0,0,0,0,0,0,0,0,0,0.0
2023,RS,3,25,0,P004197   ,0.0,0.0,MCO,24,"OUATTARA, YAKUBA",12:22,6,0,1,2,2,0,0,1,1,2,0,0,0,0,0,1,0,6,0.0
2023,RS,3,25,0,P011196   ,0.0,0.0,MCO,45,"HALL, DONTA",13:50,8,3,3,0,0,2,2,1,3,4,0,1,0,0,0,1,2,14,-1.0
2023,RS,3,25,0,P005985   ,1.0,1.0,MCO,55,"JAMES, MIKE",35:45,18,3,5,4,8,0,0,0,3,3,11,1,4,0,0,3,4,24,7.0
2023,RS,3,25,0,Team,0.0,0.0,MCO,,Team,,0,0,0,0,0,0,0,4,1,5,0,0,0,0,0,0,0,5,
2023,RS,3,25,0,Total,,,MCO,,Total,200:00,82,21,35,10,23,10,13,12,23,35,23,5,14,2,1,21,20,101,
2023,RS,3,26,1,P000556   ,0.0,1.0,PAM,1,"CLAVER, VICTOR",22:48,10,2,2,2,3,0,0,1,6,7,0,1,2,0,0,1,2,16,12.0
2023,RS,3,26,1,P006643   ,1.0,0.0,PAM,2,"PUERTO, JOSEP",21:13,7,2,4,0,0,3,3,1,0,1,1,0,1,0,2,1,1,4,-5.0
2023,RS,3,26,1,P012738   ,0.0,0.0,PAM,3,"REUVERS, NATHAN",15:29,6,1,4,1,2,1,2,0,3,3,2,0,0,2,0,1,2,9,15.0
2023,RS,3,26,1,P010393   ,0.0,0.0,PAM,4,"PRADILLA, JAIME",14:44,6,3,4,0,0,0,0,1,2,3,1,0,1,0,0,1,3,10,14.0
2023,RS,3,26,1,P010568   ,1.0,1.0,PAM,7,"JONES, CHRIS",25:33,8,1,6,2,4,0,0,0,3,3,5,3,1,0,0,3,1,9,3.0
2023,RS,3,26,1,P009101   ,0.0,0.0,PAM,8,"FERRANDO, GUILLEM",03:59,3,0,0,1,2,0,0,0,0,0,0,0,0,0,0,1,0,1,7.0
2023,RS,3,26,1,P003960   ,1.0,1.0,PAM,10,"INGLIS, DAMIEN",20:10,11,3,6,0,0,5,6,2,2,4,2,0,2,0,0,2,5,14,-9.0
2023,RS,3,26,1,P004863   ,0.0,1.0,PAM,16,"JOVIC, STEFAN",19:27,7,3,3,0,0,1,2,1,3,4,6,2,3,0,0,0,1,16,23.0
2023,RS,3,26,1,P012739   ,0.0,0.0,PAM,21,"TOURE, BOUBACAR",11:49,4,2,5,0,0,0,0,1,0,1,0,0,1,0,1,2,0,-2,3.0
2023,RS,3,26,1,P012740   ,1.0,0.0,PAM,30,"ROBERTSON, KASSIUS",24:34,3,0,0,1,5,0,0,0,2,2,0,0,1,0,0,2,0,-2,-17.0
2023,RS,3,26,1,P007870   ,1.0,1.0,PAM,32,"DAVIES, BRANDON",17:48,10,3,7,0,0,4,4,0,3,3,2,1,3,1,0,3,3,10,-5.0
2023,RS,3,26,1,P010754   ,0.0,0.0,PAM,50,"MARI, LUCAS",02:26,0,0,0,0,0,0,0,1,0,1,1,1,0,0,0,2,1,2,4.0
2023,RS,3,26,1,Team,0.0,0.0,PAM,,Team,,0,0,0,0,0,0,0,3,0,3,0,0,1,0,0,0,0,2,
2023,RS,3,26,1,Total,,,PAM,,Total,200:00,75,20,41,7,16,14,17,11,24,35,20,8,16,3,3,19,19,89,
2023,RS,3,26,0,P012744   ,1.0,0.0,TEL,1,"CLEVELAND, ANTONIUS",12:10,5,2,3,0,1,1,2,0,2,2,0,0,2,0,0,2,1,1,-9.0
2023,RS,3,26,0,P011971   ,0.0,0.0,TEL,3,"WEBB III, JAMES",14:37,9,0,1,2,4,3,4,1,3,4,0,2,1,0,0,2,3,11,-7.0
2023,RS,3,26,0,P009622   ,1.0,1.0,TEL,4,"BROWN, LORENZO",33:46,13,1,6,2,6,5,6,0,2,2,11,0,7,0,1,2,4,10,7.0
2023,RS,3,26,0,P004233   ,0.0,0.0,TEL,8,"MENCO, RAFI",DNP,0,0,0,0,0,0,0,0,0,0,0,0,0,0,0,0,0,0,0.0
2023,RS,3,26,0,P011219   ,0.0,0.0,TEL,9,"SORKIN, ROMAN",11:15,0,0,2,0,0,0,0,1,1,2,0,0,1,2,1,1,0,-1,-12.0
2023,RS,3,26,0,P007990   ,0.0,1.0,TEL,12,"DIBARTOLOMEO, JOHN",20:11,0,0,0,0,3,0,0,1,1,2,1,0,1,0,0,2,2,-1,-24.0
2023,RS,3,26,0,P011214   ,0.0,1.0,TEL,14,"RIVERO, JASIEL",20:54,5,2,4,0,0,1,2,2,0,2,0,0,1,1,0,2,1,3,-11.0
2023,RS,3,26,0,P005145   ,1.0,0.0,TEL,15,"COHEN, JAKE",13:17,7,2,2,1,1,0,0,0,0,0,2,0,0,0,0,4,0,5,9.0
2023,RS,3,26,0,P011199   ,1.0,0.0,TEL,32,"NEBO, JOSH",21:16,4,2,5,0,0,0,0,2,3,5,0,0,0,0,1,1,1,5,3.0
2023,RS,3,26,0,P011193   ,0.0,1.0,TEL,45,"BLATT, TAMIR",21:02,3,0,0,1,6,0,0,0,1,1,4,0,1,0,0,1,3,4,-8.0
2023,RS,3,26,0,P009783   ,1.0,1.0,TEL,50,"COLSON, BONZIE",31:32,20,6,7,2,5,2,3,0,4,4,0,0,0,0,0,2,3,20,7.0
2023,RS,3,26,0,Team,0.0,0.0,TEL,,Team,,0,0,0,0,0,0,0,1,2,3,0,0,1,0,0,0,0,2,
2023,RS,3,26,0,Total,,,TEL,,Total,200:00,66,15,30,8,26,12,17,8,19,27,18,2,15,3,3,19,18,59,
2023,RS,3,27,1,P009549   ,1.0,1.0,VIR,0,"CORDINIER, ISAIA",25:31,7,0,3,2,6,1,2,1,1,2,2,1,1,0,0,3,3,3,0.0
2023,RS,3,27,1,P010781   ,0.0,0.0,VIR,1,"LUNDBERG, IFFE",06:11,3,0,0,1,2,0,0,0,0,0,1,0,1,0,0,1,1,2,6.0
2023,RS,3,27,1,PBCN      ,1.0,1.0,VIR,3,"BELINELLI, MARCO",24:24,12,3,5,1,4,3,3,0,2,2,2,2,1,0,0,1,2,13,7.0
2023,RS,3,27,1,P006739   ,0.0,0.0,VIR,6,"PAJOLA, ALESSANDRO",19:18,3,0,1,1,4,0,0,0,0,0,3,3,1,0,0,2,0,2,19.0
2023,RS,3,27,1,P011192   ,0.0,0.0,VIR,9,"SMITH, JALEEN",09:00,3,0,0,1,2,0,0,0,1,1,2,0,0,0,0,0,0,5,4.0
2023,RS,3,27,1,P004007   ,0.0,0.0,VIR,13,"DOBRIC, OGNJEN",14:54,6,0,0,2,3,0,0,0,1,1,0,0,1,0,0,1,0,4,5.0
2023,RS,3,27,1,P012714   ,0.0,0.0,VIR,15,"CACOK, DEVONTAE",DNP,0,0,0,0,0,0,0,0,0,0,0,0,0,0,0,0,0,0,0.0
2023,RS,3,27,1,P001133   ,1.0,1.0,VIR,21,"SHENGELIA, TORNIKE",27:22,26,8,9,1,2,7,8,0,4,4,3,0,0,0,0,2,4,32,14.0
2023,RS,3,27,1,P001844   ,1.0,1.0,VIR,23,"HACKETT, DANIEL",20:42,5,1,2,1,3,0,0,2,2,4,6,2,1,0,0,2,2,13,-8.0
2023,RS,3,27,1,P008847   ,0.0,1.0,VIR,25,"MICKEY, JORDAN",18:41,15,7,11,0,1,1,3,2,3,5,1,1,2,1,1,1,3,15,5.0
2023,RS,3,27,1,P003048   ,1.0,0.0,VIR,42,"DUNSTON, BRYANT",21:19,7,3,3,0,0,1,1,1,3,4,1,0,1,0,0,2,2,11,6.0
2023,RS,3,27,1,P003527   ,0.0,0.0,VIR,55,"ABASS, AWUDU",12:38,0,0,1,0,2,0,0,1,1,2,0,0,1,1,0,1,0,-2,-3.0
2023,RS,3,27,1,Team,0.0,0.0,VIR,,Team,,0,0,0,0,0,0,0,1,3,4,0,0,0,0,0,0,0,4,
2023,RS,3,27,1,Total,,,VIR,,Total,200:00,87,22,35,10,29,13,17,8,21,29,21,9,10,2,1,16,17,102,
2023,RS,3,27,0,P012720   ,1.0,1.0,BER,0,"BROWN, STERLING",26:32,17,5,6,1,5,4,4,0,6,6,2,0,1,0,0,2,3,20,2.0
2023,RS,3,27,0,P008384   ,0.0,0.0,BER,1,"PROCIDA, GABRIELE",13:28,2,1,4,0,1,0,0,2,2,4,0,1,0,0,1,1,0,1,-13.0
2023,RS,3,27,0,P008173   ,0.0,1.0,BER,3,"SPAGNOLO, MATTEO",14:52,15,5,9,1,1,2,2,0,0,0,2,1,1,0,0,0,2,15,-4.0
2023,RS,3,27,0,P008211   ,0.0,0.0,BER,6,"DELOW, MALTE",11:02,6,1,1,1,1,1,1,0,1,1,0,0,2,0,0,3,2,4,11.0
2023,RS,3,27,0,P007025   ,0.0,0.0,BER,9,"MATTISSECK, JONAS",12:21,3,0,0,1,1,0,0,0,0,0,0,0,1,0,0,1,3,4,-9.0
2023,RS,3,27,0,P006251   ,0.0,0.0,BER,10,"SCHNEIDER, TIM",14:52,4,2,4,0,0,0,0,1,0,1,0,0,0,0,0,1,0,2,-18.0
2023,RS,3,27,0,P008967   ,1.0,1.0,BER,11,"THOMAS, MATT",27:39,2,1,2,0,2,0,0,0,2,2,3,1,3,0,0,1,0,1,-2.0
2023,RS,3,27,0,P006819   ,0.0,1.0,BER,16,"NIKIC, KRESIMIR",01:00,2,1,1,0,0,0,0,0,0,0,0,0,0,0,0,0,0,2,0.0
2023,RS,3,27,0,P007550   ,1.0,0.0,BER,18,"SAMAR, ZIGA",14:06,0,0,0,0,1,0,0,0,0,0,2,2,3,0,0,2,1,-1,-18.0
2023,RS,3,27,0,P006919   ,1.0,1.0,BER,19,"OLINDE, LOUIS",20:23,10,1,1,2,3,2,4,0,3,3,0,0,0,0,0,2,2,10,-4.0
2023,RS,3,27,0,P003958   ,1.0,0.0,BER,32,"THIEMANN, JOHANNES",26:49,13,2,6,3,3,0,2,3,7,10,3,0,3,0,1,1,2,17,8.0
2023,RS,3,27,0,P012721   ,0.0,0.0,BER,34,"BEAN, JUSTIN",16:56,2,1,3,0,1,0,0,1,1,2,0,1,0,1,0,3,1,1,-8.0
2023,RS,3,27,0,Team,0.0,0.0,BER,,Team,,0,0,0,0,0,0,0,0,3,3,0,0,3,0,0,0,0,0,
2023,RS,3,27,0,Total,,,BER,,Total,200:00,76,20,37,9,19,9,13,7,25,32,12,6,17,1,2,17,16,76,
2023,RS,4,28,1,P011157   ,1.0,0.0,ULK,0,"MOTLEY, JOHNATHAN",30:00,15,5,6,1,1,2,4,3,1,4,2,0,2,0,0,3,6,19,14.0
2023,RS,4,28,1,P006661   ,0.0,1.0,ULK,3,"WILBEKIN, SCOTTIE",20:04,18,3,5,3,7,3,3,0,2,2,2,0,0,0,0,0,2,18,6.0
2023,RS,4,28,1,P002968   ,0.0,0.0,ULK,5,"SANLI, SERTAC",07:11,0,0,1,0,1,0,0,1,0,1,1,0,0,0,0,1,0,-1,-13.0
2023,RS,4,28,1,P005844   ,0.0,1.0,ULK,9,"PAPAGIANNIS, GEORGIOS",10:00,2,1,1,0,0,0,0,0,1,1,1,0,0,1,0,1,1,5,1.0
2023,RS,4,28,1,P002969   ,0.0,0.0,ULK,10,"MAHMUTOGLU, MELIH",DNP,0,0,0,0,0,0,0,0,0,0,0,0,0,0,0,0,0,0,0.0
2023,RS,4,28,1,P008962   ,1.0,0.0,ULK,11,"HAYES-DAVIS, NIGEL",27:53,14,2,2,2,6,4,7,1,2,3,4,3,4,0,0,2,4,15,24.0
2023,RS,4,28,1,P006961   ,0.0,1.0,ULK,13,"BIBEROVIC, TARIK",22:14,17,1,2,5,8,0,0,2,2,4,0,0,1,0,0,4,0,12,27.0
2023,RS,4,28,1,P010560   ,1.0,0.0,ULK,21,"PIERRE, DYSHAWN",22:39,7,2,2,1,5,0,0,0,3,3,1,1,0,0,0,1,1,8,-8.0
2023,RS,4,28,1,P004004   ,1.0,0.0,ULK,23,"GUDURIC, MARKO",20:58,14,3,6,2,7,2,2,1,0,1,2,1,1,0,0,3,2,8,5.0
2023,RS,4,28,1,P001932   ,1.0,0.0,ULK,33,"CALATHES, NICK",23:42,7,2,6,1,1,0,0,1,7,8,9,2,0,0,2,2,2,20,13.0
2023,RS,4,28,1,P011052   ,0.0,1.0,ULK,41,"MADAR, YAM",15:04,7,2,3,1,2,0,0,0,1,1,0,1,0,0,0,1,1,7,6.0
2023,RS,4,28,1,P011980   ,0.0,1.0,ULK,77,"SESTINA, NATHAN",00:15,0,0,0,0,0,0,0,0,0,0,0,0,0,0,0,0,0,0,0.0
2023,RS,4,28,1,Team,0.0,0.0,ULK,,Team,,0,0,0,0,0,0,0,6,3,9,0,0,0,0,0,0,0,9,
2023,RS,4,28,1,Total,,,ULK,,Total,200:00,101,21,34,16,38,11,16,15,22,37,22,8,8,1,2,18,19,120,
2023,RS,4,28,0,P012729   ,0.0,1.0,ASV,0,"SCOTT, MIKE",18:16,5,1,3,1,5,0,0,0,2,2,2,0,0,0,0,0,0,3,-13.0
2023,RS,4,28,0,P011225   ,1.0,0.0,ASV,3,"LEE, PARIS",20:14,9,0,2,3,4,0,0,0,1,1,5,1,1,0,0,5,1,8,9.0
2023,RS,4,28,0,PKIR      ,1.0,1.0,ASV,5,"KAHUDI, CHARLES",29:29,6,2,7,0,1,2,2,2,6,8,1,0,2,0,0,2,4,9,-12.0
2023,RS,4,28,0,P004194   ,1.0,1.0,ASV,7,"LAUVERGNE, JOFFREY",25:16,11,4,7,1,1,0,0,2,1,3,5,2,2,0,0,1,1,16,-10.0
2023,RS,4,28,0,P003274   ,0.0,0.0,ASV,10,"DALLO, BORIS",DNP,0,0,0,0,0,0,0,0,0,0,0,0,0,0,0,0,0,0,0.0
2023,RS,4,28,0,P000229   ,0.0,0.0,ASV,11,"JACKSON, EDWIN",01:02,0,0,0,0,0,0,0,0,0,0,0,0,0,0,0,1,0,-1,-4.0
2023,RS,4,28,0,P002100   ,0.0,1.0,ASV,12,"DE COLO, NANDO",24:49,11,2,5,1,4,4,4,0,2,2,3,0,5,0,0,2,4,7,-17.0
2023,RS,4,28,0,P012730   ,0.0,0.0,ASV,15,"EGBUNU, JOHN",11:14,4,2,3,0,0,0,0,3,2,5,0,0,0,0,1,4,0,3,1.0
2023,RS,4,28,0,P006568   ,1.0,0.0,ASV,19,"FALL, YOUSSOUPHA",24:42,7,1,2,0,0,5,6,0,2,2,0,0,1,1,0,0,4,11,-7.0
2023,RS,4,28,0,P012731   ,0.0,0.0,ASV,24,"NDIAYE, MBAYE",11:19,6,3,3,0,0,0,1,1,0,1,1,1,0,1,0,1,1,9,-5.0
2023,RS,4,28,0,P011386   ,0.0,0.0,ASV,31,"YAACOV, NOAM",05:16,2,1,1,0,1,0,0,0,0,0,0,0,0,0,0,1,0,0,-4.0
2023,RS,4,28,0,P012732   ,1.0,1.0,ASV,33,"JACKSON, FRANK",28:23,25,5,5,3,8,6,8,0,2,2,3,0,0,0,0,3,3,23,-13.0
2023,RS,4,28,0,Team,0.0,0.0,ASV,,Team,,0,0,0,0,0,0,0,3,2,5,0,0,1,0,0,0,0,4,
2023,RS,4,28,0,Total,,,ASV,,Total,200:00,86,21,38,9,24,17,21,11,20,31,20,4,12,2,1,20,18,92,
2023,RS,4,29,1,P008855   ,1.0,0.0,OLY,0,"WALKUP, THOMAS",37:16,11,2,4,1,8,4,4,1,2,3,4,3,3,0,1,4,3,7,8.0
2023,RS,4,29,1,P007982   ,0.0,1.0,OLY,1,"WILLIAMS-GOSS, NIGEL",31:09,9,2,9,1,4,2,2,1,0,1,3,1,0,0,1,4,2,1,8.0
2023,RS,4,29,1,P010612   ,1.0,1.0,OLY,3,"CANAAN, ISAIAH",24:25,11,1,1,3,8,0,0,0,0,0,2,2,2,0,0,2,1,7,-6.0
2023,RS,4,29,1,P006302   ,0.0,0.0,OLY,4,"LOUNTZIS, MICHALIS",05:30,2,0,1,0,1,2,2,0,0,0,0,0,0,0,1,0,1,0,-4.0
2023,RS,4,29,1,P010392   ,0.0,1.0,OLY,5,"LARENTZAKIS, GIANNOULIS",22:00,19,2,4,2,6,9,9,1,2,3,1,3,0,0,0,3,6,23,14.0
2023,RS,4,29,1,P012023   ,0.0,0.0,OLY,9,"PAPAS, GEORGE",DNP,0,0,0,0,0,0,0,0,0,0,0,0,0,0,0,0,0,0,0.0
2023,RS,4,29,1,P008811   ,1.0,0.0,OLY,10,"FALL, MOUSTAPHA",19:35,5,2,2,0,0,1,1,2,2,4,2,0,2,1,0,4,3,9,-10.0
2023,RS,4,29,1,P001255   ,1.0,1.0,OLY,16,"PAPANIKOLAOU, KOSTAS",39:35,10,1,2,2,5,2,2,2,5,7,2,1,2,0,0,2,3,15,9.0
2023,RS,4,29,1,P008829   ,1.0,0.0,OLY,25,"PETERS, ALEC",20:05,15,4,5,2,4,1,2,0,4,4,1,0,2,0,0,3,2,13,-13.0
2023,RS,4,29,1,P003941   ,0.0,1.0,OLY,33,"MILUTINOV, NIKOLA",25:25,16,2,4,0,0,12,14,5,2,7,2,0,1,0,0,0,10,30,14.0
2023,RS,4,29,1,P010631   ,0.0,0.0,OLY,50,"TANOULIS, GEORGIOS",DNP,0,0,0,0,0,0,0,0,0,0,0,0,0,0,0,0,0,0,0.0
2023,RS,4,29,1,P012298   ,0.0,0.0,OLY,81,"ABOSI, VENIAMIN",DNP,0,0,0,0,0,0,0,0,0,0,0,0,0,0,0,0,0,0,0.0
2023,RS,4,29,1,Team,0.0,0.0,OLY,,Team,,0,0,0,0,0,0,0,6,3,9,0,0,1,0,0,0,0,8,
2023,RS,4,29,1,Total,,,OLY,,Total,225:00,98,16,32,11,36,33,36,18,20,38,17,10,13,1,3,22,31,113,
2023,RS,4,29,0,P009212   ,0.0,0.0,PAR,1,"VUKCEVIC, TRISTAN",DNP,0,0,0,0,0,0,0,0,0,0,0,0,0,0,0,0,0,0,0.0
2023,RS,4,29,0,P008987   ,0.0,0.0,PAR,2,"LEDAY, ZACH",41:29,18,4,7,1,3,7,7,1,4,5,4,4,2,0,0,5,5,24,-5.0
2023,RS,4,29,0,P003983   ,1.0,1.0,PAR,4,"AVRAMOVIC, ALEKSA",19:35,5,1,2,0,1,3,4,1,1,2,2,0,3,1,1,2,2,3,-6.0
2023,RS,4,29,0,P011050   ,0.0,1.0,PAR,5,"KOPRIVICA, BALSA",10:01,0,0,0,0,0,0,0,1,0,1,1,0,0,0,0,2,0,0,-11.0
2023,RS,4,29,0,P009862   ,1.0,1.0,PAR,7,"PUNTER, KEVIN",36:31,17,6,11,0,3,5,6,0,5,5,2,2,3,0,0,2,3,15,3.0
2023,RS,4,29,0,P011051   ,1.0,0.0,PAR,9,"SMAILAGIC, ALEN",15:47,16,3,4,3,3,1,2,0,1,1,1,1,0,0,0,5,5,17,9.0
2023,RS,4,29,0,P004058   ,0.0,0.0,PAR,10,"JARAMAZ, OGNJEN",03:13,0,0,0,0,0,0,0,0,0,0,1,0,1,0,0,0,1,1,-2.0
2023,RS,4,29,0,P007400   ,1.0,1.0,PAR,21,"NUNNALLY, JAMES",34:18,12,3,5,2,4,0,0,0,3,3,2,1,1,0,0,2,1,12,-7.0
2023,RS,4,29,0,P007673   ,0.0,0.0,PAR,32,"TRIFUNOVIC, UROS",03:11,0,0,0,0,0,0,0,0,0,0,0,0,0,0,0,0,0,0,-2.0
2023,RS,4,29,0,P000956   ,0.0,1.0,PAR,33,"ANDJUSIC, DANILO",34:43,11,1,2,2,3,3,4,1,1,2,2,0,3,2,0,4,3,10,0.0
2023,RS,4,29,0,P012742   ,0.0,0.0,PAR,35,"DOZIER JR, PERRY",09:48,6,2,3,0,1,2,2,2,2,4,0,0,3,0,0,5,1,1,-5.0
2023,RS,4,29,0,P012743   ,1.0,0.0,PAR,44,"KAMINSKY, FRANK",16:24,9,1,2,2,6,1,2,2,1,3,2,0,1,0,0,5,1,3,6.0
2023,RS,4,29,0,Team,0.0,0.0,PAR,,Team,,0,0,0,0,0,0,0,2,3,5,0,0,1,0,0,0,0,4,
2023,RS,4,29,0,Total,,,PAR,,Total,225:00,94,21,36,10,24,22,27,10,21,31,17,8,18,3,1,32,22,90,
2023,RS,4,30,1,P001392   ,0.0,0.0,MAD,1,"CAUSEUR, FABIEN",DNP,0,0,0,0,0,0,0,0,0,0,0,0,0,0,0,0,0,0,0.0
2023,RS,4,30,1,PBMT      ,0.0,0.0,MAD,5,"FERNANDEZ, RUDY",19:03,3,0,0,1,3,0,0,0,3,3,1,0,1,0,0,2,1,3,2.0
2023,RS,4,30,1,P005928   ,1.0,1.0,MAD,7,"CAMPAZZO, FACUNDO",19:51,12,2,4,2,4,2,2,1,2,3,10,0,2,0,0,3,5,21,6.0
2023,RS,4,30,1,P003108   ,0.0,1.0,MAD,11,"HEZONJA, MARIO",21:22,13,6,7,0,1,1,1,0,3,3,0,3,0,0,0,2,1,16,9.0
2023,RS,4,30,1,PCVM      ,0.0,0.0,MAD,13,"RODRIGUEZ, SERGIO",18:12,5,1,3,1,4,0,0,0,0,0,5,0,2,0,0,3,0,0,13.0
2023,RS,4,30,1,P009005   ,1.0,1.0,MAD,14,"DECK, GABRIEL",20:34,8,4,7,0,0,0,0,1,2,3,0,0,1,0,1,2,0,4,12.0
2023,RS,4,30,1,P004887   ,0.0,1.0,MAD,17,"POIRIER, VINCENT",18:05,9,4,6,0,0,1,2,2,2,4,0,0,2,0,0,3,4,9,11.0
2023,RS,4,30,1,P005791   ,1.0,0.0,MAD,22,"TAVARES, WALTER",11:01,8,4,5,0,0,0,0,0,0,0,0,0,3,0,0,4,0,0,3.0
2023,RS,4,30,1,PTGB      ,0.0,0.0,MAD,23,"LLULL, SERGIO",21:19,19,1,2,5,10,2,2,0,1,1,2,1,2,0,0,1,2,16,11.0
2023,RS,4,30,1,P010357   ,1.0,0.0,MAD,28,"YABUSELE, GUERSCHON",25:17,3,0,1,1,1,0,0,0,3,3,0,1,0,0,0,2,1,5,14.0
2023,RS,4,30,1,P009213   ,0.0,1.0,MAD,30,"NDIAYE, ELI",07:35,2,0,0,0,0,2,2,1,1,2,0,0,0,0,0,0,1,5,-2.0
2023,RS,4,30,1,P006540   ,1.0,0.0,MAD,31,"MUSA, DZANAN",17:41,6,2,2,0,0,2,3,0,2,2,3,0,2,1,0,1,5,13,6.0
2023,RS,4,30,1,Team,0.0,0.0,MAD,,Team,,0,0,0,0,0,0,0,2,2,4,0,0,0,0,0,0,0,4,
2023,RS,4,30,1,Total,,,MAD,,Total,200:00,88,24,37,10,23,10,12,7,21,28,21,5,15,1,1,23,20,96,
2023,RS,4,30,0,P009960   ,0.0,0.0,MIL,2,"POYTHRESS, ALEX",14:56,4,2,4,0,1,0,0,2,0,2,0,0,2,0,0,3,0,-2,-4.0
2023,RS,4,30,0,P006433   ,1.0,0.0,MIL,5,"PANGOS, KEVIN",21:24,9,2,3,1,5,2,2,1,1,2,0,1,3,0,0,3,5,6,-8.0
2023,RS,4,30,0,P006509   ,0.0,0.0,MIL,7,"TONUT, STEFANO",09:25,2,1,2,0,0,0,0,0,1,1,1,0,2,0,0,0,2,3,-7.0
2023,RS,4,30,0,P002849   ,1.0,0.0,MIL,9,"MELLI, NICOLO",18:22,0,0,0,0,1,0,2,1,2,3,4,0,2,1,0,2,1,2,-7.0
2023,RS,4,30,0,P011926   ,0.0,1.0,MIL,14,"KAMAGATE, ISMAEL",02:47,2,1,3,0,0,0,0,0,0,0,0,0,0,0,0,0,0,0,0.0
2023,RS,4,30,0,P001518   ,0.0,1.0,MIL,17,"RICCI, GIAMPAOLO",05:24,0,0,1,0,0,0,0,0,2,2,0,0,0,0,0,0,0,1,-4.0
2023,RS,4,30,0,P005670   ,0.0,1.0,MIL,21,"FLACCADORI, DIEGO",18:47,5,2,3,0,1,1,1,0,0,0,1,1,1,0,0,4,0,0,-7.0
2023,RS,4,30,0,P011205   ,0.0,1.0,MIL,22,"HALL, DEVON",24:17,9,2,2,1,3,2,2,1,2,3,2,1,3,0,0,4,2,8,-3.0
2023,RS,4,30,0,P007831   ,1.0,1.0,MIL,31,"SHIELDS, SHAVON",32:26,16,4,8,1,3,5,7,5,2,7,1,0,2,0,1,2,8,19,-18.0
2023,RS,4,30,0,P000796   ,1.0,0.0,MIL,33,"MIROTIC, NIKOLA",26:41,13,5,8,0,3,3,4,0,6,6,0,2,0,0,0,2,3,15,-13.0
2023,RS,4,30,0,P002812   ,0.0,0.0,MIL,42,"HINES, KYLE",04:03,2,1,1,0,0,0,0,1,0,1,0,0,1,0,0,0,0,2,-2.0
2023,RS,4,30,0,P007201   ,1.0,0.0,MIL,77,"VOIGTMANN, JOHANNES",21:28,9,3,6,1,2,0,0,2,0,2,1,1,2,0,0,0,0,7,-12.0
2023,RS,4,30,0,Team,0.0,0.0,MIL,,Team,,0,0,0,0,0,0,0,1,1,2,0,0,0,0,0,0,0,2,
2023,RS,4,30,0,Total,,,MIL,,Total,200:00,71,23,41,4,19,13,18,14,17,31,10,6,18,1,1,20,21,63,
2023,RS,4,31,1,P011948   ,1.0,1.0,BAS,0,"HOWARD, MARKUS",25:56,26,2,6,6,13,4,4,0,0,0,1,0,1,0,0,4,6,17,-10.0
2023,RS,4,31,1,P011064   ,0.0,1.0,BAS,1,"MANNION, NICCOLO",15:05,2,1,5,0,2,0,0,1,1,2,2,0,0,0,0,3,2,-1,-14.0
2023,RS,4,31,1,P008850   ,0.0,0.0,BAS,2,"RAIESTE, SANDER",DNP,0,0,0,0,0,0,0,0,0,0,0,0,0,0,0,0,0,0,0.0
2023,RS,4,31,1,P007230   ,1.0,1.0,BAS,8,"SEDEKERSKIS, TADAS",26:45,6,2,3,0,1,2,2,2,3,5,1,0,0,0,0,0,1,11,-26.0
2023,RS,4,31,1,P004761   ,0.0,1.0,BAS,9,"MARINKOVIC, VANJA",17:58,0,0,2,0,1,0,0,2,0,2,2,1,3,0,0,2,0,-3,-21.0
2023,RS,4,31,1,P009048   ,1.0,0.0,BAS,10,"MILLER-MCINTYRE, CODI",24:05,7,2,6,0,1,3,4,0,3,3,7,0,0,0,0,2,2,11,2.0
2023,RS,4,31,1,P003198   ,0.0,0.0,BAS,11,"DIEZ, DANIEL",08:23,2,1,2,0,3,0,0,0,1,1,0,0,0,0,0,0,0,-1,-13.0
2023,RS,4,31,1,P011085   ,0.0,0.0,BAS,17,"ROGKAVOPOULOS, NIKOLAOS",15:54,4,0,0,1,2,1,2,0,1,1,1,2,1,0,1,2,2,4,5.0
2023,RS,4,31,1,P004603   ,0.0,0.0,BAS,21,"KOTSAR, MAIK",13:43,2,1,3,0,0,0,0,1,3,4,0,1,0,0,0,1,2,6,-5.0
2023,RS,4,31,1,P010444   ,1.0,1.0,BAS,24,"COSTELLO, MATTHEW",24:38,1,0,0,0,1,1,2,1,0,1,2,0,0,1,0,1,2,4,-11.0
2023,RS,4,31,1,P012201   ,1.0,0.0,BAS,95,"MONEKE, CHIMA",27:33,32,7,11,4,8,6,9,4,5,9,1,2,0,2,0,5,7,37,8.0
2023,RS,4,31,1,Team,0.0,0.0,BAS,,Team,,0,0,0,0,0,0,0,1,4,5,0,0,0,0,0,0,0,5,
2023,RS,4,31,1,Total,,,BAS,,Total,200:00,82,16,38,11,32,17,23,12,21,33,17,6,5,3,1,20,24,90,
2023,RS,4,31,0,P011218   ,1.0,0.0,ZAL,2,"EVANS, KEENAN",24:41,14,2,4,1,3,7,8,0,3,3,4,0,1,1,0,1,7,22,-1.0
2023,RS,4,31,0,P011965   ,0.0,0.0,ZAL,3,"MITROU-LONG, NAZ",13:06,9,4,5,0,2,1,1,0,3,3,2,0,2,0,0,3,2,8,13.0
2023,RS,4,31,0,P003210   ,0.0,0.0,ZAL,4,"LEKAVICIUS, LUKAS",DNP,0,0,0,0,0,0,0,0,0,0,0,0,0,0,0,0,0,0,0.0
2023,RS,4,31,0,P010390   ,1.0,0.0,ZAL,8,"HAYES, KEVARRIUS",11:16,2,1,3,0,0,0,0,1,1,2,1,0,0,0,1,2,0,0,-10.0
2023,RS,4,31,0,P007513   ,0.0,1.0,ZAL,9,"GIEDRAITIS, DOVYDAS",22:37,13,2,6,3,3,0,0,0,0,0,4,1,0,0,1,3,1,11,22.0
2023,RS,4,31,0,P007109   ,1.0,1.0,ZAL,10,"SMITS, ROLANDS",25:30,21,2,4,3,4,8,8,0,8,8,0,0,0,0,0,4,5,27,16.0
2023,RS,4,31,0,P005504   ,0.0,0.0,ZAL,15,"BIRUTIS, LAURYNAS",08:12,6,3,4,0,0,0,0,1,0,1,0,0,1,0,0,4,1,2,14.0
2023,RS,4,31,0,P003211   ,1.0,0.0,ZAL,33,"DIMSA, TOMAS",17:23,13,3,3,2,4,1,1,0,0,0,2,0,1,0,0,1,1,12,-5.0
2023,RS,4,31,0,P006860   ,0.0,0.0,ZAL,35,"LAVRINOVICIUS, DANIELIUS",00:32,0,0,0,0,0,0,0,0,0,0,0,0,0,0,0,0,0,0,1.0
2023,RS,4,31,0,P012715   ,0.0,1.0,ZAL,45,"MANEK, BRADY",28:00,17,0,2,5,5,2,3,2,12,14,1,0,1,0,1,1,1,27,19.0
2023,RS,4,31,0,P002676   ,0.0,1.0,ZAL,51,"BUTKEVICIUS, ARNAS",15:18,2,1,3,0,0,0,0,1,1,2,1,0,2,0,0,2,0,-1,3.0
2023,RS,4,31,0,P002329   ,1.0,1.0,ZAL,92,"ULANOVAS, EDGARAS",33:25,2,0,5,0,0,2,2,0,4,4,6,0,2,0,0,3,2,4,13.0
2023,RS,4,31,0,Team,0.0,0.0,ZAL,,Team,,0,0,0,0,0,0,0,1,1,2,0,0,0,0,0,0,0,2,
2023,RS,4,31,0,Total,,,ZAL,,Total,200:00,99,18,39,14,21,21,23,6,33,39,21,1,10,1,3,24,20,114,
2023,RS,4,32,1,P007200   ,1.0,1.0,IST,0,"LARKIN, SHANE",32:08,15,2,3,2,6,5,9,0,8,8,6,2,2,1,0,1,6,26,2.0
2023,RS,4,32,1,P006590   ,0.0,1.0,IST,1,"BEAUBOIS, RODRIGUE",23:26,14,4,7,1,3,3,4,0,2,2,4,0,1,0,1,1,3,14,12.0
2023,RS,4,32,1,P012415   ,0.0,0.0,IST,9,"TUNCA, MELIH",DNP,0,0,0,0,0,0,0,0,0,0,0,0,0,0,0,0,0,0,0.0
2023,RS,4,32,1,P004888   ,1.0,1.0,IST,12,"CLYBURN, WILL",34:11,13,5,7,0,4,3,3,1,5,6,2,0,1,0,0,1,5,18,0.0
2023,RS,4,32,1,P011078   ,1.0,1.0,IST,13,"THOMPSON, DARIUS",28:18,13,4,5,1,4,2,2,0,1,1,5,2,2,0,0,4,1,12,2.0
2023,RS,4,32,1,PLHK      ,0.0,0.0,IST,21,"PLEISS, TIBOR",DNP,0,0,0,0,0,0,0,0,0,0,0,0,0,0,0,0,0,0,0.0
2023,RS,4,32,1,P009513   ,0.0,0.0,IST,23,"HOLLATZ, JUSTUS",DNP,0,0,0,0,0,0,0,0,0,0,0,0,0,0,0,0,0,0,0.0
2023,RS,4,32,1,P012710   ,1.0,0.0,IST,24,"OSMANI, ERCAN",08:03,0,0,2,0,1,0,0,0,0,0,0,0,0,0,1,1,0,-5,-6.0
2023,RS,4,32,1,P006372   ,0.0,0.0,IST,33,"YILMAZ, ERKAN",09:39,2,1,1,0,0,0,0,0,0,0,0,0,1,1,0,4,1,-1,-2.0
2023,RS,4,32,1,P009664   ,0.0,1.0,IST,35,"WILLIS, DEREK",24:25,7,2,2,1,4,0,0,2,2,4,3,0,0,0,0,1,1,11,10.0
2023,RS,4,32,1,P004554   ,0.0,0.0,IST,41,"ZIZIC, ANTE",12:56,3,1,2,0,0,1,2,1,2,3,2,0,1,0,0,0,2,7,-7.0
2023,RS,4,32,1,P011981   ,1.0,0.0,IST,88,"JONES, TYRIQUE",26:54,10,5,10,0,0,0,1,1,3,4,1,1,0,0,0,2,3,11,9.0
2023,RS,4,32,1,Team,0.0,0.0,IST,,Team,,0,0,0,0,0,0,0,4,2,6,0,0,1,0,0,0,0,5,
2023,RS,4,32,1,Total,,,IST,,Total,200:00,77,24,39,5,22,14,21,9,25,34,23,5,9,2,2,15,22,98,
2023,RS,4,32,0,P000556   ,1.0,1.0,PAM,1,"CLAVER, VICTOR",20:37,6,1,1,1,2,1,2,3,3,6,0,1,0,0,0,3,2,10,-5.0
2023,RS,4,32,0,P006643   ,0.0,0.0,PAM,2,"PUERTO, JOSEP",18:44,10,2,2,2,3,0,0,1,2,3,0,0,0,0,0,1,3,14,-4.0
2023,RS,4,32,0,P012738   ,0.0,0.0,PAM,3,"REUVERS, NATHAN",10:25,1,0,3,0,3,1,2,0,1,1,1,0,0,0,1,2,2,-5,-6.0
2023,RS,4,32,0,P010393   ,1.0,0.0,PAM,4,"PRADILLA, JAIME",17:46,8,4,4,0,0,0,0,1,1,2,0,0,2,0,0,1,1,8,-9.0
2023,RS,4,32,0,P010568   ,1.0,1.0,PAM,7,"JONES, CHRIS",27:02,9,2,8,1,2,2,2,0,8,8,4,2,1,0,1,1,1,14,6.0
2023,RS,4,32,0,P009101   ,0.0,0.0,PAM,8,"FERRANDO, GUILLEM",07:03,3,0,0,1,1,0,0,0,0,0,2,0,0,0,0,3,0,2,-10.0
2023,RS,4,32,0,P003960   ,0.0,1.0,PAM,10,"INGLIS, DAMIEN",19:39,13,5,8,1,1,0,0,0,3,3,4,0,0,0,0,2,0,15,11.0
2023,RS,4,32,0,P004863   ,0.0,1.0,PAM,16,"JOVIC, STEFAN",22:11,6,3,4,0,2,0,0,1,3,4,3,0,1,0,0,3,1,7,-12.0
2023,RS,4,32,0,P012739   ,1.0,0.0,PAM,21,"TOURE, BOUBACAR",10:44,5,2,4,0,0,1,2,1,3,4,1,0,2,0,0,3,2,4,-5.0
2023,RS,4,32,0,P012740   ,1.0,0.0,PAM,30,"ROBERTSON, KASSIUS",23:46,4,0,1,1,6,1,2,0,0,0,2,1,0,1,0,2,1,0,10.0
2023,RS,4,32,0,P007870   ,0.0,1.0,PAM,32,"DAVIES, BRANDON",22:03,8,2,5,1,1,1,2,0,2,2,1,0,1,1,0,1,2,8,4.0
2023,RS,4,32,0,P010754   ,0.0,0.0,PAM,50,"MARI, LUCAS",DNP,0,0,0,0,0,0,0,0,0,0,0,0,0,0,0,0,0,0,0.0
2023,RS,4,32,0,Team,0.0,0.0,PAM,,Team,,0,0,0,0,0,0,0,0,1,1,0,0,2,0,0,0,0,-1,
2023,RS,4,32,0,Total,,,PAM,,Total,200:00,73,21,40,8,21,7,12,7,27,34,18,4,9,2,2,22,15,76,
2023,RS,4,33,1,P011212   ,0.0,1.0,MCO,2,"OKOBO, ELIE",21:55,7,2,5,1,2,0,0,0,0,0,3,0,4,0,0,3,0,-1,-1.0
2023,RS,4,33,1,P011231   ,0.0,0.0,MCO,4,"BLOSSOMGAME, JARON",11:36,8,0,4,2,3,2,2,2,2,4,2,0,0,0,0,1,1,9,-1.0
2023,RS,4,33,1,P010588   ,1.0,1.0,MCO,10,"BROWN, JOHN",19:50,8,4,5,0,1,0,0,1,0,1,2,1,1,0,0,1,2,10,17.0
2023,RS,4,33,1,P011226   ,1.0,1.0,MCO,11,"DIALLO, ALPHA",29:24,9,4,5,0,1,1,1,0,6,6,4,2,1,0,0,2,2,18,7.0
2023,RS,4,33,1,P004790   ,0.0,1.0,MCO,12,"CORNELIE, PETR",13:38,9,0,1,3,3,0,0,0,3,3,1,0,1,0,0,2,0,9,-4.0
2023,RS,4,33,1,P002581   ,0.0,0.0,MCO,14,"JAITEH, MAM",03:29,2,1,1,0,0,0,0,1,0,1,0,0,0,0,0,1,1,3,-7.0
2023,RS,4,33,1,P012709   ,0.0,0.0,MCO,15,"WALKER, KEMBA",12:42,5,1,2,1,1,0,0,0,1,1,3,0,2,0,0,2,0,4,5.0
2023,RS,4,33,1,PLCZ      ,1.0,0.0,MCO,20,"MOTIEJUNAS, DONATAS",14:50,6,3,4,0,0,0,0,1,4,5,1,2,0,0,0,0,2,15,16.0
2023,RS,4,33,1,P004197   ,0.0,0.0,MCO,24,"OUATTARA, YAKUBA",13:50,9,3,3,1,1,0,0,0,2,2,0,0,1,0,0,0,0,10,1.0
2023,RS,4,33,1,P008099   ,1.0,1.0,MCO,32,"STRAZEL, MATTHEW",14:17,2,1,2,0,3,0,1,0,0,0,1,0,0,0,0,1,1,-2,9.0
2023,RS,4,33,1,P011196   ,0.0,0.0,MCO,45,"HALL, DONTA",16:41,4,1,1,0,0,2,4,2,2,4,0,1,1,2,0,1,2,9,1.0
2023,RS,4,33,1,P005985   ,1.0,0.0,MCO,55,"JAMES, MIKE",27:48,17,5,7,1,4,4,4,0,5,5,7,1,2,0,1,2,3,23,12.0
2023,RS,4,33,1,Team,0.0,0.0,MCO,,Team,,0,0,0,0,0,0,0,0,1,1,0,0,1,0,0,0,0,0,
2023,RS,4,33,1,Total,,,MCO,,Total,200:00,86,25,40,9,19,9,12,7,26,33,24,7,14,2,1,16,14,107,
2023,RS,4,33,0,P012720   ,0.0,1.0,BER,0,"BROWN, STERLING",24:20,15,5,8,1,5,2,2,1,3,4,3,0,0,0,1,2,2,14,-5.0
2023,RS,4,33,0,P008384   ,0.0,0.0,BER,1,"PROCIDA, GABRIELE",15:08,7,3,3,0,2,1,2,0,1,1,0,2,1,1,0,0,1,8,1.0
2023,RS,4,33,0,P008173   ,1.0,0.0,BER,3,"SPAGNOLO, MATTEO",19:52,0,0,3,0,2,0,0,0,1,1,3,0,5,0,0,1,1,-6,-16.0
2023,RS,4,33,0,P008211   ,0.0,1.0,BER,6,"DELOW, MALTE",20:08,10,1,2,2,4,2,2,2,0,2,2,1,2,0,0,1,1,10,5.0
2023,RS,4,33,0,P007025   ,0.0,0.0,BER,9,"MATTISSECK, JONAS",05:04,3,0,0,1,1,0,0,0,0,0,1,1,0,0,0,0,0,5,1.0
2023,RS,4,33,0,P006251   ,0.0,0.0,BER,10,"SCHNEIDER, TIM",15:22,2,1,2,0,2,0,0,1,1,2,1,0,0,0,0,3,1,0,-2.0
2023,RS,4,33,0,P008967   ,1.0,1.0,BER,11,"THOMAS, MATT",26:40,17,0,1,5,8,2,2,2,1,3,2,0,3,0,0,0,2,17,-15.0
2023,RS,4,33,0,P006819   ,1.0,0.0,BER,16,"NIKIC, KRESIMIR",11:52,0,0,3,0,0,0,0,0,1,1,0,0,0,0,1,2,0,-5,9.0
2023,RS,4,33,0,P007550   ,0.0,0.0,BER,18,"SAMAR, ZIGA",DNP,0,0,0,0,0,0,0,0,0,0,0,0,0,0,0,0,0,0,0.0
2023,RS,4,33,0,P006919   ,1.0,1.0,BER,19,"OLINDE, LOUIS",21:31,8,1,3,2,4,0,0,2,2,4,0,1,1,0,0,2,1,7,-5.0
2023,RS,4,33,0,P003958   ,1.0,1.0,BER,32,"THIEMANN, JOHANNES",25:06,7,2,5,0,3,3,4,0,7,7,1,0,0,0,0,2,3,9,-21.0
2023,RS,4,33,0,P012721   ,0.0,0.0,BER,34,"BEAN, JUSTIN",14:57,6,2,2,0,1,2,2,2,1,3,3,1,1,0,0,1,3,13,-7.0
2023,RS,4,33,0,Team,0.0,0.0,BER,,Team,,0,0,0,0,0,0,0,2,1,3,0,0,1,0,0,0,0,2,
2023,RS,4,33,0,Total,,,BER,,Total,200:00,75,15,32,11,32,12,14,12,19,31,16,6,14,1,2,14,15,74,
2023,RS,4,34,1,P011244   ,1.0,0.0,BAR,1,"DA SILVA, OSCAR",16:41,5,1,1,1,1,0,0,2,1,3,0,0,0,1,0,1,1,9,17.0
2023,RS,4,34,1,P000925   ,1.0,0.0,BAR,6,"VESELY, JAN",11:58,14,5,7,0,0,4,4,1,3,4,1,0,0,0,0,2,3,18,14.0
2023,RS,4,34,1,P009992   ,0.0,1.0,BAR,8,"BRIZUELA, DARIO",20:45,8,1,4,2,5,0,0,1,1,2,5,1,0,0,0,3,1,8,16.0
2023,RS,4,34,1,P004866   ,1.0,0.0,BAR,10,"KALINIC, NIKOLA",17:12,3,1,1,0,1,1,2,1,3,4,3,1,1,0,0,0,1,9,21.0
2023,RS,4,34,1,P002939   ,1.0,0.0,BAR,13,"SATORANSKY, TOMAS",18:27,9,0,1,3,5,0,0,0,3,3,0,0,0,0,0,1,2,10,14.0
2023,RS,4,34,1,P003196   ,0.0,0.0,BAR,14,"HERNANGOMEZ, WILLY",17:39,11,1,5,1,4,6,6,2,5,7,0,1,0,1,1,0,5,17,20.0
2023,RS,4,34,1,P006435   ,1.0,0.0,BAR,20,"LAPROVITTOLA, NICOLAS",13:58,5,0,0,1,3,2,2,0,0,0,6,1,0,0,0,0,2,12,18.0
2023,RS,4,34,1,P003478   ,0.0,0.0,BAR,21,"ABRINES, ALEX",05:17,3,0,0,1,1,0,0,0,0,0,0,0,0,0,0,2,0,1,5.0
2023,RS,4,34,1,P012745   ,0.0,1.0,BAR,22,"PARKER, JABARI",23:19,15,3,6,3,4,0,0,0,6,6,2,1,0,1,0,4,0,17,22.0
2023,RS,4,34,1,P010641   ,0.0,1.0,BAR,23,"NNAJI, JAMES",10:23,10,3,4,0,0,4,7,1,2,3,1,1,1,0,0,2,4,12,5.0
2023,RS,4,34,1,P007519   ,0.0,1.0,BAR,31,"JOKUBAITIS, ROKAS",21:33,9,3,6,1,2,0,0,1,1,2,4,0,2,0,0,1,1,9,25.0
2023,RS,4,34,1,P007464   ,0.0,1.0,BAR,44,"PARRA, JOEL",22:48,6,3,5,0,1,0,0,2,4,6,0,1,1,0,0,2,2,9,18.0
2023,RS,4,34,1,Team,0.0,0.0,BAR,,Team,,0,0,0,0,0,0,0,0,2,2,0,0,0,0,0,0,0,2,
2023,RS,4,34,1,Total,,,BAR,,Total,200:00,98,21,40,13,27,17,21,11,31,42,22,7,5,3,1,18,22,133,
2023,RS,4,34,0,P010391   ,0.0,1.0,MUN,0,"WEILER-BABB, NICK",24:07,5,1,2,1,4,0,0,0,1,1,2,2,0,0,0,2,1,5,-15.0
2023,RS,4,34,0,P007975   ,0.0,1.0,MUN,1,"FRANCISCO, SYLVAIN",17:33,7,2,2,0,3,3,4,0,5,5,2,0,1,0,0,0,4,13,-18.0
2023,RS,4,34,0,P011987   ,1.0,0.0,MUN,3,"EDWARDS, CARSEN",13:49,3,0,3,1,3,0,0,0,1,1,0,0,0,0,1,2,1,-3,-24.0
2023,RS,4,34,0,P006245   ,0.0,1.0,MUN,5,"WEIDEMANN, NELSON",07:45,3,0,0,1,2,0,0,0,2,2,2,0,0,0,0,1,0,5,-2.0
2023,RS,4,34,0,P001557   ,0.0,0.0,MUN,7,"GIFFEY, NIELS",22:12,2,1,2,0,3,0,0,1,1,2,2,1,1,0,0,2,0,0,-18.0
2023,RS,4,34,0,P006760   ,1.0,1.0,MUN,9,"BONGA, ISAAC",15:21,7,1,2,1,4,2,3,1,4,5,0,0,3,0,0,3,3,4,-17.0
2023,RS,4,34,0,P008985   ,1.0,0.0,MUN,10,"BOLMARO, LEANDRO",16:47,2,1,2,0,1,0,0,0,1,1,1,1,4,0,0,2,1,-2,-19.0
2023,RS,4,34,0,P004508   ,0.0,0.0,MUN,13,"OBST, ANDREAS",24:06,6,0,0,2,5,0,0,0,1,1,1,0,0,0,0,2,1,4,-15.0
2023,RS,4,34,0,P003583   ,0.0,1.0,MUN,14,"IBAKA, SERGE",22:31,13,5,12,0,2,3,5,4,4,8,1,0,1,1,1,4,4,10,-16.0
2023,RS,4,34,0,P005460   ,0.0,0.0,MUN,20,"HARRIS, ELIAS",10:14,0,0,2,0,0,0,0,2,0,2,1,1,0,0,1,2,0,-1,-15.0
2023,RS,4,34,0,P007056   ,1.0,0.0,MUN,31,"BOOKER, DEVIN",13:00,9,2,4,1,1,2,2,0,1,1,0,0,1,0,0,0,1,8,-16.0
2023,RS,4,34,0,P011941   ,1.0,0.0,MUN,33,"GILLESPIE, FREDDIE",12:35,2,1,3,0,0,0,0,1,4,5,0,0,1,0,0,2,2,4,-20.0
2023,RS,4,34,0,Team,0.0,0.0,MUN,,Team,,0,0,0,0,0,0,0,3,0,3,0,0,0,0,0,0,0,3,
2023,RS,4,34,0,Total,,,MUN,,Total,200:00,59,14,34,7,28,10,14,12,25,37,12,5,12,1,3,22,18,50,
2023,RS,4,35,1,P011209   ,0.0,0.0,PAN,0,"KALAITZAKIS, PANAGIOTIS",09:42,2,1,1,0,0,0,0,0,0,0,1,2,0,0,0,1,0,4,5.0
2023,RS,4,35,1,P007947   ,0.0,1.0,PAN,2,"VILDOZA, LUCA",27:48,15,1,1,4,8,1,1,1,2,3,4,3,5,0,0,0,0,16,-9.0
2023,RS,4,35,1,P011826   ,0.0,1.0,PAN,3,"GUY, KYLE",05:34,0,0,0,0,1,0,0,0,0,0,2,0,1,0,0,1,0,-1,-6.0
2023,RS,4,35,1,P007553   ,1.0,0.0,PAN,8,"BALCEROWSKI, ALEKSANDER",08:29,0,0,1,0,0,0,0,1,0,1,0,0,1,1,0,1,0,-1,-1.0
2023,RS,4,35,1,P001926   ,1.0,1.0,PAN,10,"SLOUKAS, KOSTAS",32:08,9,1,5,1,6,4,7,0,5,5,8,2,3,0,2,1,6,12,-6.0
2023,RS,4,35,1,P011204   ,1.0,0.0,PAN,22,"GRANT, JERIAN",21:16,8,1,2,1,1,3,3,0,3,3,1,2,1,0,0,2,1,11,1.0
2023,RS,4,35,1,P003842   ,0.0,0.0,PAN,26,"LESSORT, MATHIAS",24:03,12,3,8,0,0,6,10,2,2,4,0,2,3,1,1,2,11,15,-2.0
2023,RS,4,35,1,P011221   ,0.0,1.0,PAN,37,"ANTETOKOUNMPO, KOSTAS",12:29,10,3,4,0,0,4,6,0,1,1,0,1,1,3,0,2,6,15,-2.0
2023,RS,4,35,1,P002328   ,1.0,1.0,PAN,40,"GRIGONIS, MARIUS",34:25,13,2,3,3,7,0,0,0,5,5,0,0,0,0,0,4,0,9,6.0
2023,RS,4,35,1,P012712   ,1.0,0.0,PAN,41,"HERNANGOMEZ, JUANCHO",14:43,1,0,1,0,3,1,2,2,2,4,2,0,1,1,0,0,1,3,-11.0
2023,RS,4,35,1,P007866   ,0.0,0.0,PAN,44,"MITOGLOU, KONSTANTINOS",26:04,11,3,6,1,2,2,4,2,3,5,0,1,0,0,0,3,3,11,8.0
2023,RS,4,35,1,P008084   ,0.0,0.0,PAN,72,"MANTZOUKAS, ELEFTHERIOS",08:19,0,0,0,0,1,0,0,2,1,3,0,0,0,0,0,1,0,1,-8.0
2023,RS,4,35,1,Team,0.0,0.0,PAN,,Team,,0,0,0,0,0,0,0,3,2,5,0,0,2,0,0,0,0,3,
2023,RS,4,35,1,Total,,,PAN,,Total,225:00,81,15,32,10,29,21,33,13,26,39,18,13,18,6,3,18,28,98,
2023,RS,4,35,0,P012744   ,0.0,1.0,TEL,1,"CLEVELAND, ANTONIUS",15:13,7,3,4,0,0,1,2,1,1,2,1,1,0,0,0,4,1,6,7.0
2023,RS,4,35,0,P011971   ,0.0,0.0,TEL,3,"WEBB III, JAMES",04:46,0,0,0,0,0,0,0,0,0,0,0,0,0,0,0,1,0,-1,5.0
2023,RS,4,35,0,P009622   ,1.0,1.0,TEL,4,"BROWN, LORENZO",36:28,12,3,6,1,7,3,3,0,3,3,12,5,5,0,1,3,2,16,4.0
2023,RS,4,35,0,P004233   ,0.0,0.0,TEL,8,"MENCO, RAFI",06:47,0,0,0,0,0,0,0,0,1,1,0,0,1,1,0,2,0,-1,2.0
2023,RS,4,35,0,P011219   ,0.0,0.0,TEL,9,"SORKIN, ROMAN",14:36,4,2,5,0,1,0,2,2,1,3,0,0,3,1,1,3,2,-3,-8.0
2023,RS,4,35,0,P007990   ,1.0,0.0,TEL,12,"DIBARTOLOMEO, JOHN",26:03,15,0,2,5,7,0,0,2,7,9,3,1,2,0,0,5,2,19,-1.0
2023,RS,4,35,0,P011214   ,0.0,1.0,TEL,14,"RIVERO, JASIEL",15:53,0,0,3,0,0,0,0,1,1,2,3,1,1,0,1,2,0,-1,5.0
2023,RS,4,35,0,P005145   ,1.0,0.0,TEL,15,"COHEN, JAKE",18:02,3,0,0,1,3,0,0,1,1,2,1,0,1,0,0,3,0,0,0.0
2023,RS,4,35,0,P011199   ,1.0,1.0,TEL,32,"NEBO, JOSH",28:50,12,5,9,0,0,2,4,2,6,8,0,0,3,1,2,1,3,12,9.0
2023,RS,4,35,0,P011193   ,0.0,0.0,TEL,45,"BLATT, TAMIR",22:24,12,0,0,3,5,3,3,0,1,1,4,3,2,0,0,3,3,16,2.0
2023,RS,4,35,0,P009783   ,1.0,1.0,TEL,50,"COLSON, BONZIE",35:58,21,7,11,1,5,4,4,2,6,8,0,2,1,0,1,2,5,24,0.0
2023,RS,4,35,0,Team,0.0,0.0,TEL,,Team,,0,0,0,0,0,0,0,1,2,3,0,0,1,0,0,0,0,2,
2023,RS,4,35,0,Total,,,TEL,,Total,225:00,86,20,40,11,28,13,18,12,30,42,24,13,20,3,6,29,18,89,
2023,RS,4,36,1,P009549   ,0.0,1.0,VIR,0,"CORDINIER, ISAIA",27:41,11,3,4,1,3,2,3,0,4,4,6,0,2,3,0,2,4,20,0.0
2023,RS,4,36,1,P010781   ,0.0,0.0,VIR,1,"LUNDBERG, IFFE",19:07,10,2,3,2,5,0,1,0,3,3,3,0,1,0,0,0,3,13,-2.0
2023,RS,4,36,1,PBCN      ,1.0,0.0,VIR,3,"BELINELLI, MARCO",23:33,15,1,3,4,7,1,1,0,2,2,2,0,2,0,0,2,1,11,10.0
2023,RS,4,36,1,P006739   ,0.0,1.0,VIR,6,"PAJOLA, ALESSANDRO",14:52,10,1,1,2,2,2,2,0,3,3,1,0,0,0,0,3,3,14,2.0
2023,RS,4,36,1,P011192   ,0.0,0.0,VIR,9,"SMITH, JALEEN",06:29,0,0,1,0,1,0,0,0,1,1,0,0,1,0,0,1,0,-3,11.0
2023,RS,4,36,1,P004007   ,1.0,1.0,VIR,13,"DOBRIC, OGNJEN",11:23,2,1,1,0,1,0,0,0,0,0,2,1,0,0,0,1,0,3,-2.0
2023,RS,4,36,1,P012714   ,0.0,0.0,VIR,15,"CACOK, DEVONTAE",03:23,0,0,0,0,0,0,0,0,0,0,0,0,1,0,0,2,1,-2,2.0
2023,RS,4,36,1,P001133   ,1.0,0.0,VIR,21,"SHENGELIA, TORNIKE",29:33,19,6,9,2,3,1,2,1,5,6,5,1,8,0,0,3,3,18,-3.0
2023,RS,4,36,1,P001844   ,1.0,1.0,VIR,23,"HACKETT, DANIEL",17:27,4,0,0,1,2,1,2,0,2,2,2,0,1,0,0,4,1,2,2.0
2023,RS,4,36,1,P008847   ,0.0,1.0,VIR,25,"MICKEY, JORDAN",27:13,13,5,8,0,2,3,3,3,5,8,2,0,2,1,0,3,2,16,-7.0
2023,RS,4,36,1,P003048   ,1.0,0.0,VIR,42,"DUNSTON, BRYANT",19:19,1,0,1,0,0,1,2,0,4,4,0,1,1,0,0,4,3,2,17.0
2023,RS,4,36,1,P003527   ,0.0,0.0,VIR,55,"ABASS, AWUDU",DNP,0,0,0,0,0,0,0,0,0,0,0,0,0,0,0,0,0,0,0.0
2023,RS,4,36,1,Team,0.0,0.0,VIR,,Team,,0,0,0,0,0,0,0,2,0,2,0,0,0,0,0,0,0,2,
2023,RS,4,36,1,Total,,,VIR,,Total,200:00,85,19,31,12,26,11,16,6,29,35,23,3,19,4,0,25,21,96,
2023,RS,4,36,0,PJDR      ,0.0,1.0,RED,4,"TEODOSIC, MILOS",25:16,5,0,0,1,7,2,2,0,1,1,4,0,1,0,0,2,1,2,1.0
2023,RS,4,36,0,P005099   ,0.0,1.0,RED,5,"HANGA, ADAM",18:23,11,4,5,1,5,0,0,2,3,5,1,1,0,0,1,1,1,12,-4.0
2023,RS,4,36,0,P007960   ,1.0,0.0,RED,7,"DAVIDOVAC, DEJAN",16:31,4,2,2,0,1,0,2,0,1,1,0,2,0,0,0,3,1,2,0.0
2023,RS,4,36,0,P002553   ,0.0,1.0,RED,9,"MITROVIC, LUKA",22:35,14,5,8,0,0,4,5,1,3,4,2,1,1,0,2,4,5,15,-9.0
2023,RS,4,36,0,PLUO      ,1.0,0.0,RED,10,"LAZIC, BRANKO",13:47,4,0,1,1,1,1,2,2,1,3,0,1,0,0,0,0,2,8,0.0
2023,RS,4,36,0,P012711   ,0.0,0.0,RED,11,"SIMONOVIC, MARKO",08:41,1,0,0,0,1,1,2,0,1,1,0,1,1,0,0,3,1,-2,0.0
2023,RS,4,36,0,P011224   ,1.0,1.0,RED,13,"NAPIER, SHABAZZ",28:20,23,5,9,3,10,4,4,2,2,4,5,3,3,0,0,1,8,28,1.0
2023,RS,4,36,0,P009035   ,1.0,0.0,RED,21,"BOLOMBOY, JOEL",31:46,8,3,5,0,0,2,2,3,6,9,3,2,1,0,0,2,2,19,0.0
2023,RS,4,36,0,P000848   ,0.0,0.0,RED,26,"NEDOVIC, NEMANJA",09:10,3,1,3,0,1,1,2,0,1,1,2,0,1,0,0,0,3,4,-10.0
2023,RS,4,36,0,P006436   ,1.0,1.0,RED,31,"GIEDRAITIS, ROKAS",21:22,6,0,2,2,6,0,0,0,2,2,0,0,1,0,1,1,1,0,-9.0
2023,RS,4,36,0,P003479   ,0.0,0.0,RED,32,"KUZMIC, OGNJEN",DNP,0,0,0,0,0,0,0,0,0,0,0,0,0,0,0,0,0,0,0.0
2023,RS,4,36,0,P012044   ,0.0,0.0,RED,99,"DOS SANTOS, YAGO",04:09,0,0,0,0,1,0,0,0,0,0,0,0,1,0,0,4,0,-6,0.0
2023,RS,4,36,0,Team,0.0,0.0,RED,,Team,,0,0,0,0,0,0,0,3,1,4,0,0,2,0,0,0,0,2,
2023,RS,4,36,0,Total,,,RED,,Total,200:00,79,20,35,8,33,15,21,13,22,35,17,11,12,0,4,21,25,84,
2023,RS,5,37,1,P012720   ,1.0,1.0,BER,0,"BROWN, STERLING",27:48,18,2,3,4,8,2,2,2,3,5,5,1,2,0,1,4,1,18,21.0
2023,RS,5,37,1,P008384   ,0.0,0.0,BER,1,"PROCIDA, GABRIELE",11:47,4,1,2,0,1,2,2,0,1,1,0,1,0,2,0,1,1,6,-13.0
2023,RS,5,37,1,P008173   ,1.0,0.0,BER,3,"SPAGNOLO, MATTEO",19:16,0,0,4,0,2,0,0,1,1,2,6,1,1,0,0,1,1,2,7.0
2023,RS,5,37,1,P008211   ,0.0,1.0,BER,6,"DELOW, MALTE",17:12,5,0,1,1,3,2,2,2,5,7,1,1,2,0,0,0,1,10,7.0
2023,RS,5,37,1,P006251   ,0.0,0.0,BER,10,"SCHNEIDER, TIM",16:31,4,2,2,0,1,0,0,1,0,1,0,0,1,0,0,3,0,0,-17.0
2023,RS,5,37,1,P008967   ,0.0,1.0,BER,11,"THOMAS, MATT",19:44,12,2,4,2,5,2,2,0,1,1,1,1,1,0,0,1,1,9,-5.0
2023,RS,5,37,1,P006819   ,1.0,0.0,BER,16,"NIKIC, KRESIMIR",09:11,0,0,1,0,0,0,0,0,1,1,0,0,0,0,0,1,1,0,0.0
2023,RS,5,37,1,P007550   ,0.0,0.0,BER,18,"SAMAR, ZIGA",03:32,0,0,0,0,0,0,0,0,0,0,0,0,0,0,0,1,0,-1,-11.0
2023,RS,5,37,1,P006919   ,1.0,1.0,BER,19,"OLINDE, LOUIS",25:40,12,2,2,2,4,2,2,0,4,4,3,0,1,0,0,2,3,17,14.0
2023,RS,5,37,1,P010791   ,0.0,0.0,BER,21,"KOUMADJE, KHALIFA",13:54,6,2,2,0,0,2,2,1,2,3,0,1,0,1,0,1,3,13,8.0
2023,RS,5,37,1,P003958   ,1.0,1.0,BER,32,"THIEMANN, JOHANNES",29:46,22,3,4,3,5,7,9,3,3,6,2,1,2,0,0,2,8,30,15.0
2023,RS,5,37,1,P012721   ,0.0,0.0,BER,34,"BEAN, JUSTIN",05:39,2,1,2,0,1,0,0,0,0,0,0,0,0,0,0,0,0,0,-11.0
2023,RS,5,37,1,Team,0.0,0.0,BER,,Team,,0,0,0,0,0,0,0,1,2,3,0,0,1,0,0,0,0,2,
2023,RS,5,37,1,Total,,,BER,,Total,200:00,85,15,27,12,30,19,21,11,23,34,18,7,11,3,1,17,20,106,
2023,RS,5,37,0,P007032   ,0.0,1.0,MIL,0,"LO, MAODO",17:03,7,2,2,1,4,0,0,0,2,2,2,0,1,0,0,2,0,5,3.0
2023,RS,5,37,0,P009960   ,1.0,0.0,MIL,2,"POYTHRESS, ALEX",10:27,0,0,1,0,0,0,0,0,0,0,0,0,0,0,0,0,0,-1,0.0
2023,RS,5,37,0,P006433   ,1.0,1.0,MIL,5,"PANGOS, KEVIN",25:12,5,1,2,1,3,0,0,0,2,2,3,1,2,0,0,3,0,3,-8.0
2023,RS,5,37,0,P006509   ,0.0,0.0,MIL,7,"TONUT, STEFANO",10:57,3,0,0,1,4,0,0,1,1,2,0,0,1,0,0,0,1,2,-7.0
2023,RS,5,37,0,P002849   ,1.0,0.0,MIL,9,"MELLI, NICOLO",17:04,0,0,0,0,1,0,0,0,1,1,2,1,3,0,0,5,2,-3,-4.0
2023,RS,5,37,0,P011926   ,0.0,0.0,MIL,14,"KAMAGATE, ISMAEL",DNP,0,0,0,0,0,0,0,0,0,0,0,0,0,0,0,0,0,0,0.0
2023,RS,5,37,0,P005670   ,0.0,0.0,MIL,21,"FLACCADORI, DIEGO",02:23,2,1,1,0,0,0,0,0,0,0,0,0,0,0,0,0,1,3,-3.0
2023,RS,5,37,0,P011205   ,0.0,0.0,MIL,22,"HALL, DEVON",24:33,0,0,2,0,1,0,0,3,3,6,4,1,3,0,0,2,2,5,20.0
2023,RS,5,37,0,P007831   ,1.0,1.0,MIL,31,"SHIELDS, SHAVON",33:15,25,5,11,5,8,0,0,0,1,1,2,1,0,0,0,1,0,19,-9.0
2023,RS,5,37,0,P000796   ,1.0,1.0,MIL,33,"MIROTIC, NIKOLA",30:45,30,6,10,3,7,9,10,5,7,12,2,0,2,1,3,2,7,36,7.0
2023,RS,5,37,0,P002812   ,0.0,0.0,MIL,42,"HINES, KYLE",11:29,5,2,2,0,0,1,5,1,0,1,0,0,0,0,0,3,3,2,-13.0
2023,RS,5,37,0,P007201   ,0.0,1.0,MIL,77,"VOIGTMANN, JOHANNES",16:52,5,1,2,1,1,0,0,0,2,2,2,0,0,0,0,2,1,7,-1.0
2023,RS,5,37,0,Team,0.0,0.0,MIL,,Team,,0,0,0,0,0,0,0,1,1,2,0,0,0,0,0,0,0,2,
2023,RS,5,37,0,Total,,,MIL,,Total,200:00,82,18,33,12,29,10,15,11,20,31,17,4,12,1,3,20,17,80,
2023,RS,5,38,1,P008855   ,1.0,0.0,OLY,0,"WALKUP, THOMAS",21:49,4,2,2,0,3,0,0,2,5,7,6,1,0,0,0,0,0,15,8.0
2023,RS,5,38,1,P007982   ,0.0,0.0,OLY,1,"WILLIAMS-GOSS, NIGEL",23:51,14,3,8,2,3,2,2,0,7,7,3,3,0,0,1,2,2,20,20.0
2023,RS,5,38,1,P010612   ,1.0,0.0,OLY,3,"CANAAN, ISAIAH",26:14,10,2,2,2,5,0,0,1,1,2,1,1,2,0,0,1,0,8,13.0
2023,RS,5,38,1,P006302   ,0.0,1.0,OLY,4,"LOUNTZIS, MICHALIS",02:25,0,0,0,0,0,0,0,0,1,1,0,0,0,0,0,0,0,1,-5.0
2023,RS,5,38,1,P010392   ,0.0,0.0,OLY,5,"LARENTZAKIS, GIANNOULIS",18:30,4,2,3,0,3,0,0,0,2,2,2,2,1,0,0,1,2,6,10.0
2023,RS,5,38,1,P012023   ,0.0,1.0,OLY,9,"PAPAS, GEORGE",01:30,0,0,0,0,1,0,0,0,0,0,0,0,0,0,0,0,0,-1,-5.0
2023,RS,5,38,1,P008811   ,1.0,0.0,OLY,10,"FALL, MOUSTAPHA",18:12,7,2,3,0,0,3,6,0,1,1,2,0,3,1,0,1,4,7,3.0
2023,RS,5,38,1,P001255   ,1.0,0.0,OLY,16,"PAPANIKOLAOU, KOSTAS",28:05,14,4,5,2,4,0,0,2,5,7,4,0,1,0,0,2,0,19,21.0
2023,RS,5,38,1,P011983   ,0.0,1.0,OLY,17,"BRAZDEIKIS, IGNAS",17:07,4,1,2,0,3,2,2,0,1,1,0,0,0,0,1,3,2,-1,5.0
2023,RS,5,38,1,P008829   ,1.0,0.0,OLY,25,"PETERS, ALEC",19:24,12,3,5,2,4,0,0,0,3,3,1,0,0,0,0,4,3,11,8.0
2023,RS,5,38,1,P003941   ,0.0,1.0,OLY,33,"MILUTINOV, NIKOLA",21:48,6,3,4,0,0,0,0,3,2,5,2,0,3,0,1,1,4,11,15.0
2023,RS,5,38,1,P010631   ,0.0,1.0,OLY,50,"TANOULIS, GEORGIOS",01:05,0,0,0,0,0,0,0,0,0,0,0,0,0,0,0,0,0,0,-3.0
2023,RS,5,38,1,Team,0.0,0.0,OLY,,Team,,0,0,0,0,0,0,0,1,2,3,0,0,0,0,0,0,0,3,
2023,RS,5,38,1,Total,,,OLY,,Total,200:00,75,22,34,8,26,7,10,9,30,39,21,7,10,1,3,15,17,99,
2023,RS,5,38,0,P007200   ,1.0,0.0,IST,0,"LARKIN, SHANE",29:07,8,1,3,2,5,0,0,0,1,1,5,2,2,0,0,1,2,10,-19.0
2023,RS,5,38,0,P006590   ,0.0,0.0,IST,1,"BEAUBOIS, RODRIGUE",23:07,0,0,3,0,3,0,0,1,3,4,3,0,2,0,0,0,1,0,-12.0
2023,RS,5,38,0,P009846   ,0.0,0.0,IST,6,"BRYANT, ELIJAH",23:35,10,2,4,1,5,3,4,2,0,2,2,1,1,0,0,2,5,10,-12.0
2023,RS,5,38,0,P004888   ,1.0,0.0,IST,12,"CLYBURN, WILL",25:50,5,1,4,1,6,0,0,4,5,9,1,0,2,0,0,2,4,7,-13.0
2023,RS,5,38,0,P011078   ,1.0,1.0,IST,13,"THOMPSON, DARIUS",18:59,9,3,5,1,4,0,0,1,2,3,1,0,0,0,0,2,0,6,-3.0
2023,RS,5,38,0,PLHK      ,0.0,0.0,IST,21,"PLEISS, TIBOR",16:11,7,2,4,1,2,0,0,1,3,4,0,1,0,2,0,3,1,9,-10.0
2023,RS,5,38,0,P009513   ,0.0,1.0,IST,23,"HOLLATZ, JUSTUS",03:39,0,0,0,0,0,0,0,0,1,1,0,0,2,0,0,0,0,-1,5.0
2023,RS,5,38,0,P012710   ,0.0,0.0,IST,24,"OSMANI, ERCAN",DNP,0,0,0,0,0,0,0,0,0,0,0,0,0,0,0,0,0,0,0.0
2023,RS,5,38,0,P006372   ,0.0,1.0,IST,33,"YILMAZ, ERKAN",10:06,2,1,2,0,1,0,0,1,3,4,1,0,1,0,0,2,0,2,-4.0
2023,RS,5,38,0,P009664   ,1.0,1.0,IST,35,"WILLIS, DEREK",22:38,8,1,2,2,5,0,0,0,1,1,1,0,0,1,0,0,0,7,-11.0
2023,RS,5,38,0,P004554   ,1.0,1.0,IST,41,"ZIZIC, ANTE",16:39,6,3,3,0,0,0,0,1,1,2,0,0,0,0,0,2,0,6,-7.0
2023,RS,5,38,0,P011981   ,0.0,0.0,IST,88,"JONES, TYRIQUE",10:09,2,1,3,0,0,0,0,1,2,3,0,1,0,0,1,3,2,2,-4.0
2023,RS,5,38,0,Team,0.0,0.0,IST,,Team,,0,0,0,0,0,0,0,0,1,1,0,0,0,0,0,0,0,1,
2023,RS,5,38,0,Total,,,IST,,Total,200:00,57,15,33,8,31,3,4,12,23,35,14,5,10,3,1,17,15,59,
2023,RS,5,39,1,P009212   ,0.0,0.0,PAR,1,"VUKCEVIC, TRISTAN",DNP,0,0,0,0,0,0,0,0,0,0,0,0,0,0,0,0,0,0,0.0
2023,RS,5,39,1,P008987   ,1.0,0.0,PAR,2,"LEDAY, ZACH",31:20,13,3,4,1,3,4,4,0,3,3,4,0,1,0,2,1,7,20,-5.0
2023,RS,5,39,1,P003983   ,0.0,1.0,PAR,4,"AVRAMOVIC, ALEKSA",22:12,14,4,5,2,5,0,0,0,2,2,1,2,0,1,0,3,1,14,-3.0
2023,RS,5,39,1,P011050   ,0.0,0.0,PAR,5,"KOPRIVICA, BALSA",DNP,0,0,0,0,0,0,0,0,0,0,0,0,0,0,0,0,0,0,0.0
2023,RS,5,39,1,P009862   ,1.0,0.0,PAR,7,"PUNTER, KEVIN",27:57,8,1,3,2,4,0,0,0,0,0,2,2,7,0,1,3,0,-3,-3.0
2023,RS,5,39,1,P011051   ,0.0,1.0,PAR,9,"SMAILAGIC, ALEN",17:15,9,3,6,0,1,3,3,3,0,3,0,1,1,1,0,3,4,10,7.0
2023,RS,5,39,1,P004058   ,1.0,1.0,PAR,10,"JARAMAZ, OGNJEN",25:49,12,4,6,1,2,1,2,0,2,2,1,1,0,0,0,3,2,11,10.0
2023,RS,5,39,1,P007400   ,1.0,1.0,PAR,21,"NUNNALLY, JAMES",28:09,7,1,2,1,2,2,4,1,2,3,4,0,2,0,0,0,2,10,11.0
2023,RS,5,39,1,P007673   ,0.0,0.0,PAR,32,"TRIFUNOVIC, UROS",00:51,0,0,0,0,0,0,0,0,0,0,0,0,0,0,0,1,0,-1,-2.0
2023,RS,5,39,1,P000956   ,0.0,0.0,PAR,33,"ANDJUSIC, DANILO",11:16,5,1,3,1,1,0,0,0,2,2,2,0,1,0,0,1,1,6,-12.0
2023,RS,5,39,1,P012742   ,0.0,1.0,PAR,35,"DOZIER JR, PERRY",13:18,9,3,4,1,2,0,0,1,3,4,2,0,1,0,0,0,0,12,10.0
2023,RS,5,39,1,P012743   ,1.0,0.0,PAR,44,"KAMINSKY, FRANK",21:53,11,5,9,0,0,1,3,0,5,5,1,2,0,0,1,3,4,13,-3.0
2023,RS,5,39,1,Team,0.0,0.0,PAR,,Team,,0,0,0,0,0,0,0,4,4,8,0,0,1,0,0,0,0,7,
2023,RS,5,39,1,Total,,,PAR,,Total,200:00,88,25,42,9,20,11,16,9,23,32,17,8,14,2,4,18,21,99,
2023,RS,5,39,0,P004720   ,0.0,0.0,RED,2,"LAZAREVIC, STEFAN",DNP,0,0,0,0,0,0,0,0,0,0,0,0,0,0,0,0,0,0,0.0
2023,RS,5,39,0,PJDR      ,0.0,1.0,RED,4,"TEODOSIC, MILOS",24:18,9,1,1,1,6,4,7,1,3,4,6,2,2,0,0,4,3,10,-8.0
2023,RS,5,39,0,P005099   ,1.0,0.0,RED,5,"HANGA, ADAM",27:51,11,2,4,2,4,1,4,0,4,4,2,2,0,0,0,2,2,12,13.0
2023,RS,5,39,0,P007960   ,1.0,0.0,RED,7,"DAVIDOVAC, DEJAN",19:44,2,1,1,0,0,0,0,0,1,1,1,1,1,0,0,1,2,5,-18.0
2023,RS,5,39,0,P002553   ,0.0,0.0,RED,9,"MITROVIC, LUKA",23:10,8,2,2,0,0,4,4,2,6,8,2,2,1,1,0,3,2,19,19.0
2023,RS,5,39,0,P012711   ,0.0,0.0,RED,11,"SIMONOVIC, MARKO",DNP,0,0,0,0,0,0,0,0,0,0,0,0,0,0,0,0,0,0,0.0
2023,RS,5,39,0,P011224   ,1.0,1.0,RED,13,"NAPIER, SHABAZZ",28:14,14,1,3,3,7,3,4,1,1,2,4,1,7,0,0,2,4,9,-7.0
2023,RS,5,39,0,P008966   ,0.0,1.0,RED,18,"TOBEY, MIKE",10:09,7,2,3,1,2,0,0,1,2,3,1,0,1,1,0,4,1,6,7.0
2023,RS,5,39,0,P009035   ,1.0,1.0,RED,21,"BOLOMBOY, JOEL",26:58,16,5,6,1,2,3,4,0,2,2,1,1,2,2,0,2,2,17,-11.0
2023,RS,5,39,0,P011964   ,0.0,0.0,RED,22,"ILIC, DALIBOR",DNP,0,0,0,0,0,0,0,0,0,0,0,0,0,0,0,0,0,0,0.0
2023,RS,5,39,0,P006436   ,1.0,0.0,RED,31,"GIEDRAITIS, ROKAS",18:49,8,1,2,2,3,0,0,2,0,2,0,0,1,0,0,2,0,5,-16.0
2023,RS,5,39,0,P012044   ,0.0,1.0,RED,99,"DOS SANTOS, YAGO",20:47,11,1,3,3,7,0,0,0,0,0,5,0,0,0,2,1,2,9,11.0
2023,RS,5,39,0,Team,0.0,0.0,RED,,Team,,0,0,0,0,0,0,0,1,1,2,0,0,0,0,0,0,0,2,
2023,RS,5,39,0,Total,,,RED,,Total,200:00,86,16,25,13,31,15,23,8,20,28,22,9,15,4,2,21,18,94,
2023,RS,5,40,1,P001392   ,0.0,0.0,MAD,1,"CAUSEUR, FABIEN",DNP,0,0,0,0,0,0,0,0,0,0,0,0,0,0,0,0,0,0,0.0
2023,RS,5,40,1,PBMT      ,0.0,0.0,MAD,5,"FERNANDEZ, RUDY",18:38,0,0,0,0,5,0,0,0,4,4,0,1,0,0,0,0,0,0,-5.0
2023,RS,5,40,1,P003733   ,1.0,0.0,MAD,6,"ABALDE, ALBERTO",07:12,0,0,0,0,0,0,0,0,2,2,0,0,1,0,0,1,0,0,-8.0
2023,RS,5,40,1,P005928   ,1.0,1.0,MAD,7,"CAMPAZZO, FACUNDO",23:22,6,0,3,0,3,6,9,0,1,1,7,1,3,0,0,1,7,9,5.0
2023,RS,5,40,1,P003108   ,0.0,1.0,MAD,11,"HEZONJA, MARIO",21:14,7,1,4,1,4,2,2,2,8,10,0,0,1,0,0,3,1,8,10.0
2023,RS,5,40,1,PCVM      ,0.0,0.0,MAD,13,"RODRIGUEZ, SERGIO",16:41,4,2,7,0,1,0,0,0,1,1,5,0,1,0,1,3,0,-1,-4.0
2023,RS,5,40,1,P009005   ,1.0,1.0,MAD,14,"DECK, GABRIEL",28:34,20,8,10,1,4,1,2,2,5,7,0,1,2,0,1,4,5,20,-1.0
2023,RS,5,40,1,P004887   ,0.0,0.0,MAD,17,"POIRIER, VINCENT",19:39,14,7,8,0,0,0,2,6,1,7,0,1,1,1,0,3,2,18,14.0
2023,RS,5,40,1,P005791   ,1.0,1.0,MAD,22,"TAVARES, WALTER",16:38,8,3,5,0,0,2,4,2,3,5,0,0,2,0,0,4,3,6,-20.0
2023,RS,5,40,1,PTGB      ,0.0,1.0,MAD,23,"LLULL, SERGIO",20:53,2,0,3,0,3,2,2,0,1,1,1,0,2,0,0,2,2,-4,-9.0
2023,RS,5,40,1,P009213   ,0.0,0.0,MAD,30,"NDIAYE, ELI",08:33,0,0,1,0,0,0,0,3,0,3,0,1,0,0,0,3,0,0,12.0
2023,RS,5,40,1,P006540   ,1.0,0.0,MAD,31,"MUSA, DZANAN",18:36,4,1,3,0,2,2,3,0,1,1,4,0,2,0,0,1,1,2,11.0
2023,RS,5,40,1,Team,0.0,0.0,MAD,,Team,,0,0,0,0,0,0,0,4,2,6,0,0,0,0,0,0,0,6,
2023,RS,5,40,1,Total,,,MAD,,Total,200:00,65,22,44,2,22,15,24,19,29,48,17,5,15,1,2,25,21,64,
2023,RS,5,40,0,P011244   ,1.0,0.0,BAR,1,"DA SILVA, OSCAR",18:18,3,0,1,1,2,0,0,0,1,1,1,1,1,0,0,1,0,2,-2.0
2023,RS,5,40,0,P003204   ,0.0,0.0,BAR,3,"PAULI, ORIOL",DNP,0,0,0,0,0,0,0,0,0,0,0,0,0,0,0,0,0,0,0.0
2023,RS,5,40,0,P000925   ,1.0,1.0,BAR,6,"VESELY, JAN",24:18,12,6,9,0,0,0,0,5,5,10,1,0,0,0,0,2,0,18,13.0
2023,RS,5,40,0,P009992   ,0.0,1.0,BAR,8,"BRIZUELA, DARIO",13:23,2,1,2,0,1,0,0,0,1,1,0,0,1,0,0,3,2,-1,-8.0
2023,RS,5,40,0,P004866   ,1.0,1.0,BAR,10,"KALINIC, NIKOLA",28:42,7,3,6,0,2,1,2,2,2,4,2,2,2,0,0,3,4,8,7.0
2023,RS,5,40,0,P002939   ,1.0,0.0,BAR,13,"SATORANSKY, TOMAS",26:06,10,2,5,1,3,3,6,0,7,7,3,2,3,0,0,5,6,12,8.0
2023,RS,5,40,0,P003196   ,0.0,0.0,BAR,14,"HERNANGOMEZ, WILLY",15:38,13,5,9,0,1,3,6,0,4,4,0,0,1,0,1,2,5,10,-11.0
2023,RS,5,40,0,P003478   ,1.0,1.0,BAR,21,"ABRINES, ALEX",27:02,11,0,3,3,7,2,2,1,3,4,1,3,1,1,0,2,4,14,6.0
2023,RS,5,40,0,P012745   ,0.0,0.0,BAR,22,"PARKER, JABARI",10:18,0,0,1,0,2,0,0,1,1,2,0,0,1,0,0,1,1,-2,-6.0
2023,RS,5,40,0,P010641   ,0.0,0.0,BAR,23,"NNAJI, JAMES",00:04,0,0,0,0,0,0,0,0,0,0,0,0,0,0,0,0,0,0,-3.0
2023,RS,5,40,0,P007519   ,0.0,1.0,BAR,31,"JOKUBAITIS, ROKAS",22:21,6,3,8,0,1,0,0,2,3,5,4,0,2,1,0,2,1,7,1.0
2023,RS,5,40,0,P007464   ,0.0,0.0,BAR,44,"PARRA, JOEL",13:50,0,0,1,0,1,0,0,2,0,2,0,0,1,0,0,1,1,-1,-10.0
2023,RS,5,40,0,Team,0.0,0.0,BAR,,Team,,0,0,0,0,0,0,0,1,2,3,0,0,1,0,0,0,0,2,
2023,RS,5,40,0,Total,,,BAR,,Total,200:00,64,20,45,5,20,9,16,14,29,43,12,8,14,2,1,22,24,69,
2023,RS,5,41,1,P011212   ,0.0,0.0,MCO,2,"OKOBO, ELIE",25:48,17,3,5,3,3,2,3,0,0,0,6,1,0,0,0,1,3,23,12.0
2023,RS,5,41,1,P011231   ,0.0,0.0,MCO,4,"BLOSSOMGAME, JARON",12:28,10,3,3,1,2,1,1,0,0,0,0,1,0,0,0,4,1,7,4.0
2023,RS,5,41,1,P010588   ,1.0,0.0,MCO,10,"BROWN, JOHN",24:29,11,5,7,0,0,1,2,4,4,8,2,1,1,0,0,1,3,20,27.0
2023,RS,5,41,1,P011226   ,1.0,0.0,MCO,11,"DIALLO, ALPHA",25:31,18,8,12,0,1,2,3,2,2,4,2,2,0,0,0,1,3,22,28.0
2023,RS,5,41,1,P004790   ,0.0,1.0,MCO,12,"CORNELIE, PETR",17:53,0,0,0,0,1,0,0,2,2,4,4,0,1,1,0,4,0,3,1.0
2023,RS,5,41,1,P002581   ,0.0,1.0,MCO,14,"JAITEH, MAM",06:21,5,2,2,0,0,1,2,0,0,0,1,0,0,0,0,1,4,8,-3.0
2023,RS,5,41,1,P012709   ,0.0,1.0,MCO,15,"WALKER, KEMBA",17:03,10,1,2,2,5,2,2,0,3,3,2,1,2,0,1,0,1,10,8.0
2023,RS,5,41,1,PLCZ      ,1.0,0.0,MCO,20,"MOTIEJUNAS, DONATAS",17:41,2,1,4,0,0,0,0,2,0,2,0,1,1,0,0,1,1,1,21.0
2023,RS,5,41,1,P012515   ,0.0,1.0,MCO,22,"TARPEY, TERRY",05:40,0,0,0,0,0,0,0,0,1,1,0,0,1,0,0,1,0,-1,-3.0
2023,RS,5,41,1,P004197   ,1.0,1.0,MCO,24,"OUATTARA, YAKUBA",14:21,6,0,2,2,3,0,0,0,1,1,0,0,0,0,0,0,0,4,17.0
2023,RS,5,41,1,P011196   ,0.0,0.0,MCO,45,"HALL, DONTA",11:22,4,2,3,0,0,0,0,0,2,2,1,0,1,0,0,4,0,1,4.0
2023,RS,5,41,1,P005985   ,1.0,0.0,MCO,55,"JAMES, MIKE",21:23,24,6,9,4,7,0,0,1,3,4,5,1,0,0,0,1,3,30,24.0
2023,RS,5,41,1,Team,0.0,0.0,MCO,,Team,,0,0,0,0,0,0,0,3,3,6,0,0,2,0,0,0,0,4,
2023,RS,5,41,1,Total,,,MCO,,Total,200:00,107,31,49,12,22,9,13,14,21,35,23,8,9,1,1,19,19,132,
2023,RS,5,41,0,P012744   ,0.0,1.0,TEL,1,"CLEVELAND, ANTONIUS",16:57,14,6,10,0,1,2,2,3,0,3,1,0,0,0,0,3,2,12,-12.0
2023,RS,5,41,0,P011971   ,0.0,1.0,TEL,3,"WEBB III, JAMES",16:59,4,0,2,1,5,1,2,4,2,6,2,2,1,0,1,1,1,5,-3.0
2023,RS,5,41,0,P009622   ,1.0,0.0,TEL,4,"BROWN, LORENZO",24:45,14,3,7,2,4,2,2,0,0,0,1,0,5,0,0,2,1,3,-22.0
2023,RS,5,41,0,P004233   ,0.0,1.0,TEL,8,"MENCO, RAFI",09:16,6,1,1,1,2,1,2,0,0,0,0,0,0,0,0,0,1,5,0.0
2023,RS,5,41,0,P011219   ,0.0,1.0,TEL,9,"SORKIN, ROMAN",19:24,10,2,3,2,2,0,0,1,1,2,2,0,0,0,0,2,2,13,-20.0
2023,RS,5,41,0,P007990   ,1.0,0.0,TEL,12,"DIBARTOLOMEO, JOHN",18:58,2,0,2,0,4,2,2,1,1,2,0,0,0,0,0,0,2,0,-10.0
2023,RS,5,41,0,P011214   ,0.0,0.0,TEL,14,"RIVERO, JASIEL",13:41,8,3,6,0,0,2,4,1,0,1,1,0,2,1,0,3,4,5,-22.0
2023,RS,5,41,0,P005145   ,1.0,0.0,TEL,15,"COHEN, JAKE",10:18,0,0,3,0,0,0,0,0,0,0,0,0,0,0,0,2,0,-5,-6.0
2023,RS,5,41,0,P011433   ,0.0,1.0,TEL,17,"MAYER, OMER",06:21,0,0,0,0,2,0,0,0,1,1,1,0,1,0,0,1,0,-2,3.0
2023,RS,5,41,0,P011199   ,1.0,0.0,TEL,32,"NEBO, JOSH",22:28,10,5,7,0,0,0,1,5,4,9,1,1,0,0,0,2,2,18,-9.0
2023,RS,5,41,0,P011193   ,0.0,0.0,TEL,45,"BLATT, TAMIR",21:14,5,0,0,1,4,2,2,0,0,0,8,1,4,0,0,2,1,6,-10.0
2023,RS,5,41,0,P009783   ,1.0,0.0,TEL,50,"COLSON, BONZIE",19:39,6,2,2,0,2,2,2,2,3,5,1,0,0,0,0,1,3,12,-29.0
2023,RS,5,41,0,Team,0.0,0.0,TEL,,Team,,0,0,0,0,0,0,0,5,1,6,0,0,0,0,0,0,0,6,
2023,RS,5,41,0,Total,,,TEL,,Total,200:00,79,22,43,7,26,14,19,22,13,35,18,4,13,1,1,19,19,78,
2023,RS,5,42,1,P012729   ,0.0,1.0,ASV,0,"SCOTT, MIKE",25:45,13,3,3,2,3,1,2,1,4,5,1,0,0,0,0,0,1,18,-4.0
2023,RS,5,42,1,P011225   ,1.0,1.0,ASV,3,"LEE, PARIS",29:03,8,0,4,1,2,5,5,0,1,1,10,4,1,0,2,1,4,18,7.0
2023,RS,5,42,1,PKIR      ,0.0,1.0,ASV,5,"KAHUDI, CHARLES",21:43,4,1,2,0,0,2,2,0,4,4,1,0,2,0,0,1,4,9,1.0
2023,RS,5,42,1,P004194   ,1.0,1.0,ASV,7,"LAUVERGNE, JOFFREY",24:28,14,4,9,2,2,0,0,1,4,5,1,0,3,0,2,3,2,9,7.0
2023,RS,5,42,1,P003274   ,0.0,0.0,ASV,10,"DALLO, BORIS",03:37,0,0,0,0,1,0,0,0,0,0,0,0,1,0,0,1,0,-3,-1.0
2023,RS,5,42,1,P000229   ,0.0,0.0,ASV,11,"JACKSON, EDWIN",04:03,2,1,2,0,0,0,1,0,0,0,0,0,0,0,0,0,1,1,4.0
2023,RS,5,42,1,P002100   ,0.0,1.0,ASV,12,"DE COLO, NANDO",17:26,12,2,5,2,3,2,2,0,1,1,2,0,2,0,1,3,5,10,-6.0
2023,RS,5,42,1,P012730   ,0.0,0.0,ASV,15,"EGBUNU, JOHN",07:50,3,1,1,0,0,1,2,0,0,0,0,0,0,0,0,0,1,3,-11.0
2023,RS,5,42,1,P006568   ,1.0,0.0,ASV,19,"FALL, YOUSSOUPHA",24:25,16,8,10,0,0,0,0,5,1,6,0,2,1,1,0,1,1,22,3.0
2023,RS,5,42,1,P003526   ,1.0,0.0,ASV,23,"LIGHTY, DAVID",09:27,4,1,4,0,0,2,2,0,0,0,1,0,1,0,0,2,1,0,-8.0
2023,RS,5,42,1,P011386   ,0.0,0.0,ASV,31,"YAACOV, NOAM",10:56,0,0,1,0,0,0,0,0,0,0,2,0,0,0,0,0,0,1,-10.0
2023,RS,5,42,1,P012732   ,1.0,0.0,ASV,33,"JACKSON, FRANK",21:17,8,1,2,2,4,0,0,0,1,1,3,0,3,0,1,2,1,4,3.0
2023,RS,5,42,1,Team,0.0,0.0,ASV,,Team,,0,0,0,0,0,0,0,1,3,4,0,0,1,0,0,0,0,3,
2023,RS,5,42,1,Total,,,ASV,,Total,200:00,84,22,43,9,15,13,16,8,19,27,21,6,15,1,6,14,21,95,
2023,RS,5,42,0,P009549   ,1.0,1.0,VIR,0,"CORDINIER, ISAIA",29:58,20,5,6,2,2,4,4,0,1,1,2,3,1,0,0,3,4,25,12.0
2023,RS,5,42,0,P010781   ,0.0,0.0,VIR,1,"LUNDBERG, IFFE",11:05,0,0,2,0,3,0,0,1,0,1,1,0,1,0,0,2,0,-6,-2.0
2023,RS,5,42,0,PBCN      ,1.0,0.0,VIR,3,"BELINELLI, MARCO",23:59,16,4,6,2,6,2,2,0,2,2,2,1,2,0,0,3,1,11,6.0
2023,RS,5,42,0,P006739   ,0.0,1.0,VIR,6,"PAJOLA, ALESSANDRO",16:01,3,0,1,1,3,0,0,2,1,3,4,0,2,0,0,1,0,4,3.0
2023,RS,5,42,0,P011192   ,0.0,0.0,VIR,9,"SMITH, JALEEN",02:46,2,1,1,0,0,0,0,0,0,0,0,0,0,0,0,0,0,2,-3.0
2023,RS,5,42,0,P004007   ,0.0,1.0,VIR,13,"DOBRIC, OGNJEN",12:12,5,1,1,1,2,0,0,0,1,1,1,0,0,0,0,2,1,5,-7.0
2023,RS,5,42,0,P012714   ,0.0,0.0,VIR,15,"CACOK, DEVONTAE",05:27,4,2,2,0,0,0,0,0,2,2,0,0,1,0,0,1,0,4,-6.0
2023,RS,5,42,0,P001133   ,1.0,0.0,VIR,21,"SHENGELIA, TORNIKE",34:18,18,4,5,2,3,4,4,0,5,5,4,2,1,1,0,3,5,29,11.0
2023,RS,5,42,0,P001844   ,1.0,1.0,VIR,23,"HACKETT, DANIEL",24:10,6,3,3,0,1,0,0,1,2,3,6,2,3,0,0,0,1,14,0.0
2023,RS,5,42,0,P008847   ,0.0,1.0,VIR,25,"MICKEY, JORDAN",20:48,11,1,5,3,3,0,0,0,2,2,1,0,1,4,0,3,1,11,6.0
2023,RS,5,42,0,P003048   ,1.0,0.0,VIR,42,"DUNSTON, BRYANT",16:40,2,1,4,0,0,0,0,2,2,4,1,0,2,1,1,3,1,0,0.0
2023,RS,5,42,0,P003527   ,0.0,0.0,VIR,55,"ABASS, AWUDU",02:36,0,0,0,0,1,0,0,0,0,0,0,0,0,0,0,0,0,-1,-5.0
2023,RS,5,42,0,Team,0.0,0.0,VIR,,Team,,0,0,0,0,0,0,0,1,2,3,0,0,0,0,0,0,0,3,
2023,RS,5,42,0,Total,,,VIR,,Total,200:00,87,22,36,11,24,10,10,7,20,27,22,8,14,6,1,21,14,101,
2023,RS,5,43,1,P010391   ,0.0,1.0,MUN,0,"WEILER-BABB, NICK",26:00,5,1,2,1,2,0,0,1,3,4,1,0,2,0,0,2,0,4,-9.0
2023,RS,5,43,1,P007975   ,0.0,0.0,MUN,1,"FRANCISCO, SYLVAIN",22:42,11,1,4,3,7,0,0,0,1,1,5,1,0,0,0,3,1,9,-10.0
2023,RS,5,43,1,P011987   ,0.0,1.0,MUN,3,"EDWARDS, CARSEN",17:23,6,2,5,0,4,2,2,0,0,0,0,0,0,0,1,0,1,-1,-17.0
2023,RS,5,43,1,P006245   ,0.0,0.0,MUN,5,"WEIDEMANN, NELSON",03:24,0,0,1,0,1,0,0,0,1,1,0,0,1,0,0,0,0,-2,-5.0
2023,RS,5,43,1,P001557   ,0.0,0.0,MUN,7,"GIFFEY, NIELS",04:38,0,0,0,0,1,0,0,1,0,1,0,0,0,0,0,0,0,0,-9.0
2023,RS,5,43,1,P006760   ,1.0,0.0,MUN,9,"BONGA, ISAAC",27:35,8,4,5,0,3,0,0,1,6,7,4,1,2,0,0,5,6,15,-2.0
2023,RS,5,43,1,P008985   ,1.0,1.0,MUN,10,"BOLMARO, LEANDRO",19:51,6,3,6,0,2,0,1,0,1,1,1,2,2,0,0,4,1,-1,8.0
2023,RS,5,43,1,P004508   ,1.0,1.0,MUN,13,"OBST, ANDREAS",18:11,9,1,2,2,7,1,2,0,3,3,1,0,0,0,1,2,2,5,5.0
2023,RS,5,43,1,P003583   ,1.0,1.0,MUN,14,"IBAKA, SERGE",19:55,9,4,5,0,1,1,1,3,4,7,0,0,1,3,0,3,2,15,-5.0
2023,RS,5,43,1,P007639   ,0.0,0.0,MUN,22,"BRANKOVIC, DANKO",DNP,0,0,0,0,0,0,0,0,0,0,0,0,0,0,0,0,0,0,0.0
2023,RS,5,43,1,P007056   ,1.0,0.0,MUN,31,"BOOKER, DEVIN",24:15,9,2,5,0,1,5,6,2,4,6,0,1,1,0,1,0,7,16,3.0
2023,RS,5,43,1,P011941   ,0.0,0.0,MUN,33,"GILLESPIE, FREDDIE",16:06,4,2,6,0,0,0,0,3,2,5,0,0,0,1,1,3,1,3,-4.0
2023,RS,5,43,1,Team,0.0,0.0,MUN,,Team,,0,0,0,0,0,0,0,2,1,3,0,0,0,0,0,0,0,3,
2023,RS,5,43,1,Total,,,MUN,,Total,200:00,67,20,41,6,29,9,12,13,26,39,12,5,9,4,4,22,21,66,
2023,RS,5,43,0,P011157   ,1.0,1.0,ULK,0,"MOTLEY, JOHNATHAN",20:18,9,4,9,0,0,1,2,4,2,6,0,1,3,0,1,3,3,6,-3.0
2023,RS,5,43,0,P006661   ,0.0,0.0,ULK,3,"WILBEKIN, SCOTTIE",23:56,17,2,4,4,7,1,1,2,3,5,5,0,1,0,0,1,3,23,13.0
2023,RS,5,43,0,P002968   ,0.0,0.0,ULK,5,"SANLI, SERTAC",DNP,0,0,0,0,0,0,0,0,0,0,0,0,0,0,0,0,0,0,0.0
2023,RS,5,43,0,P005844   ,0.0,0.0,ULK,9,"PAPAGIANNIS, GEORGIOS",19:42,8,4,6,0,0,0,0,3,2,5,2,1,0,2,0,5,0,11,12.0
2023,RS,5,43,0,P002969   ,0.0,0.0,ULK,10,"MAHMUTOGLU, MELIH",DNP,0,0,0,0,0,0,0,0,0,0,0,0,0,0,0,0,0,0,0.0
2023,RS,5,43,0,P008962   ,1.0,1.0,ULK,11,"HAYES-DAVIS, NIGEL",31:44,9,2,6,1,5,2,2,2,4,6,2,1,0,0,1,3,4,10,1.0
2023,RS,5,43,0,P006961   ,0.0,0.0,ULK,13,"BIBEROVIC, TARIK",09:53,0,0,0,0,0,0,0,1,1,2,0,0,0,0,0,0,0,2,7.0
2023,RS,5,43,0,P010560   ,1.0,1.0,ULK,21,"PIERRE, DYSHAWN",21:06,6,2,4,0,1,2,2,3,3,6,0,1,1,0,0,1,1,9,-7.0
2023,RS,5,43,0,P004004   ,1.0,0.0,ULK,23,"GUDURIC, MARKO",29:04,14,3,6,1,4,5,5,1,5,6,1,1,2,0,1,4,6,15,2.0
2023,RS,5,43,0,P009849   ,0.0,0.0,ULK,27,"DORSEY, TYLER",16:00,5,1,3,0,4,3,4,0,3,3,0,0,1,0,1,1,2,0,12.0
2023,RS,5,43,0,P001932   ,1.0,1.0,ULK,33,"CALATHES, NICK",19:33,4,2,6,0,2,0,0,0,2,2,0,0,2,2,0,1,1,0,-5.0
2023,RS,5,43,0,P011980   ,0.0,1.0,ULK,77,"SESTINA, NATHAN",08:44,4,0,0,1,4,1,2,0,2,2,0,0,0,0,0,2,1,1,13.0
2023,RS,5,43,0,Team,0.0,0.0,ULK,,Team,,0,0,0,0,0,0,0,1,4,5,0,0,1,0,0,0,0,4,
2023,RS,5,43,0,Total,,,ULK,,Total,200:00,76,20,44,7,27,15,18,17,31,48,10,5,11,4,4,21,21,81,
2023,RS,5,44,1,P011209   ,0.0,0.0,PAN,0,"KALAITZAKIS, PANAGIOTIS",01:29,0,0,0,0,0,0,0,0,0,0,0,0,0,0,0,1,0,-1,-3.0
2023,RS,5,44,1,P007947   ,1.0,0.0,PAN,2,"VILDOZA, LUCA",10:34,3,0,0,1,2,0,0,0,1,1,0,0,1,0,0,0,0,2,-9.0
2023,RS,5,44,1,P011826   ,0.0,1.0,PAN,3,"GUY, KYLE",19:52,13,3,3,2,4,1,1,0,1,1,1,0,0,1,0,3,1,12,15.0
2023,RS,5,44,1,P007553   ,0.0,0.0,PAN,8,"BALCEROWSKI, ALEKSANDER",04:47,2,1,1,0,0,0,0,1,2,3,0,0,1,0,0,2,0,2,-1.0
2023,RS,5,44,1,P001926   ,1.0,1.0,PAN,10,"SLOUKAS, KOSTAS",25:49,12,2,5,1,5,5,6,1,3,4,7,2,2,0,0,2,3,16,0.0
2023,RS,5,44,1,P011442   ,0.0,0.0,PAN,20,"SAMONTOUROV, ALEXANDROS",DNP,0,0,0,0,0,0,0,0,0,0,0,0,0,0,0,0,0,0,0.0
2023,RS,5,44,1,P011204   ,0.0,1.0,PAN,22,"GRANT, JERIAN",28:23,9,3,6,1,3,0,1,1,2,3,4,2,0,0,1,3,2,10,24.0
2023,RS,5,44,1,P003842   ,0.0,1.0,PAN,26,"LESSORT, MATHIAS",28:26,23,8,16,0,0,7,8,7,7,14,1,0,2,2,1,4,7,31,19.0
2023,RS,5,44,1,P011221   ,1.0,0.0,PAN,37,"ANTETOKOUNMPO, KOSTAS",06:47,0,0,1,0,0,0,0,1,0,1,0,0,1,0,0,2,1,-2,-4.0
2023,RS,5,44,1,P002328   ,1.0,0.0,PAN,40,"GRIGONIS, MARIUS",31:04,7,1,1,1,5,2,2,0,4,4,1,0,2,0,0,0,3,9,17.0
2023,RS,5,44,1,P012712   ,1.0,0.0,PAN,41,"HERNANGOMEZ, JUANCHO",13:30,3,0,2,1,3,0,0,2,0,2,0,0,0,0,0,0,1,2,0.0
2023,RS,5,44,1,P007866   ,0.0,1.0,PAN,44,"MITOGLOU, KONSTANTINOS",29:19,23,7,8,2,4,3,3,2,1,3,1,1,4,1,0,1,3,24,12.0
2023,RS,5,44,1,Team,0.0,0.0,PAN,,Team,,0,0,0,0,0,0,0,0,6,6,0,0,0,0,0,0,0,6,
2023,RS,5,44,1,Total,,,PAN,,Total,200:00,95,25,43,9,26,18,21,15,27,42,15,5,13,4,2,18,21,111,
2023,RS,5,44,0,P011948   ,1.0,1.0,BAS,0,"HOWARD, MARKUS",29:08,22,6,8,2,7,4,5,0,2,2,3,2,4,0,0,3,7,21,-5.0
2023,RS,5,44,0,P011064   ,0.0,0.0,BAS,1,"MANNION, NICCOLO",21:51,17,4,7,2,4,3,6,0,1,1,2,0,3,0,1,2,6,12,-8.0
2023,RS,5,44,0,P008850   ,1.0,1.0,BAS,2,"RAIESTE, SANDER",22:10,2,1,4,0,2,0,0,0,0,0,2,0,0,0,0,3,0,-4,-11.0
2023,RS,5,44,0,P007230   ,1.0,0.0,BAS,8,"SEDEKERSKIS, TADAS",29:22,9,4,5,0,0,1,1,2,6,8,4,2,1,1,0,1,2,23,-12.0
2023,RS,5,44,0,P004761   ,0.0,1.0,BAS,9,"MARINKOVIC, VANJA",22:54,17,4,6,3,6,0,0,1,2,3,2,1,2,0,1,3,0,12,-9.0
2023,RS,5,44,0,P009048   ,1.0,1.0,BAS,10,"MILLER-MCINTYRE, CODI",27:59,2,1,3,0,5,0,0,0,1,1,1,1,1,0,1,2,1,-5,-8.0
2023,RS,5,44,0,P004603   ,1.0,1.0,BAS,21,"KOTSAR, MAIK",29:09,8,4,9,0,0,0,0,2,2,4,2,0,1,0,1,2,2,7,-17.0
2023,RS,5,44,0,P010444   ,0.0,0.0,BAS,24,"COSTELLO, MATTHEW",17:27,4,2,2,0,1,0,0,3,6,9,0,1,0,1,0,5,0,9,0.0
2023,RS,5,44,0,P012201   ,0.0,0.0,BAS,95,"MONEKE, CHIMA",DNP,0,0,0,0,0,0,0,0,0,0,0,0,0,0,0,0,0,0,0.0
2023,RS,5,44,0,Team,0.0,0.0,BAS,,Team,,0,0,0,0,0,0,0,2,2,4,0,0,0,0,0,0,0,4,
2023,RS,5,44,0,Total,,,BAS,,Total,200:00,81,26,44,7,25,8,12,10,22,32,16,7,12,2,4,21,18,79,
2023,RS,5,45,1,P011218   ,1.0,0.0,ZAL,2,"EVANS, KEENAN",26:07,18,6,7,1,4,3,4,0,3,3,4,3,2,0,0,0,6,27,-3.0
2023,RS,5,45,1,P011965   ,0.0,0.0,ZAL,3,"MITROU-LONG, NAZ",10:20,0,0,1,0,4,0,0,1,1,2,2,1,0,0,1,0,0,-1,-14.0
2023,RS,5,45,1,P003210   ,0.0,1.0,ZAL,4,"LEKAVICIUS, LUKAS",11:11,9,0,4,3,3,0,0,0,0,0,1,0,0,0,1,0,0,5,-6.0
2023,RS,5,45,1,P010390   ,1.0,0.0,ZAL,8,"HAYES, KEVARRIUS",18:40,10,4,4,0,0,2,2,0,2,2,0,1,1,0,0,4,1,9,-1.0
2023,RS,5,45,1,P007513   ,1.0,1.0,ZAL,9,"GIEDRAITIS, DOVYDAS",09:39,4,0,0,1,1,1,2,0,1,1,2,0,1,0,0,2,1,4,-2.0
2023,RS,5,45,1,P007109   ,1.0,0.0,ZAL,10,"SMITS, ROLANDS",26:24,11,4,4,1,5,0,0,2,4,6,2,0,3,0,0,1,3,14,-9.0
2023,RS,5,45,1,P005504   ,0.0,1.0,ZAL,15,"BIRUTIS, LAURYNAS",11:27,2,0,1,0,0,2,2,0,1,1,0,1,0,0,0,1,1,3,-6.0
2023,RS,5,45,1,P010184   ,0.0,1.0,ZAL,31,"BUTKA, DOVYDAS",01:30,0,0,0,0,1,0,0,0,1,1,0,0,0,0,0,0,0,0,3.0
2023,RS,5,45,1,P003211   ,0.0,0.0,ZAL,33,"DIMSA, TOMAS",18:29,7,2,5,1,4,0,0,0,0,0,2,1,0,0,0,2,0,2,3.0
2023,RS,5,45,1,P012715   ,0.0,1.0,ZAL,45,"MANEK, BRADY",19:54,4,1,1,0,3,2,2,0,1,1,0,0,1,0,0,3,3,1,-12.0
2023,RS,5,45,1,P002676   ,0.0,0.0,ZAL,51,"BUTKEVICIUS, ARNAS",24:04,0,0,1,0,1,0,0,0,3,3,1,0,3,0,0,2,0,-3,-11.0
2023,RS,5,45,1,P002329   ,1.0,0.0,ZAL,92,"ULANOVAS, EDGARAS",22:15,7,3,3,0,2,1,1,0,1,1,1,0,2,1,0,2,4,8,-17.0
2023,RS,5,45,1,Team,0.0,0.0,ZAL,,Team,,0,0,0,0,0,0,0,3,3,6,0,0,1,0,0,0,0,5,
2023,RS,5,45,1,Total,,,ZAL,,Total,200:00,72,20,31,7,28,11,13,6,21,27,15,7,14,1,2,17,19,74,
2023,RS,5,45,0,P011970   ,0.0,0.0,PAM,0,"HARPER, JARED",13:53,13,2,4,2,3,3,3,0,1,1,1,0,0,0,0,1,1,12,16.0
2023,RS,5,45,0,P000556   ,1.0,0.0,PAM,1,"CLAVER, VICTOR",17:55,2,1,1,0,2,0,0,0,3,3,1,0,2,0,0,2,0,0,4.0
2023,RS,5,45,0,P006643   ,0.0,1.0,PAM,2,"PUERTO, JOSEP",05:53,2,1,2,0,1,0,0,0,0,0,0,0,0,0,0,0,1,1,-3.0
2023,RS,5,45,0,P012738   ,0.0,0.0,PAM,3,"REUVERS, NATHAN",15:45,11,4,5,1,1,0,0,1,2,3,0,1,1,2,0,3,0,12,21.0
2023,RS,5,45,0,P010393   ,0.0,1.0,PAM,4,"PRADILLA, JAIME",08:10,2,0,1,0,1,2,2,0,0,0,0,0,0,0,0,1,1,0,1.0
2023,RS,5,45,0,P010568   ,1.0,0.0,PAM,7,"JONES, CHRIS",23:09,16,4,7,2,2,2,3,0,2,2,4,2,2,0,1,1,2,18,1.0
2023,RS,5,45,0,P003960   ,1.0,0.0,PAM,10,"INGLIS, DAMIEN",16:05,4,2,4,0,1,0,0,0,1,1,3,0,0,0,0,3,1,3,-7.0
2023,RS,5,45,0,P004863   ,0.0,1.0,PAM,16,"JOVIC, STEFAN",19:33,3,0,0,1,1,0,0,0,2,2,6,0,2,0,0,3,1,7,13.0
2023,RS,5,45,0,P012739   ,0.0,1.0,PAM,21,"TOURE, BOUBACAR",16:41,9,4,4,0,0,1,1,1,6,7,0,1,1,0,0,0,1,17,18.0
2023,RS,5,45,0,P012740   ,1.0,1.0,PAM,30,"ROBERTSON, KASSIUS",22:51,5,1,3,1,4,0,0,0,3,3,0,0,0,0,0,0,1,4,3.0
2023,RS,5,45,0,P007870   ,1.0,0.0,PAM,32,"DAVIES, BRANDON",23:15,11,3,5,0,1,5,5,0,3,3,0,1,1,0,0,2,6,15,-3.0
2023,RS,5,45,0,P011982   ,0.0,0.0,PAM,37,"OJELEYE, SEMI",16:50,9,2,5,1,2,2,2,0,3,3,0,0,2,0,0,3,1,4,11.0
2023,RS,5,45,0,Team,0.0,0.0,PAM,,Team,,0,0,0,0,0,0,0,2,1,3,0,0,2,0,0,0,0,1,
2023,RS,5,45,0,Total,,,PAM,,Total,200:00,87,24,41,8,19,15,16,4,27,31,15,5,13,2,1,19,16,94,
2023,RS,6,46,1,P007032   ,1.0,1.0,MIL,0,"LO, MAODO",23:33,2,1,2,0,2,0,0,1,3,4,4,0,1,0,0,3,2,5,1.0
2023,RS,6,46,1,P009960   ,0.0,0.0,MIL,2,"POYTHRESS, ALEX",19:04,6,1,2,0,0,4,4,1,0,1,0,0,2,0,0,3,3,4,-2.0
2023,RS,6,46,1,P006701   ,0.0,0.0,MIL,3,"BORTOLANI, GIORDANO",DNP,0,0,0,0,0,0,0,0,0,0,0,0,0,0,0,0,0,0,0.0
2023,RS,6,46,1,P006509   ,1.0,1.0,MIL,7,"TONUT, STEFANO",29:53,9,0,1,3,5,0,0,0,3,3,3,2,0,0,0,3,1,12,-8.0
2023,RS,6,46,1,P002849   ,1.0,1.0,MIL,9,"MELLI, NICOLO",18:08,6,3,6,0,0,0,0,0,2,2,1,2,0,0,0,4,3,7,1.0
2023,RS,6,46,1,P001518   ,0.0,0.0,MIL,17,"RICCI, GIAMPAOLO",03:24,0,0,0,0,1,0,0,0,1,1,0,0,0,0,0,1,0,-1,2.0
2023,RS,6,46,1,P005670   ,0.0,0.0,MIL,21,"FLACCADORI, DIEGO",10:58,0,0,1,0,1,0,0,0,0,0,0,0,0,0,0,1,0,-3,-3.0
2023,RS,6,46,1,P011205   ,0.0,0.0,MIL,22,"HALL, DEVON",20:29,15,2,5,3,4,2,2,1,1,2,1,0,1,0,0,2,2,13,-8.0
2023,RS,6,46,1,P007831   ,1.0,1.0,MIL,31,"SHIELDS, SHAVON",30:34,17,4,6,3,8,0,0,0,4,4,4,1,6,0,1,2,1,11,-5.0
2023,RS,6,46,1,P000796   ,1.0,1.0,MIL,33,"MIROTIC, NIKOLA",28:58,9,1,3,1,4,4,5,4,5,9,2,0,0,0,1,2,6,17,2.0
2023,RS,6,46,1,P002812   ,0.0,0.0,MIL,42,"HINES, KYLE",04:56,2,0,0,0,0,2,4,0,0,0,0,1,1,0,0,0,2,2,-6.0
2023,RS,6,46,1,P007201   ,0.0,0.0,MIL,77,"VOIGTMANN, JOHANNES",10:03,0,0,0,0,2,0,2,0,3,3,3,1,1,0,0,0,1,3,-4.0
2023,RS,6,46,1,Team,0.0,0.0,MIL,,Team,,0,0,0,0,0,0,0,2,1,3,0,0,2,0,0,0,0,1,
2023,RS,6,46,1,Total,,,MIL,,Total,200:00,66,12,26,10,27,12,17,9,23,32,18,7,14,0,2,21,21,71,
2023,RS,6,46,0,P011212   ,1.0,1.0,MCO,2,"OKOBO, ELIE",29:31,3,1,7,0,2,1,2,0,3,3,3,1,5,0,0,3,2,-5,10.0
2023,RS,6,46,0,P009754   ,0.0,0.0,MCO,3,"LOYD, JORDAN",19:30,4,1,4,0,2,2,2,0,3,3,1,0,0,0,0,1,6,8,4.0
2023,RS,6,46,0,P011231   ,1.0,1.0,MCO,4,"BLOSSOMGAME, JARON",21:13,8,1,2,2,2,0,0,0,0,0,0,1,0,0,0,3,1,6,7.0
2023,RS,6,46,0,P010588   ,1.0,1.0,MCO,10,"BROWN, JOHN",20:03,8,4,5,0,0,0,0,0,3,3,0,0,0,0,0,3,1,8,-6.0
2023,RS,6,46,0,P011226   ,0.0,1.0,MCO,11,"DIALLO, ALPHA",30:33,13,4,5,1,4,2,4,1,3,4,1,2,1,1,0,1,2,15,3.0
2023,RS,6,46,0,P004790   ,0.0,0.0,MCO,12,"CORNELIE, PETR",04:19,3,0,0,1,1,0,0,0,1,1,0,0,0,0,0,2,0,2,5.0
2023,RS,6,46,0,P002581   ,0.0,0.0,MCO,14,"JAITEH, MAM",06:05,2,1,2,0,0,0,0,2,1,3,1,0,1,0,0,2,0,2,1.0
2023,RS,6,46,0,PLCZ      ,1.0,0.0,MCO,20,"MOTIEJUNAS, DONATAS",18:50,6,2,6,0,0,2,2,1,3,4,1,1,1,0,0,0,4,11,-8.0
2023,RS,6,46,0,P004197   ,0.0,0.0,MCO,24,"OUATTARA, YAKUBA",DNP,0,0,0,0,0,0,0,0,0,0,0,0,0,0,0,0,0,0,0.0
2023,RS,6,46,0,P008099   ,0.0,0.0,MCO,32,"STRAZEL, MATTHEW",05:04,0,0,0,0,0,0,0,0,0,0,0,0,1,0,0,0,0,-1,4.0
2023,RS,6,46,0,P011196   ,0.0,0.0,MCO,45,"HALL, DONTA",13:33,4,1,1,0,0,2,2,1,2,3,1,0,1,1,0,4,2,6,8.0
2023,RS,6,46,0,P005985   ,1.0,1.0,MCO,55,"JAMES, MIKE",31:19,21,5,8,3,6,2,3,0,5,5,3,2,2,0,0,3,3,22,2.0
2023,RS,6,46,0,Team,0.0,0.0,MCO,,Team,,0,0,0,0,0,0,0,4,0,4,0,0,0,0,0,0,0,4,
2023,RS,6,46,0,Total,,,MCO,,Total,200:00,72,20,40,7,17,11,15,9,24,33,11,7,12,2,0,22,21,78,
2023,RS,6,47,1,P004720   ,0.0,0.0,RED,2,"LAZAREVIC, STEFAN",00:25,0,0,0,0,0,0,0,0,0,0,0,0,0,0,0,0,0,0,0.0
2023,RS,6,47,1,PJDR      ,0.0,0.0,RED,4,"TEODOSIC, MILOS",26:59,16,3,5,2,6,4,5,0,1,1,11,2,2,0,0,3,4,22,21.0
2023,RS,6,47,1,P005099   ,1.0,1.0,RED,5,"HANGA, ADAM",15:43,3,0,3,1,5,0,0,0,0,0,0,1,2,0,0,0,0,-5,-13.0
2023,RS,6,47,1,P007960   ,0.0,1.0,RED,7,"DAVIDOVAC, DEJAN",20:16,5,1,1,1,2,0,0,2,5,7,1,3,1,0,0,2,1,13,10.0
2023,RS,6,47,1,P002553   ,1.0,1.0,RED,9,"MITROVIC, LUKA",24:01,11,4,6,0,0,3,4,4,2,6,0,0,1,1,0,1,2,15,-10.0
2023,RS,6,47,1,P012711   ,0.0,0.0,RED,11,"SIMONOVIC, MARKO",05:38,0,0,0,0,0,0,0,0,2,2,0,0,0,0,0,0,0,2,1.0
2023,RS,6,47,1,P011224   ,1.0,0.0,RED,13,"NAPIER, SHABAZZ",21:18,11,4,7,1,4,0,2,0,0,0,1,2,1,0,0,2,4,7,-14.0
2023,RS,6,47,1,P008966   ,0.0,0.0,RED,18,"TOBEY, MIKE",13:35,7,3,5,0,3,1,1,1,2,3,1,0,0,1,0,1,2,8,16.0
2023,RS,6,47,1,P009035   ,1.0,1.0,RED,21,"BOLOMBOY, JOEL",26:17,8,2,3,0,0,4,6,3,4,7,1,0,2,0,0,2,3,12,-13.0
2023,RS,6,47,1,P006436   ,1.0,1.0,RED,31,"GIEDRAITIS, ROKAS",27:36,5,2,5,0,3,1,1,2,4,6,0,2,0,0,1,4,2,4,18.0
2023,RS,6,47,1,P003479   ,0.0,0.0,RED,32,"KUZMIC, OGNJEN",DNP,0,0,0,0,0,0,0,0,0,0,0,0,0,0,0,0,0,0,0.0
2023,RS,6,47,1,P012044   ,0.0,0.0,RED,99,"DOS SANTOS, YAGO",18:12,8,0,0,2,6,2,2,0,3,3,2,1,1,0,0,2,2,9,14.0
2023,RS,6,47,1,Team,0.0,0.0,RED,,Team,,0,0,0,0,0,0,0,0,2,2,0,0,1,0,0,0,0,1,
2023,RS,6,47,1,Total,,,RED,,Total,200:00,74,19,35,7,29,15,21,12,25,37,17,11,11,2,1,17,20,88,
2023,RS,6,47,0,P010391   ,0.0,0.0,MUN,0,"WEILER-BABB, NICK",16:14,5,0,0,1,2,2,2,0,2,2,1,0,1,0,0,1,2,7,-16.0
2023,RS,6,47,0,P007975   ,0.0,1.0,MUN,1,"FRANCISCO, SYLVAIN",24:06,5,1,3,1,5,0,0,0,2,2,0,0,3,0,0,3,2,-3,-7.0
2023,RS,6,47,0,P011987   ,1.0,1.0,MUN,3,"EDWARDS, CARSEN",25:54,16,3,7,3,9,1,1,0,3,3,3,1,3,0,0,1,3,12,4.0
2023,RS,6,47,0,P001557   ,0.0,0.0,MUN,7,"GIFFEY, NIELS",03:24,0,0,0,0,2,0,0,0,0,0,0,0,1,0,0,0,0,-3,0.0
2023,RS,6,47,0,P006760   ,1.0,0.0,MUN,9,"BONGA, ISAAC",26:57,12,1,5,3,4,1,2,1,5,6,3,2,2,0,1,1,2,15,-7.0
2023,RS,6,47,0,P008985   ,1.0,1.0,MUN,10,"BOLMARO, LEANDRO",15:06,12,2,3,2,3,2,2,3,3,6,4,1,0,0,0,4,2,19,9.0
2023,RS,6,47,0,P004508   ,0.0,1.0,MUN,13,"OBST, ANDREAS",13:20,3,0,0,1,5,0,0,1,0,1,1,0,1,0,0,0,0,0,-13.0
2023,RS,6,47,0,P003583   ,1.0,0.0,MUN,14,"IBAKA, SERGE",32:26,10,5,8,0,2,0,0,2,3,5,4,2,1,0,1,4,3,13,6.0
2023,RS,6,47,0,P005460   ,0.0,0.0,MUN,20,"HARRIS, ELIAS",05:19,0,0,0,0,0,0,0,0,0,0,1,0,0,0,0,0,0,1,-3.0
2023,RS,6,47,0,P007639   ,0.0,0.0,MUN,22,"BRANKOVIC, DANKO",DNP,0,0,0,0,0,0,0,0,0,0,0,0,0,0,0,0,0,0,0.0
2023,RS,6,47,0,P007056   ,1.0,1.0,MUN,31,"BOOKER, DEVIN",29:59,5,2,4,0,1,1,2,5,4,9,2,1,2,1,0,2,3,13,7.0
2023,RS,6,47,0,P011941   ,0.0,0.0,MUN,33,"GILLESPIE, FREDDIE",07:15,0,0,0,0,0,0,0,0,1,1,1,1,2,0,0,4,0,-3,-10.0
2023,RS,6,47,0,Team,0.0,0.0,MUN,,Team,,0,0,0,0,0,0,0,1,4,5,0,0,1,0,0,0,0,4,
2023,RS,6,47,0,Total,,,MUN,,Total,200:00,68,14,30,11,33,7,9,13,27,40,20,8,17,1,2,20,17,75,
2023,RS,6,48,1,P012744   ,0.0,0.0,TEL,1,"CLEVELAND, ANTONIUS",18:54,4,2,3,0,1,0,2,0,1,1,0,1,0,0,1,1,1,1,-19.0
2023,RS,6,48,1,P011971   ,0.0,0.0,TEL,3,"WEBB III, JAMES",18:18,5,1,1,1,3,0,0,1,3,4,0,0,1,0,0,2,3,7,-9.0
2023,RS,6,48,1,P009622   ,1.0,1.0,TEL,4,"BROWN, LORENZO",33:34,16,6,11,1,3,1,1,0,5,5,9,1,3,0,0,0,3,24,-7.0
2023,RS,6,48,1,P009863   ,1.0,0.0,TEL,5,"BALDWIN IV, WADE",26:31,7,2,9,1,4,0,0,0,0,0,0,0,5,0,0,2,2,-8,-28.0
2023,RS,6,48,1,P004233   ,0.0,1.0,TEL,8,"MENCO, RAFI",05:57,0,0,0,0,0,0,0,0,2,2,0,0,0,0,0,1,0,1,-11.0
2023,RS,6,48,1,P011219   ,0.0,1.0,TEL,9,"SORKIN, ROMAN",07:16,5,2,6,0,0,1,2,4,0,4,0,1,0,0,1,1,1,4,-10.0
2023,RS,6,48,1,P011214   ,0.0,0.0,TEL,14,"RIVERO, JASIEL",16:20,8,3,4,0,1,2,5,2,0,2,1,0,3,0,0,2,4,5,-14.0
2023,RS,6,48,1,P005145   ,1.0,1.0,TEL,15,"COHEN, JAKE",09:39,2,1,3,0,0,0,0,1,1,2,0,0,1,0,2,2,0,-3,-8.0
2023,RS,6,48,1,P011433   ,0.0,1.0,TEL,17,"MAYER, OMER",02:37,0,0,0,0,1,0,0,0,0,0,0,0,0,0,0,0,0,-1,-1.0
2023,RS,6,48,1,P011199   ,1.0,0.0,TEL,32,"NEBO, JOSH",23:40,14,4,8,0,0,6,6,6,3,9,0,0,0,1,0,3,3,20,-11.0
2023,RS,6,48,1,P011193   ,0.0,0.0,TEL,45,"BLATT, TAMIR",13:35,5,1,1,1,2,0,0,0,0,0,1,0,1,0,0,1,0,3,-11.0
2023,RS,6,48,1,P009783   ,1.0,0.0,TEL,50,"COLSON, BONZIE",23:39,4,1,3,0,5,2,2,0,6,6,0,1,0,0,0,1,1,4,-16.0
2023,RS,6,48,1,Team,0.0,0.0,TEL,,Team,,0,0,0,0,0,0,0,2,4,6,0,0,1,0,0,0,0,5,
2023,RS,6,48,1,Total,,,TEL,,Total,200:00,70,23,49,4,20,12,18,16,25,41,11,4,15,1,4,16,18,62,
2023,RS,6,48,0,PBMT      ,0.0,0.0,MAD,5,"FERNANDEZ, RUDY",15:28,6,0,0,2,4,0,0,0,2,2,1,1,0,0,0,2,1,7,14.0
2023,RS,6,48,0,P003733   ,1.0,1.0,MAD,6,"ABALDE, ALBERTO",17:11,3,0,1,1,3,0,0,0,2,2,2,0,0,0,0,0,0,4,9.0
2023,RS,6,48,0,P005928   ,1.0,0.0,MAD,7,"CAMPAZZO, FACUNDO",26:02,11,2,4,2,7,1,1,0,1,1,9,1,1,0,0,2,2,14,17.0
2023,RS,6,48,0,P011649   ,0.0,1.0,MAD,9,"GONZALEZ, HUGO",03:45,2,1,1,0,0,0,0,0,0,0,0,0,0,0,0,0,2,4,2.0
2023,RS,6,48,0,P003108   ,1.0,0.0,MAD,11,"HEZONJA, MARIO",22:42,16,4,7,2,6,2,2,0,5,5,1,0,1,0,0,2,2,14,12.0
2023,RS,6,48,0,PCVM      ,0.0,1.0,MAD,13,"RODRIGUEZ, SERGIO",13:58,3,0,2,1,2,0,0,0,0,0,5,0,0,0,0,1,1,5,12.0
2023,RS,6,48,0,P009005   ,1.0,0.0,MAD,14,"DECK, GABRIEL",26:17,10,5,6,0,2,0,0,1,2,3,4,3,1,0,0,2,0,14,20.0
2023,RS,6,48,0,P004887   ,0.0,1.0,MAD,17,"POIRIER, VINCENT",15:54,8,4,4,0,0,0,0,1,4,5,0,0,1,3,0,4,2,13,17.0
2023,RS,6,48,0,P005791   ,1.0,0.0,MAD,22,"TAVARES, WALTER",20:28,19,8,11,0,0,3,3,4,4,8,2,0,1,0,1,3,3,24,14.0
2023,RS,6,48,0,PTGB      ,0.0,0.0,MAD,23,"LLULL, SERGIO",03:51,3,0,0,1,2,0,0,0,1,1,0,0,0,0,0,0,0,3,-3.0
2023,RS,6,48,0,P009213   ,0.0,1.0,MAD,30,"NDIAYE, ELI",13:30,3,0,1,1,2,0,0,1,3,4,1,2,0,1,0,1,1,9,10.0
2023,RS,6,48,0,P006540   ,0.0,0.0,MAD,31,"MUSA, DZANAN",20:54,15,4,6,1,4,4,4,2,1,3,4,1,2,0,0,1,2,17,21.0
2023,RS,6,48,0,Team,0.0,0.0,MAD,,Team,,0,0,0,0,0,0,0,1,2,3,0,0,0,0,0,0,0,3,
2023,RS,6,48,0,Total,,,MAD,,Total,200:00,99,28,43,11,32,10,10,10,27,37,29,8,7,4,1,18,16,131,
2023,RS,6,49,1,P011218   ,1.0,1.0,ZAL,2,"EVANS, KEENAN",28:53,19,3,5,4,11,1,1,1,5,6,7,0,3,0,0,4,6,22,-10.0
2023,RS,6,49,1,P011965   ,0.0,0.0,ZAL,3,"MITROU-LONG, NAZ",08:02,2,1,1,0,2,0,0,0,0,0,0,0,0,0,0,0,0,0,-7.0
2023,RS,6,49,1,P003210   ,1.0,0.0,ZAL,4,"LEKAVICIUS, LUKAS",15:10,6,2,5,0,0,2,2,1,0,1,3,0,0,0,0,1,1,7,17.0
2023,RS,6,49,1,P010390   ,1.0,0.0,ZAL,8,"HAYES, KEVARRIUS",21:32,6,3,3,0,0,0,0,2,1,3,0,1,2,1,0,3,0,6,14.0
2023,RS,6,49,1,P007513   ,0.0,0.0,ZAL,9,"GIEDRAITIS, DOVYDAS",06:57,0,0,0,0,0,0,0,0,0,0,0,0,0,0,0,1,1,0,-5.0
2023,RS,6,49,1,P007109   ,1.0,1.0,ZAL,10,"SMITS, ROLANDS",20:30,5,1,1,1,2,0,0,2,3,5,3,1,0,0,0,2,0,11,3.0
2023,RS,6,49,1,P005504   ,0.0,0.0,ZAL,15,"BIRUTIS, LAURYNAS",13:45,11,5,6,0,0,1,2,2,2,4,0,0,2,1,0,3,1,10,-6.0
2023,RS,6,49,1,P010184   ,0.0,0.0,ZAL,31,"BUTKA, DOVYDAS",DNP,0,0,0,0,0,0,0,0,0,0,0,0,0,0,0,0,0,0,0.0
2023,RS,6,49,1,P003211   ,0.0,1.0,ZAL,33,"DIMSA, TOMAS",24:26,21,2,3,5,8,2,2,0,2,2,0,0,0,0,0,2,2,19,-2.0
2023,RS,6,49,1,P012715   ,0.0,0.0,ZAL,45,"MANEK, BRADY",15:23,2,1,2,0,2,0,0,0,1,1,0,0,3,0,0,0,2,-1,-8.0
2023,RS,6,49,1,P002676   ,0.0,1.0,ZAL,51,"BUTKEVICIUS, ARNAS",18:15,2,0,1,0,0,2,2,0,1,1,1,1,0,0,1,3,2,2,-10.0
2023,RS,6,49,1,P002329   ,1.0,1.0,ZAL,92,"ULANOVAS, EDGARAS",27:07,14,3,7,1,3,5,5,0,1,1,1,1,1,0,0,3,3,10,-1.0
2023,RS,6,49,1,Team,0.0,0.0,ZAL,,Team,,0,0,0,0,0,0,0,4,1,5,0,0,0,0,0,0,0,5,
2023,RS,6,49,1,Total,,,ZAL,,Total,200:00,88,21,34,11,28,13,14,12,17,29,15,4,11,2,1,22,18,91,
2023,RS,6,49,0,P012729   ,0.0,1.0,ASV,0,"SCOTT, MIKE",26:27,12,2,3,2,4,2,2,0,2,2,4,0,0,0,0,2,1,14,17.0
2023,RS,6,49,0,P011225   ,1.0,0.0,ASV,3,"LEE, PARIS",20:14,6,0,0,2,2,0,0,0,0,0,5,1,0,0,0,0,1,13,-12.0
2023,RS,6,49,0,PKIR      ,0.0,1.0,ASV,5,"KAHUDI, CHARLES",18:55,6,3,4,0,1,0,0,1,2,3,0,0,1,0,0,3,1,4,19.0
2023,RS,6,49,0,P004194   ,1.0,1.0,ASV,7,"LAUVERGNE, JOFFREY",34:14,13,5,7,0,2,3,4,1,4,5,4,1,2,0,0,2,6,20,-1.0
2023,RS,6,49,0,P012080   ,0.0,1.0,ASV,9,"LUWAWU-CABARROT, TIMOTHE",25:59,19,4,7,1,2,8,8,0,6,6,1,3,2,0,1,2,6,26,14.0
2023,RS,6,49,0,P003274   ,0.0,0.0,ASV,10,"DALLO, BORIS",DNP,0,0,0,0,0,0,0,0,0,0,0,0,0,0,0,0,0,0,0.0
2023,RS,6,49,0,P000229   ,0.0,0.0,ASV,11,"JACKSON, EDWIN",04:07,3,0,0,1,1,0,0,0,0,0,0,0,1,0,0,1,0,1,-2.0
2023,RS,6,49,0,P002100   ,0.0,1.0,ASV,12,"DE COLO, NANDO",22:22,13,4,4,1,3,2,2,0,0,0,6,2,1,0,0,0,1,19,9.0
2023,RS,6,49,0,P006568   ,1.0,0.0,ASV,19,"FALL, YOUSSOUPHA",19:19,15,7,9,0,0,1,2,2,3,5,0,0,1,1,1,3,4,17,-10.0
2023,RS,6,49,0,P003526   ,1.0,0.0,ASV,23,"LIGHTY, DAVID",09:54,2,1,2,0,3,0,0,0,0,0,3,0,0,0,0,1,2,2,-12.0
2023,RS,6,49,0,P012731   ,0.0,0.0,ASV,24,"NDIAYE, MBAYE",03:22,0,0,0,0,0,0,0,0,1,1,0,0,0,0,0,0,0,1,-4.0
2023,RS,6,49,0,P012732   ,1.0,0.0,ASV,33,"JACKSON, FRANK",15:07,2,1,1,0,2,0,0,0,1,1,1,0,0,0,0,4,0,-2,-3.0
2023,RS,6,49,0,Team,0.0,0.0,ASV,,Team,,0,0,0,0,0,0,0,3,0,3,0,0,1,0,0,0,0,2,
2023,RS,6,49,0,Total,,,ASV,,Total,200:00,91,27,37,7,20,16,18,7,19,26,24,7,9,1,2,18,22,117,
2023,RS,6,50,1,P011157   ,0.0,0.0,ULK,0,"MOTLEY, JOHNATHAN",15:39,10,5,6,0,0,0,0,2,1,3,0,0,1,0,0,5,2,8,0.0
2023,RS,6,50,1,P006661   ,0.0,0.0,ULK,3,"WILBEKIN, SCOTTIE",24:54,7,0,1,1,6,4,5,0,1,1,4,1,1,1,1,2,3,6,-6.0
2023,RS,6,50,1,P002968   ,0.0,0.0,ULK,5,"SANLI, SERTAC",DNP,0,0,0,0,0,0,0,0,0,0,0,0,0,0,0,0,0,0,0.0
2023,RS,6,50,1,P005844   ,1.0,1.0,ULK,9,"PAPAGIANNIS, GEORGIOS",24:21,15,3,3,3,5,0,0,1,1,2,1,2,0,1,0,1,1,19,2.0
2023,RS,6,50,1,P002969   ,0.0,0.0,ULK,10,"MAHMUTOGLU, MELIH",DNP,0,0,0,0,0,0,0,0,0,0,0,0,0,0,0,0,0,0,0.0
2023,RS,6,50,1,P008962   ,1.0,1.0,ULK,11,"HAYES-DAVIS, NIGEL",40:00,9,4,6,0,2,1,1,2,5,7,4,1,0,0,1,1,3,18,2.0
2023,RS,6,50,1,P010560   ,1.0,0.0,ULK,21,"PIERRE, DYSHAWN",08:20,14,2,2,3,3,1,1,1,0,1,0,1,0,0,0,0,2,18,14.0
2023,RS,6,50,1,P004004   ,1.0,1.0,ULK,23,"GUDURIC, MARKO",20:30,4,2,5,0,1,0,0,0,1,1,4,0,1,0,0,2,1,3,7.0
2023,RS,6,50,1,P009849   ,0.0,0.0,ULK,27,"DORSEY, TYLER",22:34,8,2,3,0,2,4,5,0,1,1,2,0,2,0,0,3,4,6,-7.0
2023,RS,6,50,1,P001932   ,1.0,1.0,ULK,33,"CALATHES, NICK",19:51,6,3,4,0,1,0,0,0,4,4,5,1,1,0,0,2,0,11,2.0
2023,RS,6,50,1,P011052   ,0.0,1.0,ULK,41,"MADAR, YAM",12:37,6,2,3,0,2,2,2,0,2,2,1,0,1,1,0,3,3,6,2.0
2023,RS,6,50,1,P011980   ,0.0,0.0,ULK,77,"SESTINA, NATHAN",11:14,0,0,0,0,2,0,0,0,3,3,1,0,0,0,0,3,0,-1,-6.0
2023,RS,6,50,1,Team,0.0,0.0,ULK,,Team,,0,0,0,0,0,0,0,0,0,0,0,0,2,0,0,0,0,-2,
2023,RS,6,50,1,Total,,,ULK,,Total,200:00,79,23,33,7,24,12,14,6,19,25,22,6,9,3,2,22,19,92,
2023,RS,6,50,0,P008855   ,1.0,0.0,OLY,0,"WALKUP, THOMAS",23:08,0,0,1,0,4,0,0,0,1,1,5,0,3,0,1,2,1,-4,3.0
2023,RS,6,50,0,P007982   ,0.0,1.0,OLY,1,"WILLIAMS-GOSS, NIGEL",23:48,13,2,8,2,2,3,3,0,2,2,1,0,3,0,1,4,3,5,-4.0
2023,RS,6,50,0,P010612   ,1.0,1.0,OLY,3,"CANAAN, ISAIAH",29:36,15,1,2,3,6,4,6,0,2,2,3,0,0,0,0,2,4,16,-2.0
2023,RS,6,50,0,P006302   ,0.0,0.0,OLY,4,"LOUNTZIS, MICHALIS",DNP,0,0,0,0,0,0,0,0,0,0,0,0,0,0,0,0,0,0,0.0
2023,RS,6,50,0,P010392   ,0.0,0.0,OLY,5,"LARENTZAKIS, GIANNOULIS",04:35,0,0,1,0,1,0,0,0,1,1,0,0,0,0,0,1,0,-2,-2.0
2023,RS,6,50,0,P012023   ,0.0,0.0,OLY,9,"PAPAS, GEORGE",DNP,0,0,0,0,0,0,0,0,0,0,0,0,0,0,0,0,0,0,0.0
2023,RS,6,50,0,P008811   ,1.0,0.0,OLY,10,"FALL, MOUSTAPHA",20:28,7,3,3,0,0,1,2,1,2,3,4,0,1,0,0,2,2,12,0.0
2023,RS,6,50,0,P001255   ,1.0,1.0,OLY,16,"PAPANIKOLAOU, KOSTAS",35:04,7,2,2,1,3,0,1,0,3,3,5,1,1,0,0,1,2,13,-7.0
2023,RS,6,50,0,P011983   ,0.0,0.0,OLY,17,"BRAZDEIKIS, IGNAS",11:51,4,1,4,0,0,2,2,0,0,0,1,0,0,0,0,2,2,2,-1.0
2023,RS,6,50,0,P008829   ,1.0,1.0,OLY,25,"PETERS, ALEC",31:58,19,7,8,1,3,2,2,1,5,6,2,1,1,1,1,4,3,23,5.0
2023,RS,6,50,0,P003941   ,0.0,1.0,OLY,33,"MILUTINOV, NIKOLA",19:32,12,5,6,0,0,2,4,3,2,5,1,0,1,1,0,1,5,19,-2.0
2023,RS,6,50,0,P010631   ,0.0,0.0,OLY,50,"TANOULIS, GEORGIOS",DNP,0,0,0,0,0,0,0,0,0,0,0,0,0,0,0,0,0,0,0.0
2023,RS,6,50,0,Team,0.0,0.0,OLY,,Team,,0,0,0,0,0,0,0,2,4,6,0,0,1,0,0,0,0,5,
2023,RS,6,50,0,Total,,,OLY,,Total,200:00,77,21,35,7,19,14,20,7,22,29,22,2,11,2,3,19,22,89,
2023,RS,6,51,1,P011244   ,1.0,0.0,BAR,1,"DA SILVA, OSCAR",13:46,2,1,1,0,2,0,0,2,0,2,0,2,0,0,0,2,0,2,-3.0
2023,RS,6,51,1,P003204   ,0.0,0.0,BAR,3,"PAULI, ORIOL",20:56,12,4,5,1,3,1,1,1,3,4,0,0,4,0,0,5,3,7,-8.0
2023,RS,6,51,1,P000925   ,1.0,0.0,BAR,6,"VESELY, JAN",16:59,9,2,7,0,0,5,6,1,3,4,1,2,0,0,0,1,4,13,23.0
2023,RS,6,51,1,P009992   ,0.0,1.0,BAR,8,"BRIZUELA, DARIO",24:23,8,4,8,0,3,0,0,0,1,1,2,1,2,0,0,2,0,1,5.0
2023,RS,6,51,1,P004866   ,1.0,1.0,BAR,10,"KALINIC, NIKOLA",25:08,10,2,2,2,2,0,0,1,3,4,3,0,2,0,0,2,2,15,11.0
2023,RS,6,51,1,P002939   ,1.0,0.0,BAR,13,"SATORANSKY, TOMAS",19:21,10,3,5,1,3,1,2,0,7,7,3,1,0,0,0,1,2,17,18.0
2023,RS,6,51,1,P003196   ,0.0,0.0,BAR,14,"HERNANGOMEZ, WILLY",15:36,5,1,4,0,0,3,4,1,2,3,0,0,2,1,0,2,2,3,0.0
2023,RS,6,51,1,P003478   ,1.0,0.0,BAR,21,"ABRINES, ALEX",14:03,2,1,2,0,0,0,0,1,0,1,0,0,0,0,0,2,2,2,6.0
2023,RS,6,51,1,P012745   ,0.0,1.0,BAR,22,"PARKER, JABARI",26:09,17,7,10,0,2,3,5,2,3,5,1,2,2,0,1,0,2,17,12.0
2023,RS,6,51,1,P010641   ,0.0,1.0,BAR,23,"NNAJI, JAMES",07:25,3,1,1,0,0,1,2,0,0,0,0,1,0,1,0,0,1,5,-15.0
2023,RS,6,51,1,P011666   ,0.0,1.0,BAR,41,"SARR, DAME",01:22,0,0,1,0,0,0,0,0,0,0,0,0,0,0,0,0,0,-1,-6.0
2023,RS,6,51,1,P007464   ,0.0,0.0,BAR,44,"PARRA, JOEL",14:52,2,1,2,0,3,0,0,1,1,2,0,0,1,0,0,1,1,-1,-3.0
2023,RS,6,51,1,Team,0.0,0.0,BAR,,Team,,0,0,0,0,0,0,0,3,6,9,0,0,1,0,0,0,0,8,
2023,RS,6,51,1,Total,,,BAR,,Total,200:00,80,27,48,4,18,14,20,13,29,42,10,9,14,2,1,18,19,88,
2023,RS,6,51,0,P011209   ,0.0,0.0,PAN,0,"KALAITZAKIS, PANAGIOTIS",14:53,5,1,3,1,2,0,0,0,1,1,1,0,0,0,0,3,1,2,-15.0
2023,RS,6,51,0,P011826   ,1.0,0.0,PAN,3,"GUY, KYLE",19:47,6,0,1,1,4,3,4,0,2,2,2,2,4,0,0,1,3,5,0.0
2023,RS,6,51,0,P006544   ,0.0,1.0,PAN,6,"MORAITIS, DIMITRIS",10:34,5,1,4,1,2,0,0,0,2,2,4,1,0,0,1,1,0,6,17.0
2023,RS,6,51,0,P007553   ,0.0,1.0,PAN,8,"BALCEROWSKI, ALEKSANDER",17:07,12,5,5,0,1,2,3,3,1,4,0,0,0,1,0,1,3,17,10.0
2023,RS,6,51,0,P011442   ,0.0,1.0,PAN,20,"SAMONTOUROV, ALEXANDROS",01:22,3,0,1,1,1,0,0,0,0,0,1,0,0,0,0,0,0,3,6.0
2023,RS,6,51,0,P011204   ,1.0,1.0,PAN,22,"GRANT, JERIAN",32:04,15,4,7,2,2,1,1,0,1,1,1,0,1,0,1,3,3,12,-19.0
2023,RS,6,51,0,P003842   ,1.0,0.0,PAN,26,"LESSORT, MATHIAS",18:53,9,2,5,0,0,5,6,2,2,4,0,0,0,0,0,2,5,12,-10.0
2023,RS,6,51,0,P011221   ,0.0,0.0,PAN,37,"ANTETOKOUNMPO, KOSTAS",DNP,0,0,0,0,0,0,0,0,0,0,0,0,0,0,0,0,0,0,0.0
2023,RS,6,51,0,P002328   ,0.0,0.0,PAN,40,"GRIGONIS, MARIUS",24:34,11,2,5,2,5,1,1,0,3,3,3,0,2,0,0,3,0,6,-20.0
2023,RS,6,51,0,P012712   ,1.0,0.0,PAN,41,"HERNANGOMEZ, JUANCHO",18:23,0,0,1,0,1,0,0,0,2,2,0,0,2,0,0,0,0,-2,-9.0
2023,RS,6,51,0,P007866   ,1.0,0.0,PAN,44,"MITOGLOU, KONSTANTINOS",30:31,6,2,6,0,2,2,2,2,4,6,2,1,2,0,0,3,3,7,-12.0
2023,RS,6,51,0,P008084   ,0.0,1.0,PAN,72,"MANTZOUKAS, ELEFTHERIOS",11:52,0,0,0,0,2,0,0,0,3,3,1,0,1,0,0,2,0,-1,12.0
2023,RS,6,51,0,Team,0.0,0.0,PAN,,Team,,0,0,0,0,0,0,0,0,1,1,0,0,0,0,0,0,0,1,
2023,RS,6,51,0,Total,,,PAN,,Total,200:00,72,17,38,8,22,14,17,7,22,29,15,4,12,1,2,19,18,68,
2023,RS,6,52,1,P011948   ,1.0,1.0,BAS,0,"HOWARD, MARKUS",24:24,14,3,10,2,9,2,2,1,0,1,0,1,1,0,2,4,4,-1,4.0
2023,RS,6,52,1,P008850   ,1.0,0.0,BAS,2,"RAIESTE, SANDER",11:36,5,1,2,1,2,0,0,1,0,1,0,0,0,0,0,2,0,2,-9.0
2023,RS,6,52,1,P012765   ,0.0,0.0,BAS,3,"CHRIS, CHIOZZA",14:01,0,0,1,0,1,0,2,0,2,2,1,0,1,0,1,2,1,-4,1.0
2023,RS,6,52,1,P010788   ,0.0,0.0,BAS,4,"QUEREJETA, JOSEBA",DNP,0,0,0,0,0,0,0,0,0,0,0,0,0,0,0,0,0,0,0.0
2023,RS,6,52,1,P007230   ,1.0,1.0,BAS,8,"SEDEKERSKIS, TADAS",31:26,14,5,7,0,2,4,4,1,7,8,3,0,1,0,0,2,4,22,-3.0
2023,RS,6,52,1,P004761   ,0.0,1.0,BAS,9,"MARINKOVIC, VANJA",30:06,12,0,1,3,5,3,3,2,0,2,2,0,2,1,2,2,2,10,5.0
2023,RS,6,52,1,P009048   ,1.0,1.0,BAS,10,"MILLER-MCINTYRE, CODI",29:55,9,2,4,0,3,5,5,2,6,8,8,1,3,0,0,2,5,21,3.0
2023,RS,6,52,1,P003198   ,0.0,0.0,BAS,11,"DIEZ, DANIEL",DNP,0,0,0,0,0,0,0,0,0,0,0,0,0,0,0,0,0,0,0.0
2023,RS,6,52,1,P004603   ,0.0,0.0,BAS,21,"KOTSAR, MAIK",23:15,11,4,5,0,0,3,3,2,2,4,2,1,0,0,1,2,2,16,1.0
2023,RS,6,52,1,P010444   ,1.0,0.0,BAS,24,"COSTELLO, MATTHEW",15:41,3,0,1,1,4,0,0,1,2,3,2,0,1,0,0,2,1,2,-1.0
2023,RS,6,52,1,P012365   ,0.0,0.0,BAS,33,"HRABAR, VIT",DNP,0,0,0,0,0,0,0,0,0,0,0,0,0,0,0,0,0,0,0.0
2023,RS,6,52,1,P012201   ,0.0,1.0,BAS,95,"MONEKE, CHIMA",19:36,16,4,7,1,2,5,9,3,3,6,0,4,1,1,1,2,5,20,4.0
2023,RS,6,52,1,Team,0.0,0.0,BAS,,Team,,0,0,0,0,0,0,0,3,0,3,0,0,0,0,0,0,0,3,
2023,RS,6,52,1,Total,,,BAS,,Total,200:00,84,19,38,8,28,22,28,16,22,38,18,7,10,2,7,20,24,91,
2023,RS,6,52,0,P009212   ,0.0,0.0,PAR,1,"VUKCEVIC, TRISTAN",18:44,13,2,2,2,3,3,3,0,2,2,1,0,1,3,1,2,1,15,0.0
2023,RS,6,52,0,P008987   ,1.0,0.0,PAR,2,"LEDAY, ZACH",22:30,11,4,7,1,2,0,0,0,4,4,1,1,2,0,0,5,1,7,-3.0
2023,RS,6,52,0,P003983   ,0.0,1.0,PAR,4,"AVRAMOVIC, ALEKSA",22:01,1,0,1,0,4,1,2,0,2,2,2,2,2,0,0,2,1,-2,-5.0
2023,RS,6,52,0,P011050   ,0.0,0.0,PAR,5,"KOPRIVICA, BALSA",DNP,0,0,0,0,0,0,0,0,0,0,0,0,0,0,0,0,0,0,0.0
2023,RS,6,52,0,P011051   ,0.0,0.0,PAR,9,"SMAILAGIC, ALEN",15:09,7,1,2,0,1,5,5,0,2,2,1,1,1,1,0,1,6,14,-3.0
2023,RS,6,52,0,P004058   ,1.0,1.0,PAR,10,"JARAMAZ, OGNJEN",20:44,11,4,5,1,4,0,0,0,0,0,2,1,0,1,1,4,2,8,1.0
2023,RS,6,52,0,P007400   ,1.0,1.0,PAR,21,"NUNNALLY, JAMES",29:07,16,1,3,3,5,5,5,0,2,2,2,0,2,0,0,1,4,17,2.0
2023,RS,6,52,0,P007673   ,0.0,1.0,PAR,32,"TRIFUNOVIC, UROS",21:04,7,2,2,1,2,0,0,0,4,4,0,1,1,0,0,4,0,6,-1.0
2023,RS,6,52,0,P000956   ,1.0,0.0,PAR,33,"ANDJUSIC, DANILO",18:07,9,2,2,1,2,2,2,0,1,1,1,0,2,1,0,3,2,8,2.0
2023,RS,6,52,0,P012742   ,0.0,0.0,PAR,35,"DOZIER JR, PERRY",08:57,0,0,1,0,1,0,0,0,1,1,2,0,2,0,0,0,0,-1,-2.0
2023,RS,6,52,0,P012743   ,1.0,1.0,PAR,44,"KAMINSKY, FRANK",23:37,8,4,5,0,0,0,0,1,6,7,5,0,0,1,0,2,3,21,4.0
2023,RS,6,52,0,Team,0.0,0.0,PAR,,Team,,0,0,0,0,0,0,0,1,0,1,0,0,0,0,0,0,0,1,
2023,RS,6,52,0,Total,,,PAR,,Total,200:00,83,20,30,9,24,16,17,2,24,26,17,6,13,7,2,24,20,94,
2023,RS,6,53,1,P011970   ,0.0,0.0,PAM,0,"HARPER, JARED",20:13,11,2,5,1,5,4,4,0,1,1,2,3,1,0,0,2,5,12,16.0
2023,RS,6,53,1,P006643   ,0.0,1.0,PAM,2,"PUERTO, JOSEP",13:43,4,2,2,0,2,0,0,0,0,0,0,0,2,0,0,1,0,-1,-4.0
2023,RS,6,53,1,P012738   ,1.0,0.0,PAM,3,"REUVERS, NATHAN",16:02,5,1,1,1,2,0,0,0,1,1,0,0,2,1,0,2,0,2,-6.0
2023,RS,6,53,1,P010393   ,0.0,1.0,PAM,4,"PRADILLA, JAIME",08:05,2,1,1,0,2,0,0,2,1,3,0,0,0,0,0,0,0,3,1.0
2023,RS,6,53,1,P010568   ,1.0,0.0,PAM,7,"JONES, CHRIS",23:38,10,3,6,1,1,1,2,0,1,1,5,1,1,0,0,1,1,12,16.0
2023,RS,6,53,1,P009101   ,0.0,1.0,PAM,8,"FERRANDO, GUILLEM",06:12,0,0,0,0,2,0,0,1,0,1,2,0,0,0,0,2,0,-1,-1.0
2023,RS,6,53,1,P003960   ,0.0,1.0,PAM,10,"INGLIS, DAMIEN",21:43,6,3,5,0,0,0,0,1,3,4,1,1,3,0,0,4,2,5,7.0
2023,RS,6,53,1,P004863   ,0.0,1.0,PAM,16,"JOVIC, STEFAN",14:28,6,2,2,0,0,2,3,1,2,3,4,0,1,0,0,2,4,13,0.0
2023,RS,6,53,1,P012739   ,1.0,0.0,PAM,21,"TOURE, BOUBACAR",15:24,2,1,5,0,0,0,0,0,4,4,0,0,1,2,2,2,0,-1,-4.0
2023,RS,6,53,1,P012740   ,1.0,0.0,PAM,30,"ROBERTSON, KASSIUS",17:34,0,0,1,0,2,0,0,0,1,1,0,1,2,0,0,3,0,-6,-9.0
2023,RS,6,53,1,P007870   ,0.0,0.0,PAM,32,"DAVIES, BRANDON",18:16,14,7,10,0,1,0,0,2,2,4,3,2,2,0,1,1,1,16,11.0
2023,RS,6,53,1,P011982   ,1.0,0.0,PAM,37,"OJELEYE, SEMI",24:42,19,1,5,4,6,5,5,2,5,7,1,2,0,0,2,0,4,25,13.0
2023,RS,6,53,1,Team,0.0,0.0,PAM,,Team,,0,0,0,0,0,0,0,3,3,6,0,0,1,0,0,0,0,5,
2023,RS,6,53,1,Total,,,PAM,,Total,200:00,79,23,43,7,23,12,14,12,24,36,18,10,16,3,5,20,17,84,
2023,RS,6,53,0,P012720   ,1.0,1.0,BER,0,"BROWN, STERLING",26:48,19,3,3,3,7,4,4,0,3,3,2,2,2,2,0,3,4,23,-8.0
2023,RS,6,53,0,P008384   ,0.0,0.0,BER,1,"PROCIDA, GABRIELE",12:51,5,1,2,0,2,3,5,0,0,0,1,2,0,0,0,0,3,6,0.0
2023,RS,6,53,0,P008173   ,1.0,0.0,BER,3,"SPAGNOLO, MATTEO",21:26,2,0,2,0,2,2,2,0,2,2,5,0,5,0,0,2,3,1,-4.0
2023,RS,6,53,0,P008211   ,0.0,1.0,BER,6,"DELOW, MALTE",18:34,4,2,2,0,1,0,0,2,2,4,3,1,4,0,0,3,1,5,-4.0
2023,RS,6,53,0,P007025   ,0.0,0.0,BER,9,"MATTISSECK, JONAS",DNP,0,0,0,0,0,0,0,0,0,0,0,0,0,0,0,0,0,0,0.0
2023,RS,6,53,0,P006251   ,0.0,0.0,BER,10,"SCHNEIDER, TIM",15:43,3,0,1,1,4,0,0,0,0,0,1,0,1,0,0,2,0,-3,3.0
2023,RS,6,53,0,P008967   ,0.0,1.0,BER,11,"THOMAS, MATT",21:11,16,2,3,3,6,3,3,1,2,3,0,0,2,0,0,4,1,10,-6.0
2023,RS,6,53,0,P006819   ,1.0,0.0,BER,16,"NIKIC, KRESIMIR",05:07,0,0,0,0,0,0,0,0,0,0,0,0,0,0,0,0,0,0,1.0
2023,RS,6,53,0,P006919   ,1.0,1.0,BER,19,"OLINDE, LOUIS",25:09,10,1,3,2,4,2,2,1,6,7,1,2,1,2,0,1,2,18,-11.0
2023,RS,6,53,0,P010791   ,0.0,0.0,BER,21,"KOUMADJE, KHALIFA",11:18,0,0,4,0,0,0,0,2,0,2,0,0,0,0,1,0,0,-3,-4.0
2023,RS,6,53,0,P003958   ,1.0,1.0,BER,32,"THIEMANN, JOHANNES",30:28,8,2,6,0,2,4,4,1,3,4,0,0,2,1,2,2,6,7,-12.0
2023,RS,6,53,0,P012721   ,0.0,0.0,BER,34,"BEAN, JUSTIN",11:25,4,2,2,0,0,0,0,2,2,4,0,2,0,0,0,0,0,10,5.0
2023,RS,6,53,0,Team,0.0,0.0,BER,,Team,,0,0,0,0,0,0,0,1,3,4,0,0,0,0,0,0,0,4,
2023,RS,6,53,0,Total,,,BER,,Total,200:00,71,13,28,9,28,18,20,10,23,33,13,9,17,5,3,17,20,78,
2023,RS,6,54,1,P009549   ,1.0,0.0,VIR,0,"CORDINIER, ISAIA",26:11,7,3,7,0,2,1,2,1,1,2,2,2,1,0,0,5,4,4,17.0
2023,RS,6,54,1,P010781   ,0.0,0.0,VIR,1,"LUNDBERG, IFFE",11:58,0,0,4,0,1,0,0,0,0,0,1,0,0,0,0,1,0,-5,-7.0
2023,RS,6,54,1,PBCN      ,1.0,1.0,VIR,3,"BELINELLI, MARCO",19:23,17,1,4,3,3,6,6,0,3,3,2,0,1,0,0,3,2,17,7.0
2023,RS,6,54,1,P006739   ,1.0,1.0,VIR,6,"PAJOLA, ALESSANDRO",28:12,3,0,0,1,4,0,0,1,2,3,3,0,0,0,0,2,1,5,21.0
2023,RS,6,54,1,P011192   ,0.0,1.0,VIR,9,"SMITH, JALEEN",17:50,12,3,3,2,3,0,0,3,1,4,2,2,0,0,0,2,0,17,5.0
2023,RS,6,54,1,P004007   ,0.0,1.0,VIR,13,"DOBRIC, OGNJEN",17:10,7,3,4,0,1,1,2,0,0,0,2,4,1,0,1,1,1,8,3.0
2023,RS,6,54,1,P012713   ,0.0,0.0,VIR,14,"MASCOLO, BRUNO",DNP,0,0,0,0,0,0,0,0,0,0,0,0,0,0,0,0,0,0,0.0
2023,RS,6,54,1,P012714   ,0.0,0.0,VIR,15,"CACOK, DEVONTAE",05:12,4,2,2,0,0,0,0,2,3,5,1,0,1,0,0,3,0,6,6.0
2023,RS,6,54,1,P001133   ,1.0,0.0,VIR,21,"SHENGELIA, TORNIKE",31:11,19,5,9,0,3,9,11,3,2,5,6,1,3,0,0,1,12,30,12.0
2023,RS,6,54,1,P008847   ,0.0,1.0,VIR,25,"MICKEY, JORDAN",16:47,10,2,5,1,3,3,5,2,1,3,1,0,0,0,0,1,3,9,6.0
2023,RS,6,54,1,P003048   ,1.0,0.0,VIR,42,"DUNSTON, BRYANT",20:45,14,7,8,0,0,0,0,4,2,6,2,1,0,2,1,3,0,20,3.0
2023,RS,6,54,1,P003527   ,0.0,0.0,VIR,55,"ABASS, AWUDU",05:21,0,0,0,0,0,0,0,0,0,0,0,0,0,0,0,1,0,-1,-13.0
2023,RS,6,54,1,Team,0.0,0.0,VIR,,Team,,0,0,0,0,0,0,0,1,0,1,0,0,1,0,0,0,0,0,
2023,RS,6,54,1,Total,,,VIR,,Total,200:00,93,26,46,7,20,20,26,17,15,32,22,10,8,2,2,23,23,110,
2023,RS,6,54,0,P007200   ,1.0,1.0,IST,0,"LARKIN, SHANE",32:13,16,3,7,1,4,7,8,0,2,2,2,1,4,0,1,4,4,8,-11.0
2023,RS,6,54,0,P006590   ,1.0,1.0,IST,1,"BEAUBOIS, RODRIGUE",33:46,17,3,5,3,5,2,2,1,3,4,3,0,0,1,0,2,3,22,-8.0
2023,RS,6,54,0,P009846   ,0.0,1.0,IST,6,"BRYANT, ELIJAH",19:51,7,2,2,1,1,0,0,0,4,4,3,1,4,0,0,1,2,12,-5.0
2023,RS,6,54,0,P010516   ,0.0,0.0,IST,11,"GAZI, ERTEN",DNP,0,0,0,0,0,0,0,0,0,0,0,0,0,0,0,0,0,0,0.0
2023,RS,6,54,0,P004888   ,0.0,1.0,IST,12,"CLYBURN, WILL",25:16,10,2,3,0,2,6,9,1,1,2,0,1,0,0,0,4,7,10,-12.0
2023,RS,6,54,0,P011078   ,1.0,0.0,IST,13,"THOMPSON, DARIUS",25:36,6,0,1,2,2,0,0,0,0,0,0,0,3,1,1,3,1,0,-4.0
2023,RS,6,54,0,PLHK      ,0.0,0.0,IST,21,"PLEISS, TIBOR",DNP,0,0,0,0,0,0,0,0,0,0,0,0,0,0,0,0,0,0,0.0
2023,RS,6,54,0,P009513   ,0.0,0.0,IST,23,"HOLLATZ, JUSTUS",DNP,0,0,0,0,0,0,0,0,0,0,0,0,0,0,0,0,0,0,0.0
2023,RS,6,54,0,P012710   ,0.0,0.0,IST,24,"OSMANI, ERCAN",DNP,0,0,0,0,0,0,0,0,0,0,0,0,0,0,0,0,0,0,0.0
2023,RS,6,54,0,P009664   ,1.0,0.0,IST,35,"WILLIS, DEREK",22:49,4,2,3,0,2,0,0,1,6,7,1,1,1,0,0,4,0,5,-8.0
2023,RS,6,54,0,P004554   ,0.0,0.0,IST,41,"ZIZIC, ANTE",17:23,15,6,7,0,0,3,3,2,1,3,1,0,1,0,0,1,3,19,-1.0
2023,RS,6,54,0,P011981   ,1.0,1.0,IST,88,"JONES, TYRIQUE",23:06,6,3,5,0,0,0,0,1,1,2,1,0,1,0,0,4,3,5,-11.0
2023,RS,6,54,0,Team,0.0,0.0,IST,,Team,,0,0,0,0,0,0,0,1,0,1,0,0,0,0,0,0,0,1,
2023,RS,6,54,0,Total,,,IST,,Total,200:00,81,21,33,7,16,18,22,7,18,25,11,4,14,2,2,23,23,82,
2023,RS,7,55,1,P007200   ,1.0,1.0,IST,0,"LARKIN, SHANE",34:04,14,2,7,2,6,4,4,0,1,1,5,1,2,0,1,1,4,12,-4.0
2023,RS,7,55,1,P006590   ,0.0,1.0,IST,1,"BEAUBOIS, RODRIGUE",24:14,5,1,1,1,5,0,0,0,2,2,0,0,3,0,0,1,0,-1,7.0
2023,RS,7,55,1,P010516   ,0.0,0.0,IST,11,"GAZI, ERTEN",DNP,0,0,0,0,0,0,0,0,0,0,0,0,0,0,0,0,0,0,0.0
2023,RS,7,55,1,P004888   ,0.0,1.0,IST,12,"CLYBURN, WILL",40:25,20,6,10,2,4,2,4,0,7,7,2,2,0,0,0,2,7,28,10.0
2023,RS,7,55,1,P011078   ,1.0,0.0,IST,13,"THOMPSON, DARIUS",33:40,17,3,6,2,3,5,6,0,2,2,5,1,1,0,0,5,3,17,15.0
2023,RS,7,55,1,PLHK      ,0.0,0.0,IST,21,"PLEISS, TIBOR",DNP,0,0,0,0,0,0,0,0,0,0,0,0,0,0,0,0,0,0,0.0
2023,RS,7,55,1,P009513   ,0.0,0.0,IST,23,"HOLLATZ, JUSTUS",00:34,0,0,0,0,0,0,0,0,0,0,0,0,0,0,0,0,0,0,0.0
2023,RS,7,55,1,P012710   ,0.0,0.0,IST,24,"OSMANI, ERCAN",02:49,0,0,0,0,0,0,0,0,0,0,0,1,1,0,0,1,0,-1,0.0
2023,RS,7,55,1,P006372   ,1.0,0.0,IST,33,"YILMAZ, ERKAN",04:35,2,1,1,0,1,0,0,1,2,3,0,0,1,0,0,2,1,2,-6.0
2023,RS,7,55,1,P009664   ,1.0,1.0,IST,35,"WILLIS, DEREK",39:39,11,0,2,3,6,2,2,1,9,10,0,1,0,2,1,2,3,19,-6.0
2023,RS,7,55,1,P004554   ,1.0,0.0,IST,41,"ZIZIC, ANTE",22:50,6,3,5,0,0,0,0,1,3,4,1,0,2,1,0,1,2,9,1.0
2023,RS,7,55,1,P011981   ,0.0,1.0,IST,88,"JONES, TYRIQUE",22:10,11,5,9,0,0,1,1,5,1,6,0,1,1,1,0,2,2,14,3.0
2023,RS,7,55,1,Team,0.0,0.0,IST,,Team,,0,0,0,0,0,0,0,1,2,3,0,0,0,0,0,0,0,3,
2023,RS,7,55,1,Total,,,IST,,Total,225:00,86,21,41,10,25,14,17,9,29,38,13,7,11,4,2,17,22,102,
2023,RS,7,55,0,P011218   ,1.0,1.0,ZAL,2,"EVANS, KEENAN",30:49,20,4,6,3,6,3,4,0,2,2,4,1,1,0,1,3,3,19,12.0
2023,RS,7,55,0,P011965   ,0.0,0.0,ZAL,3,"MITROU-LONG, NAZ",05:19,0,0,0,0,1,0,0,0,1,1,1,0,0,0,0,0,0,1,-13.0
2023,RS,7,55,0,P003210   ,0.0,0.0,ZAL,4,"LEKAVICIUS, LUKAS",04:39,0,0,0,0,1,0,0,0,0,0,0,0,0,0,0,1,1,-1,-10.0
2023,RS,7,55,0,P010390   ,1.0,0.0,ZAL,8,"HAYES, KEVARRIUS",31:42,13,6,6,0,0,1,1,1,5,6,0,1,0,2,0,1,1,22,4.0
2023,RS,7,55,0,P007513   ,1.0,0.0,ZAL,9,"GIEDRAITIS, DOVYDAS",18:02,3,0,4,1,4,0,0,0,1,1,0,1,2,0,1,2,1,-6,0.0
2023,RS,7,55,0,P007109   ,1.0,1.0,ZAL,10,"SMITS, ROLANDS",30:44,16,5,5,2,5,0,0,2,5,7,3,1,1,0,0,4,2,21,-1.0
2023,RS,7,55,0,P005504   ,0.0,0.0,ZAL,15,"BIRUTIS, LAURYNAS",07:59,2,1,3,0,0,0,0,1,2,3,1,0,3,0,0,0,1,2,-2.0
2023,RS,7,55,0,P003211   ,0.0,1.0,ZAL,33,"DIMSA, TOMAS",27:19,15,3,7,3,5,0,0,1,4,5,1,1,1,0,2,3,3,13,0.0
2023,RS,7,55,0,P006860   ,0.0,0.0,ZAL,35,"LAVRINOVICIUS, DANIELIUS",DNP,0,0,0,0,0,0,0,0,0,0,0,0,0,0,0,0,0,0,0.0
2023,RS,7,55,0,P012715   ,0.0,0.0,ZAL,45,"MANEK, BRADY",17:12,6,0,3,2,5,0,0,0,1,1,2,2,0,0,0,2,2,5,-2.0
2023,RS,7,55,0,P002676   ,0.0,1.0,ZAL,51,"BUTKEVICIUS, ARNAS",17:30,3,0,1,1,2,0,0,1,0,1,0,0,2,0,0,3,1,-2,-14.0
2023,RS,7,55,0,P002329   ,1.0,1.0,ZAL,92,"ULANOVAS, EDGARAS",33:45,4,2,6,0,2,0,0,2,4,6,6,0,1,0,0,3,2,8,6.0
2023,RS,7,55,0,Team,0.0,0.0,ZAL,,Team,,0,0,0,0,0,0,0,1,0,1,0,0,0,0,0,0,0,1,
2023,RS,7,55,0,Total,,,ZAL,,Total,225:00,82,21,41,12,31,4,5,9,25,34,18,7,11,2,4,22,17,83,
2023,RS,7,56,1,P007032   ,1.0,0.0,MIL,0,"LO, MAODO",23:08,10,2,3,2,4,0,0,0,2,2,6,3,2,0,0,2,2,16,11.0
2023,RS,7,56,1,P009960   ,1.0,1.0,MIL,2,"POYTHRESS, ALEX",21:47,8,4,6,0,0,0,1,3,4,7,1,0,1,1,0,4,2,11,20.0
2023,RS,7,56,1,P006701   ,0.0,1.0,MIL,3,"BORTOLANI, GIORDANO",06:29,5,0,0,1,2,2,2,0,0,0,0,1,1,0,0,0,2,6,4.0
2023,RS,7,56,1,P006509   ,0.0,0.0,MIL,7,"TONUT, STEFANO",15:08,6,0,1,2,5,0,0,0,3,3,1,1,0,0,0,1,1,7,17.0
2023,RS,7,56,1,P002849   ,1.0,0.0,MIL,9,"MELLI, NICOLO",19:57,3,1,2,0,2,1,2,1,4,5,0,2,2,1,0,1,1,5,16.0
2023,RS,7,56,1,P001518   ,0.0,1.0,MIL,17,"RICCI, GIAMPAOLO",07:39,3,0,0,1,2,0,0,0,0,0,0,1,0,0,0,0,0,3,5.0
2023,RS,7,56,1,P005670   ,0.0,1.0,MIL,21,"FLACCADORI, DIEGO",16:52,7,1,3,1,2,2,2,0,0,0,2,2,0,0,0,2,2,8,20.0
2023,RS,7,56,1,P011205   ,0.0,1.0,MIL,22,"HALL, DEVON",19:08,7,2,4,1,1,0,0,0,3,3,1,0,0,0,0,1,0,8,13.0
2023,RS,7,56,1,P007831   ,1.0,0.0,MIL,31,"SHIELDS, SHAVON",18:47,0,0,2,0,5,0,0,0,2,2,1,0,1,1,0,1,1,-4,11.0
2023,RS,7,56,1,P000796   ,1.0,0.0,MIL,33,"MIROTIC, NIKOLA",20:55,19,5,6,3,6,0,0,3,4,7,1,1,3,1,0,1,2,23,15.0
2023,RS,7,56,1,P002812   ,0.0,0.0,MIL,42,"HINES, KYLE",14:00,6,2,4,0,0,2,4,0,4,4,1,0,1,1,1,2,4,8,8.0
2023,RS,7,56,1,P007201   ,0.0,0.0,MIL,77,"VOIGTMANN, JOHANNES",16:10,9,2,3,1,2,2,2,2,2,4,3,1,1,0,0,1,2,15,15.0
2023,RS,7,56,1,Team,0.0,0.0,MIL,,Team,,0,0,0,0,0,0,0,2,1,3,0,0,0,0,0,0,0,3,
2023,RS,7,56,1,Total,,,MIL,,Total,200:00,83,19,34,12,31,9,13,11,29,40,17,12,12,5,1,16,19,109,
2023,RS,7,56,0,P011970   ,0.0,0.0,PAM,0,"HARPER, JARED",21:04,10,1,4,2,4,2,2,0,1,1,1,0,3,0,0,1,3,6,-16.0
2023,RS,7,56,0,P000556   ,0.0,0.0,PAM,1,"CLAVER, VICTOR",09:17,0,0,2,0,1,0,0,0,1,1,2,1,1,0,1,2,0,-3,-21.0
2023,RS,7,56,0,P006643   ,0.0,1.0,PAM,2,"PUERTO, JOSEP",21:03,2,1,4,0,4,0,0,1,5,6,1,0,0,0,1,2,0,-1,-16.0
2023,RS,7,56,0,P012738   ,0.0,1.0,PAM,3,"REUVERS, NATHAN",18:06,8,1,4,2,3,0,0,3,3,6,0,0,2,1,0,4,1,6,-18.0
2023,RS,7,56,0,P010393   ,0.0,1.0,PAM,4,"PRADILLA, JAIME",11:02,1,0,0,0,0,1,2,0,0,0,0,2,1,0,0,0,1,2,-7.0
2023,RS,7,56,0,P005356   ,1.0,1.0,PAM,6,"LOPEZ-AROSTEGUI, XABI",24:08,6,0,1,2,4,0,0,0,4,4,1,1,1,0,0,2,1,7,-29.0
2023,RS,7,56,0,P009101   ,0.0,1.0,PAM,8,"FERRANDO, GUILLEM",17:55,3,0,0,0,3,3,3,0,2,2,1,0,2,0,0,0,1,2,-15.0
2023,RS,7,56,0,P003960   ,1.0,0.0,PAM,10,"INGLIS, DAMIEN",16:48,6,2,5,0,0,2,3,2,2,4,4,2,1,0,1,2,4,12,-1.0
2023,RS,7,56,0,P004863   ,1.0,0.0,PAM,16,"JOVIC, STEFAN",04:13,2,1,1,0,0,0,0,0,0,0,1,0,0,0,0,0,0,3,-3.0
2023,RS,7,56,0,P012740   ,0.0,0.0,PAM,30,"ROBERTSON, KASSIUS",12:56,0,0,0,0,1,0,0,0,1,1,2,0,2,0,0,5,0,-5,-4.0
2023,RS,7,56,0,P007870   ,1.0,0.0,PAM,32,"DAVIES, BRANDON",25:25,9,3,8,0,2,3,4,2,5,7,1,1,5,0,1,1,4,7,-15.0
2023,RS,7,56,0,P011982   ,1.0,0.0,PAM,37,"OJELEYE, SEMI",18:03,5,0,3,1,2,2,2,0,1,1,0,0,1,0,1,0,1,1,-10.0
2023,RS,7,56,0,Team,0.0,0.0,PAM,,Team,,0,0,0,0,0,0,0,3,1,4,0,0,0,0,0,0,0,4,
2023,RS,7,56,0,Total,,,PAM,,Total,200:00,52,9,32,7,24,13,16,11,26,37,14,7,19,1,5,19,16,41,
2023,RS,7,57,1,P012744   ,0.0,0.0,TEL,1,"CLEVELAND, ANTONIUS",09:46,4,1,1,0,2,2,2,0,0,0,0,2,1,0,0,3,1,1,3.0
2023,RS,7,57,1,P011971   ,0.0,1.0,TEL,3,"WEBB III, JAMES",14:20,8,1,1,2,5,0,0,0,2,2,0,0,2,0,0,3,1,3,9.0
2023,RS,7,57,1,P009622   ,1.0,0.0,TEL,4,"BROWN, LORENZO",30:28,13,4,7,1,2,2,2,0,0,0,7,3,1,1,0,1,1,19,8.0
2023,RS,7,57,1,P009863   ,1.0,1.0,TEL,5,"BALDWIN IV, WADE",25:25,12,3,6,1,3,3,4,0,2,2,3,2,6,0,0,0,7,14,0.0
2023,RS,7,57,1,P004233   ,0.0,0.0,TEL,8,"MENCO, RAFI",DNP,0,0,0,0,0,0,0,0,0,0,0,0,0,0,0,0,0,0,0.0
2023,RS,7,57,1,P011219   ,0.0,0.0,TEL,9,"SORKIN, ROMAN",09:38,2,1,3,0,0,0,0,0,0,0,1,0,1,0,0,1,0,-1,-2.0
2023,RS,7,57,1,P007990   ,0.0,0.0,TEL,12,"DIBARTOLOMEO, JOHN",11:22,0,0,0,0,2,0,0,1,0,1,1,1,0,0,0,1,1,1,-7.0
2023,RS,7,57,1,P011214   ,0.0,1.0,TEL,14,"RIVERO, JASIEL",13:34,12,3,4,0,0,6,6,1,1,2,1,0,2,1,0,2,4,15,-9.0
2023,RS,7,57,1,P005145   ,1.0,0.0,TEL,15,"COHEN, JAKE",09:10,5,1,1,1,4,0,0,0,0,0,0,0,0,0,0,4,1,-1,-5.0
2023,RS,7,57,1,P011199   ,1.0,1.0,TEL,32,"NEBO, JOSH",26:49,7,2,4,0,0,3,4,2,4,6,1,2,1,0,1,2,2,11,8.0
2023,RS,7,57,1,P011193   ,0.0,0.0,TEL,45,"BLATT, TAMIR",16:10,11,0,0,3,4,2,2,0,0,0,5,0,2,0,0,1,1,13,5.0
2023,RS,7,57,1,P009783   ,1.0,1.0,TEL,50,"COLSON, BONZIE",33:18,19,4,7,2,4,5,5,2,3,5,1,2,1,0,0,3,4,22,5.0
2023,RS,7,57,1,Team,0.0,0.0,TEL,,Team,,0,0,0,0,0,0,0,3,3,6,0,0,0,0,0,0,0,6,
2023,RS,7,57,1,Total,,,TEL,,Total,200:00,93,20,34,10,26,23,25,9,15,24,20,12,17,2,1,21,23,103,
2023,RS,7,57,0,P010391   ,1.0,0.0,MUN,0,"WEILER-BABB, NICK",23:16,5,1,1,1,2,0,0,0,2,2,1,1,2,0,0,1,0,5,-4.0
2023,RS,7,57,0,P007975   ,0.0,1.0,MUN,1,"FRANCISCO, SYLVAIN",12:54,7,1,3,1,3,2,2,0,2,2,3,0,1,0,1,0,3,9,3.0
2023,RS,7,57,0,P011987   ,0.0,1.0,MUN,3,"EDWARDS, CARSEN",18:26,17,4,5,3,8,0,0,0,2,2,2,0,2,0,1,0,1,13,2.0
2023,RS,7,57,0,P001557   ,0.0,0.0,MUN,7,"GIFFEY, NIELS",13:29,4,0,0,1,2,1,2,0,1,1,0,1,0,0,0,0,2,6,0.0
2023,RS,7,57,0,P006760   ,1.0,1.0,MUN,9,"BONGA, ISAAC",23:17,8,2,4,1,1,1,2,1,3,4,2,2,3,0,0,4,4,10,8.0
2023,RS,7,57,0,P008985   ,0.0,0.0,MUN,10,"BOLMARO, LEANDRO",16:35,12,6,7,0,0,0,0,0,0,0,5,1,5,0,0,2,1,11,-5.0
2023,RS,7,57,0,P004508   ,1.0,1.0,MUN,13,"OBST, ANDREAS",24:01,7,1,2,1,5,2,2,0,1,1,0,0,2,0,0,2,2,1,-5.0
2023,RS,7,57,0,P003583   ,1.0,1.0,MUN,14,"IBAKA, SERGE",24:19,16,7,7,0,0,2,4,2,2,4,1,0,2,0,0,3,2,16,-7.0
2023,RS,7,57,0,P005460   ,0.0,0.0,MUN,20,"HARRIS, ELIAS",04:06,0,0,0,0,0,0,0,0,0,0,0,0,0,0,0,0,0,0,-2.0
2023,RS,7,57,0,P007639   ,0.0,0.0,MUN,22,"BRANKOVIC, DANKO",09:12,3,0,0,1,1,0,0,2,2,4,0,0,1,0,0,4,0,2,2.0
2023,RS,7,57,0,P007056   ,1.0,0.0,MUN,31,"BOOKER, DEVIN",26:39,11,5,8,0,0,1,2,0,3,3,0,0,3,1,0,5,5,8,-8.0
2023,RS,7,57,0,P011941   ,0.0,0.0,MUN,33,"GILLESPIE, FREDDIE",03:46,0,0,0,0,0,0,0,0,1,1,0,0,0,0,0,2,1,0,1.0
2023,RS,7,57,0,Team,0.0,0.0,MUN,,Team,,0,0,0,0,0,0,0,3,2,5,0,0,2,0,0,0,0,3,
2023,RS,7,57,0,Total,,,MUN,,Total,200:00,90,27,37,9,22,9,14,8,21,29,14,5,23,1,2,23,21,84,
2023,RS,7,58,1,P009212   ,0.0,0.0,PAR,1,"VUKCEVIC, TRISTAN",07:52,8,1,1,1,1,3,3,1,3,4,0,0,0,0,0,1,1,12,-4.0
2023,RS,7,58,1,P008987   ,1.0,1.0,PAR,2,"LEDAY, ZACH",32:06,2,1,3,0,2,0,0,2,5,7,5,1,2,0,0,2,2,9,5.0
2023,RS,7,58,1,P003983   ,0.0,0.0,PAR,4,"AVRAMOVIC, ALEKSA",13:06,7,1,3,1,2,2,2,1,1,2,1,1,0,0,1,2,1,6,-3.0
2023,RS,7,58,1,P011050   ,0.0,0.0,PAR,5,"KOPRIVICA, BALSA",DNP,0,0,0,0,0,0,0,0,0,0,0,0,0,0,0,0,0,0,0.0
2023,RS,7,58,1,P011051   ,0.0,1.0,PAR,9,"SMAILAGIC, ALEN",20:36,13,5,6,1,3,0,0,0,1,1,1,2,0,1,0,2,2,15,2.0
2023,RS,7,58,1,P004058   ,1.0,0.0,PAR,10,"JARAMAZ, OGNJEN",14:21,5,1,1,1,3,0,0,0,2,2,0,0,0,0,0,2,1,4,-8.0
2023,RS,7,58,1,P007400   ,1.0,1.0,PAR,21,"NUNNALLY, JAMES",27:05,13,4,9,1,2,2,2,3,0,3,2,0,1,0,0,1,1,11,2.0
2023,RS,7,58,1,P007673   ,0.0,0.0,PAR,32,"TRIFUNOVIC, UROS",15:38,6,0,1,1,2,3,3,0,0,0,1,0,0,0,0,2,1,4,-10.0
2023,RS,7,58,1,P000956   ,0.0,1.0,PAR,33,"ANDJUSIC, DANILO",19:43,9,1,2,1,2,4,4,1,1,2,2,1,0,0,0,2,3,13,12.0
2023,RS,7,58,1,P012742   ,1.0,1.0,PAR,35,"DOZIER JR, PERRY",24:58,5,1,4,1,2,0,0,1,1,2,5,1,3,0,0,4,3,5,6.0
2023,RS,7,58,1,P004172   ,0.0,0.0,PAR,37,"PONITKA, MATEUSZ",05:13,2,1,2,0,0,0,0,0,0,0,0,0,0,0,0,0,1,2,4.0
2023,RS,7,58,1,P012743   ,1.0,0.0,PAR,44,"KAMINSKY, FRANK",19:22,15,6,10,0,1,3,4,1,2,3,3,1,1,0,1,3,2,13,-1.0
2023,RS,7,58,1,Team,0.0,0.0,PAR,,Team,,0,0,0,0,0,0,0,0,4,4,0,0,1,0,0,0,0,3,
2023,RS,7,58,1,Total,,,PAR,,Total,200:00,85,22,42,8,20,17,18,10,20,30,20,7,8,1,2,21,18,97,
2023,RS,7,58,0,P011157   ,1.0,0.0,ULK,0,"MOTLEY, JOHNATHAN",13:04,11,5,8,0,0,1,2,3,2,5,1,0,3,0,0,5,3,8,12.0
2023,RS,7,58,0,P011201   ,0.0,0.0,ULK,2,"HAZER, SEHMUS",00:13,0,0,0,0,0,0,0,0,0,0,0,0,0,0,0,0,0,0,-2.0
2023,RS,7,58,0,P006661   ,0.0,1.0,ULK,3,"WILBEKIN, SCOTTIE",25:54,9,2,4,1,7,2,2,0,2,2,3,1,1,0,1,1,2,6,-8.0
2023,RS,7,58,0,P005844   ,0.0,1.0,ULK,9,"PAPAGIANNIS, GEORGIOS",25:58,7,2,3,1,1,0,0,2,4,6,1,0,0,2,0,4,1,12,-12.0
2023,RS,7,58,0,P002969   ,0.0,0.0,ULK,10,"MAHMUTOGLU, MELIH",00:06,0,0,0,0,0,0,0,0,0,0,0,0,0,0,0,0,0,0,0.0
2023,RS,7,58,0,P008962   ,1.0,1.0,ULK,11,"HAYES-DAVIS, NIGEL",39:58,23,5,5,3,4,4,4,2,4,6,3,1,1,0,0,3,7,35,-1.0
2023,RS,7,58,0,P006961   ,0.0,1.0,ULK,13,"BIBEROVIC, TARIK",18:31,10,0,0,2,5,4,4,0,2,2,2,0,2,0,0,2,2,9,-3.0
2023,RS,7,58,0,P012724   ,0.0,0.0,ULK,22,"MESTOGLU, HAMZA",DNP,0,0,0,0,0,0,0,0,0,0,0,0,0,0,0,0,0,0,0.0
2023,RS,7,58,0,P009849   ,1.0,1.0,ULK,27,"DORSEY, TYLER",28:16,18,1,4,4,8,4,4,1,3,4,5,1,3,0,0,1,5,22,4.0
2023,RS,7,58,0,P011052   ,1.0,0.0,ULK,41,"MADAR, YAM",27:45,2,1,4,0,1,0,0,2,3,5,3,0,2,0,0,1,1,4,-5.0
2023,RS,7,58,0,P011980   ,1.0,0.0,ULK,77,"SESTINA, NATHAN",20:15,4,2,2,0,5,0,0,0,2,2,0,0,0,0,0,1,0,0,10.0
2023,RS,7,58,0,Team,0.0,0.0,ULK,,Team,,0,0,0,0,0,0,0,2,0,2,0,0,0,0,0,0,0,2,
2023,RS,7,58,0,Total,,,ULK,,Total,200:00,84,18,30,11,31,15,16,12,22,34,18,3,12,2,1,18,21,98,
2023,RS,7,59,1,P001392   ,1.0,0.0,MAD,1,"CAUSEUR, FABIEN",18:04,10,1,3,2,3,2,2,0,0,0,1,0,1,0,0,2,1,6,6.0
2023,RS,7,59,1,PBMT      ,0.0,0.0,MAD,5,"FERNANDEZ, RUDY",12:41,1,0,1,0,1,1,1,0,5,5,2,1,0,1,0,2,0,6,27.0
2023,RS,7,59,1,P003733   ,0.0,0.0,MAD,6,"ABALDE, ALBERTO",DNP,0,0,0,0,0,0,0,0,0,0,0,0,0,0,0,0,0,0,0.0
2023,RS,7,59,1,P005928   ,1.0,1.0,MAD,7,"CAMPAZZO, FACUNDO",28:29,18,3,3,1,5,9,9,1,5,6,11,3,1,0,0,3,9,39,26.0
2023,RS,7,59,1,P003108   ,0.0,1.0,MAD,11,"HEZONJA, MARIO",14:32,9,2,4,1,2,2,2,0,2,2,0,0,0,0,0,0,1,9,6.0
2023,RS,7,59,1,PCVM      ,0.0,0.0,MAD,13,"RODRIGUEZ, SERGIO",11:31,1,0,1,0,1,1,2,0,1,1,0,1,0,0,0,4,2,-2,0.0
2023,RS,7,59,1,P009005   ,1.0,0.0,MAD,14,"DECK, GABRIEL",16:10,11,1,1,3,4,0,0,0,2,2,2,0,0,0,0,4,2,12,23.0
2023,RS,7,59,1,P004887   ,0.0,0.0,MAD,17,"POIRIER, VINCENT",15:01,5,0,1,0,0,5,6,2,1,3,2,0,2,0,0,2,3,7,4.0
2023,RS,7,59,1,P005791   ,1.0,1.0,MAD,22,"TAVARES, WALTER",24:59,17,7,11,0,0,3,4,2,5,7,4,1,1,2,0,0,3,28,22.0
2023,RS,7,59,1,PTGB      ,0.0,0.0,MAD,23,"LLULL, SERGIO",16:55,2,1,3,0,4,0,0,0,1,1,3,1,2,0,0,3,1,-3,1.0
2023,RS,7,59,1,P010357   ,0.0,1.0,MAD,28,"YABUSELE, GUERSCHON",23:18,16,3,4,2,2,4,4,2,5,7,0,0,0,0,0,1,2,23,3.0
2023,RS,7,59,1,P006540   ,1.0,1.0,MAD,31,"MUSA, DZANAN",18:20,10,1,5,2,4,2,4,1,1,2,3,0,1,0,1,0,3,8,12.0
2023,RS,7,59,1,Team,0.0,0.0,MAD,,Team,,0,0,0,0,0,0,0,0,1,1,0,0,0,0,0,0,0,1,
2023,RS,7,59,1,Total,,,MAD,,Total,200:00,100,19,37,11,26,29,34,8,29,37,28,7,8,3,1,21,27,134,
2023,RS,7,59,0,P009549   ,1.0,0.0,VIR,0,"CORDINIER, ISAIA",18:09,7,1,3,1,4,2,2,0,2,2,1,1,2,0,0,5,3,2,-10.0
2023,RS,7,59,0,P010781   ,0.0,0.0,VIR,1,"LUNDBERG, IFFE",10:33,0,0,0,0,1,0,0,0,1,1,1,0,1,0,0,0,1,1,-8.0
2023,RS,7,59,0,PBCN      ,1.0,0.0,VIR,3,"BELINELLI, MARCO",23:51,15,1,1,3,7,4,6,0,0,0,1,0,0,0,0,3,2,9,-18.0
2023,RS,7,59,0,P006739   ,1.0,1.0,VIR,6,"PAJOLA, ALESSANDRO",26:33,2,1,1,0,2,0,0,0,3,3,7,1,4,0,0,4,1,4,-25.0
2023,RS,7,59,0,P011192   ,0.0,1.0,VIR,9,"SMITH, JALEEN",11:18,7,2,3,1,2,0,0,0,0,0,0,0,2,0,0,1,0,2,-8.0
2023,RS,7,59,0,P004007   ,0.0,1.0,VIR,13,"DOBRIC, OGNJEN",15:05,5,1,1,1,1,0,0,0,3,3,0,0,0,0,0,1,0,7,-6.0
2023,RS,7,59,0,P012714   ,0.0,0.0,VIR,15,"CACOK, DEVONTAE",DNP,0,0,0,0,0,0,0,0,0,0,0,0,0,0,0,0,0,0,0.0
2023,RS,7,59,0,P001133   ,1.0,1.0,VIR,21,"SHENGELIA, TORNIKE",30:45,12,4,7,0,3,4,4,2,4,6,4,1,4,0,1,2,4,14,-29.0
2023,RS,7,59,0,P001844   ,0.0,0.0,VIR,23,"HACKETT, DANIEL",13:27,9,2,2,0,0,5,7,0,3,3,3,1,2,0,0,4,7,15,-1.0
2023,RS,7,59,0,P008847   ,0.0,1.0,VIR,25,"MICKEY, JORDAN",25:06,8,4,9,0,3,0,0,2,3,5,0,0,1,0,2,3,0,-1,1.0
2023,RS,7,59,0,P003048   ,1.0,0.0,VIR,42,"DUNSTON, BRYANT",23:45,9,4,5,0,0,1,2,1,3,4,0,0,2,1,0,4,2,8,-19.0
2023,RS,7,59,0,P003527   ,0.0,0.0,VIR,55,"ABASS, AWUDU",01:28,0,0,0,0,2,0,0,0,0,0,0,0,0,0,0,1,0,-3,-7.0
2023,RS,7,59,0,Team,0.0,0.0,VIR,,Team,,0,0,0,0,0,0,0,0,2,2,0,0,1,0,0,0,0,1,
2023,RS,7,59,0,Total,,,VIR,,Total,200:00,74,20,32,6,25,16,21,5,24,29,17,4,19,1,3,28,20,59,
2023,RS,7,60,1,P008855   ,1.0,1.0,OLY,0,"WALKUP, THOMAS",16:13,0,0,0,0,3,0,0,0,2,2,5,0,2,0,0,4,0,-2,14.0
2023,RS,7,60,1,P007982   ,0.0,0.0,OLY,1,"WILLIAMS-GOSS, NIGEL",22:42,4,2,3,0,4,0,0,0,2,2,3,1,1,0,0,2,2,4,-10.0
2023,RS,7,60,1,P010612   ,1.0,1.0,OLY,3,"CANAAN, ISAIAH",32:10,23,4,6,5,8,0,0,0,1,1,1,3,2,0,1,1,2,21,15.0
2023,RS,7,60,1,P006302   ,0.0,0.0,OLY,4,"LOUNTZIS, MICHALIS",02:57,0,0,1,0,0,0,0,0,0,0,0,0,0,0,0,1,0,-2,-9.0
2023,RS,7,60,1,P010392   ,0.0,1.0,OLY,5,"LARENTZAKIS, GIANNOULIS",16:17,7,1,2,1,2,2,2,0,0,0,0,1,1,0,0,1,1,5,-6.0
2023,RS,7,60,1,P012023   ,0.0,0.0,OLY,9,"PAPAS, GEORGE",DNP,0,0,0,0,0,0,0,0,0,0,0,0,0,0,0,0,0,0,0.0
2023,RS,7,60,1,P008811   ,1.0,1.0,OLY,10,"FALL, MOUSTAPHA",36:59,10,4,6,0,0,2,4,0,7,7,7,0,3,3,0,1,5,24,4.0
2023,RS,7,60,1,P001255   ,1.0,0.0,OLY,16,"PAPANIKOLAOU, KOSTAS",28:50,6,0,0,2,5,0,0,0,3,3,4,0,2,1,0,1,0,8,9.0
2023,RS,7,60,1,P011983   ,0.0,0.0,OLY,17,"BRAZDEIKIS, IGNAS",09:14,2,1,2,0,1,0,0,1,1,2,0,0,0,0,1,1,0,0,-23.0
2023,RS,7,60,1,P008829   ,1.0,1.0,OLY,25,"PETERS, ALEC",31:37,22,3,5,4,6,4,4,4,4,8,0,0,0,0,0,4,2,24,6.0
2023,RS,7,60,1,P003941   ,0.0,0.0,OLY,33,"MILUTINOV, NIKOLA",03:01,0,0,2,0,0,0,0,0,0,0,0,0,1,0,0,1,0,-4,-5.0
2023,RS,7,60,1,P010631   ,0.0,0.0,OLY,50,"TANOULIS, GEORGIOS",DNP,0,0,0,0,0,0,0,0,0,0,0,0,0,0,0,0,0,0,0.0
2023,RS,7,60,1,Team,0.0,0.0,OLY,,Team,,0,0,0,0,0,0,0,0,1,1,0,0,1,0,0,0,0,0,
2023,RS,7,60,1,Total,,,OLY,,Total,200:00,74,15,27,12,29,8,10,5,21,26,20,5,13,4,2,17,12,78,
2023,RS,7,60,0,P011948   ,1.0,0.0,BAS,0,"HOWARD, MARKUS",24:04,11,0,4,2,6,5,7,1,2,3,2,0,2,0,0,1,5,8,-12.0
2023,RS,7,60,0,P008850   ,1.0,0.0,BAS,2,"RAIESTE, SANDER",12:07,2,1,1,0,0,0,0,0,1,1,2,0,0,0,0,1,1,5,-17.0
2023,RS,7,60,0,P012765   ,0.0,0.0,BAS,3,"CHRIS, CHIOZZA",18:07,5,1,2,1,3,0,0,0,2,2,1,0,2,0,2,1,0,0,4.0
2023,RS,7,60,0,P007230   ,1.0,1.0,BAS,8,"SEDEKERSKIS, TADAS",34:51,12,3,4,1,2,3,3,1,12,13,3,1,3,1,0,2,4,27,8.0
2023,RS,7,60,0,P004761   ,0.0,1.0,BAS,9,"MARINKOVIC, VANJA",21:52,10,2,3,2,7,0,0,0,0,0,2,1,0,0,0,0,0,7,9.0
2023,RS,7,60,0,P009048   ,1.0,1.0,BAS,10,"MILLER-MCINTYRE, CODI",21:53,4,2,4,0,1,0,0,0,1,1,2,2,3,0,0,1,0,2,-3.0
2023,RS,7,60,0,P003198   ,0.0,0.0,BAS,11,"DIEZ, DANIEL",DNP,0,0,0,0,0,0,0,0,0,0,0,0,0,0,0,0,0,0,0.0
2023,RS,7,60,0,P004603   ,0.0,1.0,BAS,21,"KOTSAR, MAIK",16:47,4,2,3,0,0,0,0,2,0,2,2,1,0,0,1,2,2,7,10.0
2023,RS,7,60,0,P010444   ,1.0,0.0,BAS,24,"COSTELLO, MATTHEW",22:44,7,2,5,1,7,0,0,2,2,4,2,0,0,1,1,3,0,1,-13.0
2023,RS,7,60,0,P012201   ,0.0,1.0,BAS,95,"MONEKE, CHIMA",27:35,20,6,7,2,2,2,2,2,2,4,2,1,2,0,0,1,5,28,19.0
2023,RS,7,60,0,Team,0.0,0.0,BAS,,Team,,0,0,0,0,0,0,0,2,2,4,0,0,2,0,0,0,0,2,
2023,RS,7,60,0,Total,,,BAS,,Total,200:00,75,19,33,9,28,10,12,10,24,34,18,6,14,2,4,12,17,87,
2023,RS,7,61,1,P012720   ,1.0,1.0,BER,0,"BROWN, STERLING",26:58,17,4,7,3,5,0,0,1,3,4,2,0,1,0,1,1,2,17,-12.0
2023,RS,7,61,1,P008384   ,0.0,1.0,BER,1,"PROCIDA, GABRIELE",25:12,13,2,3,3,7,0,0,0,3,3,3,3,1,0,0,1,1,16,0.0
2023,RS,7,61,1,P011934   ,0.0,0.0,BER,5,"WETZELL, YANNI",16:02,8,2,8,0,0,4,4,2,0,2,2,2,1,0,1,4,2,4,-11.0
2023,RS,7,61,1,P008211   ,1.0,0.0,BER,6,"DELOW, MALTE",19:26,9,2,2,1,4,2,2,0,0,0,4,0,0,0,0,2,1,9,-6.0
2023,RS,7,61,1,P007025   ,0.0,0.0,BER,9,"MATTISSECK, JONAS",03:12,3,0,0,1,2,0,0,0,0,0,0,0,0,0,0,1,1,2,-5.0
2023,RS,7,61,1,P006251   ,0.0,0.0,BER,10,"SCHNEIDER, TIM",14:31,2,1,2,0,1,0,0,2,2,4,0,0,0,0,0,1,0,3,1.0
2023,RS,7,61,1,P008967   ,0.0,1.0,BER,11,"THOMAS, MATT",19:49,6,0,2,2,3,0,0,0,1,1,1,0,5,0,0,4,1,-3,-12.0
2023,RS,7,61,1,P007550   ,0.0,0.0,BER,18,"SAMAR, ZIGA",09:17,0,0,3,0,0,0,0,1,0,1,4,0,1,0,0,1,0,0,-7.0
2023,RS,7,61,1,P006919   ,1.0,1.0,BER,19,"OLINDE, LOUIS",19:56,8,2,3,1,2,1,2,1,2,3,1,1,1,0,0,3,2,8,-3.0
2023,RS,7,61,1,P010791   ,1.0,0.0,BER,21,"KOUMADJE, KHALIFA",15:12,0,0,1,0,0,0,0,1,3,4,0,0,2,1,0,1,0,1,-5.0
2023,RS,7,61,1,P003958   ,1.0,1.0,BER,32,"THIEMANN, JOHANNES",25:43,16,7,11,0,3,2,4,3,3,6,3,1,1,0,1,2,7,20,-10.0
2023,RS,7,61,1,P012721   ,0.0,0.0,BER,34,"BEAN, JUSTIN",04:42,3,0,0,1,1,0,0,0,0,0,0,0,0,0,0,0,0,3,0.0
2023,RS,7,61,1,Team,0.0,0.0,BER,,Team,,0,0,0,0,0,0,0,4,2,6,0,0,0,0,0,0,0,6,
2023,RS,7,61,1,Total,,,BER,,Total,200:00,85,20,42,12,28,9,12,15,19,34,20,7,13,1,3,21,17,86,
2023,RS,7,61,0,P011209   ,0.0,0.0,PAN,0,"KALAITZAKIS, PANAGIOTIS",DNP,0,0,0,0,0,0,0,0,0,0,0,0,0,0,0,0,0,0,0.0
2023,RS,7,61,0,P007947   ,0.0,0.0,PAN,2,"VILDOZA, LUCA",17:08,13,0,1,4,4,1,2,0,2,2,4,0,2,0,0,1,2,16,10.0
2023,RS,7,61,0,P011826   ,0.0,0.0,PAN,3,"GUY, KYLE",DNP,0,0,0,0,0,0,0,0,0,0,0,0,0,0,0,0,0,0,0.0
2023,RS,7,61,0,P007553   ,0.0,0.0,PAN,8,"BALCEROWSKI, ALEKSANDER",17:28,11,4,5,0,0,3,5,0,1,1,3,0,0,3,0,2,5,18,10.0
2023,RS,7,61,0,P001926   ,1.0,1.0,PAN,10,"SLOUKAS, KOSTAS",30:47,14,3,5,2,5,2,2,1,3,4,6,0,3,0,0,4,2,14,22.0
2023,RS,7,61,0,P011204   ,1.0,1.0,PAN,22,"GRANT, JERIAN",29:47,7,1,3,1,3,2,2,1,0,1,9,4,3,0,0,1,1,14,13.0
2023,RS,7,61,0,P012774   ,0.0,0.0,PAN,25,"NUNN, KENDRICK",07:45,6,2,2,0,5,2,2,0,0,0,1,0,1,0,0,0,3,4,-7.0
2023,RS,7,61,0,P003842   ,1.0,1.0,PAN,26,"LESSORT, MATHIAS",22:50,8,3,5,0,0,2,2,3,3,6,2,1,1,0,1,4,4,13,-2.0
2023,RS,7,61,0,P011221   ,0.0,0.0,PAN,37,"ANTETOKOUNMPO, KOSTAS",DNP,0,0,0,0,0,0,0,0,0,0,0,0,0,0,0,0,0,0,0.0
2023,RS,7,61,0,P002328   ,1.0,1.0,PAN,40,"GRIGONIS, MARIUS",34:15,16,1,1,4,8,2,2,0,4,4,2,1,0,0,0,3,3,19,10.0
2023,RS,7,61,0,P007866   ,1.0,1.0,PAN,44,"MITOGLOU, KONSTANTINOS",36:06,24,9,11,2,4,0,0,1,9,10,0,2,1,0,0,2,1,30,12.0
2023,RS,7,61,0,P008084   ,0.0,0.0,PAN,72,"MANTZOUKAS, ELEFTHERIOS",03:54,0,0,0,0,0,0,0,0,1,1,0,0,1,0,0,0,0,0,2.0
2023,RS,7,61,0,Team,0.0,0.0,PAN,,Team,,0,0,0,0,0,0,0,1,3,4,0,0,0,0,0,0,0,4,
2023,RS,7,61,0,Total,,,PAN,,Total,200:00,99,23,33,13,29,14,17,7,26,33,27,8,12,3,1,17,21,132,
2023,RS,7,62,1,P011212   ,0.0,0.0,MCO,2,"OKOBO, ELIE",21:44,16,5,7,1,5,3,3,0,1,1,4,0,2,0,0,3,1,11,0.0
2023,RS,7,62,1,P009754   ,1.0,1.0,MCO,3,"LOYD, JORDAN",25:28,12,2,6,1,6,5,5,0,5,5,4,1,1,0,0,2,4,14,21.0
2023,RS,7,62,1,P011231   ,0.0,1.0,MCO,4,"BLOSSOMGAME, JARON",20:27,2,1,1,0,2,0,0,1,2,3,1,2,0,1,0,1,0,6,9.0
2023,RS,7,62,1,P010588   ,1.0,1.0,MCO,10,"BROWN, JOHN",23:18,0,0,2,0,0,0,0,4,1,5,1,0,0,0,1,1,1,3,9.0
2023,RS,7,62,1,P011226   ,0.0,1.0,MCO,11,"DIALLO, ALPHA",27:16,21,1,4,6,9,1,1,2,7,9,2,3,1,0,1,1,1,27,8.0
2023,RS,7,62,1,P004790   ,0.0,0.0,MCO,12,"CORNELIE, PETR",DNP,0,0,0,0,0,0,0,0,0,0,0,0,0,0,0,0,0,0,0.0
2023,RS,7,62,1,P002581   ,1.0,0.0,MCO,14,"JAITEH, MAM",04:49,2,1,2,0,0,0,0,2,0,2,0,0,0,0,1,1,0,1,-2.0
2023,RS,7,62,1,P012709   ,0.0,0.0,MCO,15,"WALKER, KEMBA",05:54,0,0,0,0,1,0,0,0,0,0,1,1,1,0,0,0,0,0,3.0
2023,RS,7,62,1,PLCZ      ,0.0,0.0,MCO,20,"MOTIEJUNAS, DONATAS",11:49,3,0,3,1,1,0,0,1,2,3,1,0,1,0,0,2,0,1,-7.0
2023,RS,7,62,1,P004197   ,1.0,0.0,MCO,24,"OUATTARA, YAKUBA",11:58,4,2,2,0,2,0,0,1,1,2,1,0,1,0,0,1,0,3,-2.0
2023,RS,7,62,1,P011196   ,0.0,0.0,MCO,45,"HALL, DONTA",19:37,5,1,1,0,0,3,5,1,2,3,1,3,0,0,0,1,5,14,11.0
2023,RS,7,62,1,P005985   ,1.0,1.0,MCO,55,"JAMES, MIKE",27:40,15,3,9,3,6,0,0,0,1,1,2,0,0,0,0,2,1,8,0.0
2023,RS,7,62,1,Team,0.0,0.0,MCO,,Team,,0,0,0,0,0,0,0,1,0,1,0,0,0,0,0,0,0,1,
2023,RS,7,62,1,Total,,,MCO,,Total,200:00,80,16,37,12,32,12,14,13,22,35,18,10,7,1,3,15,13,89,
2023,RS,7,62,0,P012729   ,0.0,1.0,ASV,0,"SCOTT, MIKE",21:15,11,4,6,1,4,0,0,3,4,7,2,0,1,0,0,0,0,14,-7.0
2023,RS,7,62,0,P011225   ,1.0,1.0,ASV,3,"LEE, PARIS",30:44,5,0,0,1,4,2,2,1,1,2,6,2,6,0,0,2,2,6,-3.0
2023,RS,7,62,0,PKIR      ,0.0,0.0,ASV,5,"KAHUDI, CHARLES",07:12,4,0,2,1,2,1,2,2,2,4,0,0,0,0,0,0,1,5,-6.0
2023,RS,7,62,0,P004194   ,1.0,1.0,ASV,7,"LAUVERGNE, JOFFREY",32:38,11,3,7,1,2,2,2,1,5,6,1,0,4,3,1,2,2,11,0.0
2023,RS,7,62,0,P012080   ,1.0,1.0,ASV,9,"LUWAWU-CABARROT, TIMOTHE",34:30,18,7,11,1,2,1,2,0,3,3,4,0,1,0,0,3,2,17,-9.0
2023,RS,7,62,0,P000229   ,0.0,0.0,ASV,11,"JACKSON, EDWIN",DNP,0,0,0,0,0,0,0,0,0,0,0,0,0,0,0,0,0,0,0.0
2023,RS,7,62,0,P002100   ,0.0,1.0,ASV,12,"DE COLO, NANDO",24:07,6,1,5,1,4,1,2,0,1,1,2,2,1,0,0,1,3,4,-4.0
2023,RS,7,62,0,P012730   ,0.0,0.0,ASV,15,"EGBUNU, JOHN",07:22,0,0,0,0,0,0,0,2,3,5,0,0,0,0,0,2,0,3,-10.0
2023,RS,7,62,0,P006568   ,1.0,0.0,ASV,19,"FALL, YOUSSOUPHA",18:45,6,3,6,0,0,0,0,3,9,12,0,0,2,0,0,2,3,14,-3.0
2023,RS,7,62,0,P003526   ,1.0,0.0,ASV,23,"LIGHTY, DAVID",18:57,9,0,1,3,4,0,0,0,0,0,0,0,2,0,0,2,2,5,-5.0
2023,RS,7,62,0,P011386   ,0.0,0.0,ASV,31,"YAACOV, NOAM",04:30,0,0,1,0,1,0,0,0,0,0,0,0,0,0,0,0,0,-2,-3.0
2023,RS,7,62,0,P012732   ,0.0,0.0,ASV,33,"JACKSON, FRANK",DNP,0,0,0,0,0,0,0,0,0,0,0,0,0,0,0,0,0,0,0.0
2023,RS,7,62,0,Team,0.0,0.0,ASV,,Team,,0,0,0,0,0,0,0,2,1,3,0,0,0,0,0,0,0,3,
2023,RS,7,62,0,Total,,,ASV,,Total,200:00,70,18,39,9,23,7,10,14,29,43,15,4,17,3,1,14,15,80,
2023,RS,7,63,1,P011244   ,1.0,0.0,BAR,1,"DA SILVA, OSCAR",17:19,4,2,3,0,0,0,0,0,0,0,0,1,1,1,0,3,1,2,-8.0
2023,RS,7,63,1,P000925   ,1.0,1.0,BAR,6,"VESELY, JAN",22:22,14,6,8,0,0,2,3,1,0,1,2,1,0,0,0,3,3,15,2.0
2023,RS,7,63,1,P009992   ,0.0,0.0,BAR,8,"BRIZUELA, DARIO",06:00,0,0,0,0,2,0,0,0,0,0,1,0,0,0,0,2,0,-3,-1.0
2023,RS,7,63,1,P004866   ,1.0,1.0,BAR,10,"KALINIC, NIKOLA",26:58,7,2,4,1,3,0,0,0,5,5,3,0,0,1,0,0,0,12,7.0
2023,RS,7,63,1,P002939   ,1.0,1.0,BAR,13,"SATORANSKY, TOMAS",26:31,10,1,2,2,5,2,2,0,5,5,6,1,1,1,0,0,1,19,4.0
2023,RS,7,63,1,P003196   ,0.0,0.0,BAR,14,"HERNANGOMEZ, WILLY",17:38,18,5,7,1,1,5,9,0,4,4,0,0,2,0,0,3,6,17,3.0
2023,RS,7,63,1,P006435   ,0.0,0.0,BAR,20,"LAPROVITTOLA, NICOLAS",18:02,4,0,0,1,3,1,1,0,1,1,4,0,1,0,0,1,2,7,6.0
2023,RS,7,63,1,P003478   ,1.0,1.0,BAR,21,"ABRINES, ALEX",20:57,1,0,0,0,2,1,1,0,3,3,0,1,1,2,0,0,0,4,0.0
2023,RS,7,63,1,P012745   ,0.0,1.0,BAR,22,"PARKER, JABARI",22:41,20,7,9,2,3,0,0,2,3,5,0,0,1,0,0,3,1,19,11.0
2023,RS,7,63,1,P010641   ,0.0,0.0,BAR,23,"NNAJI, JAMES",DNP,0,0,0,0,0,0,0,0,0,0,0,0,0,0,0,0,0,0,0.0
2023,RS,7,63,1,P007519   ,0.0,0.0,BAR,31,"JOKUBAITIS, ROKAS",21:32,8,3,6,0,1,2,4,1,2,3,5,0,2,0,1,2,3,8,1.0
2023,RS,7,63,1,P007464   ,0.0,0.0,BAR,44,"PARRA, JOEL",DNP,0,0,0,0,0,0,0,0,0,0,0,0,0,0,0,0,0,0,0.0
2023,RS,7,63,1,Team,0.0,0.0,BAR,,Team,,0,0,0,0,0,0,0,0,0,0,0,0,0,0,0,0,0,0,
2023,RS,7,63,1,Total,,,BAR,,Total,200:00,86,26,39,7,20,13,20,4,23,27,21,4,9,5,1,17,17,100,
2023,RS,7,63,0,P004720   ,0.0,0.0,RED,2,"LAZAREVIC, STEFAN",DNP,0,0,0,0,0,0,0,0,0,0,0,0,0,0,0,0,0,0,0.0
2023,RS,7,63,0,PJDR      ,0.0,1.0,RED,4,"TEODOSIC, MILOS",23:23,13,1,2,3,10,2,2,0,1,1,9,0,2,0,2,0,3,14,5.0
2023,RS,7,63,0,P007960   ,1.0,0.0,RED,7,"DAVIDOVAC, DEJAN",23:05,12,3,3,2,7,0,0,0,2,2,2,2,0,0,1,0,0,12,0.0
2023,RS,7,63,0,P002553   ,1.0,0.0,RED,9,"MITROVIC, LUKA",31:31,22,8,15,0,0,6,6,6,0,6,1,0,3,1,1,5,5,19,-14.0
2023,RS,7,63,0,P011224   ,1.0,1.0,RED,13,"NAPIER, SHABAZZ",25:02,2,1,4,0,4,0,0,0,4,4,7,1,3,0,1,2,2,3,-16.0
2023,RS,7,63,0,P008966   ,0.0,1.0,RED,18,"TOBEY, MIKE",10:12,6,3,4,0,1,0,0,1,1,2,0,0,0,0,0,3,1,4,1.0
2023,RS,7,63,0,P009035   ,1.0,1.0,RED,21,"BOLOMBOY, JOEL",26:22,4,1,3,0,2,2,4,4,5,9,0,2,0,0,0,2,3,10,-3.0
2023,RS,7,63,0,P011964   ,0.0,0.0,RED,22,"ILIC, DALIBOR",03:53,2,1,1,0,0,0,0,0,1,1,0,0,0,0,0,0,0,3,5.0
2023,RS,7,63,0,P000848   ,1.0,1.0,RED,26,"NEDOVIC, NEMANJA",23:49,11,0,2,3,5,2,2,1,2,3,3,0,1,0,0,3,2,11,-3.0
2023,RS,7,63,0,P006436   ,0.0,0.0,RED,31,"GIEDRAITIS, ROKAS",21:07,9,3,4,1,4,0,0,1,5,6,1,0,0,0,0,3,0,9,2.0
2023,RS,7,63,0,P003479   ,0.0,0.0,RED,32,"KUZMIC, OGNJEN",02:51,0,0,1,0,0,0,0,3,0,3,0,0,1,0,0,0,0,1,-6.0
2023,RS,7,63,0,P012044   ,0.0,0.0,RED,99,"DOS SANTOS, YAGO",08:45,0,0,0,0,2,0,0,0,2,2,0,0,0,0,0,0,1,1,4.0
2023,RS,7,63,0,Team,0.0,0.0,RED,,Team,,0,0,0,0,0,0,0,2,3,5,0,0,1,0,0,0,0,4,
2023,RS,7,63,0,Total,,,RED,,Total,200:00,81,21,39,9,35,12,14,18,26,44,23,5,11,1,5,18,17,91,
2023,RS,8,64,1,P011212   ,0.0,1.0,MCO,2,"OKOBO, ELIE",19:28,5,1,6,1,4,0,0,0,6,6,1,0,0,0,0,2,1,3,7.0
2023,RS,8,64,1,P009754   ,1.0,1.0,MCO,3,"LOYD, JORDAN",31:00,19,1,4,3,6,8,8,0,4,4,1,1,2,0,0,4,6,19,-5.0
2023,RS,8,64,1,P011231   ,0.0,0.0,MCO,4,"BLOSSOMGAME, JARON",16:30,0,0,1,0,2,0,0,0,0,0,0,0,0,0,0,3,0,-6,1.0
2023,RS,8,64,1,P010588   ,1.0,1.0,MCO,10,"BROWN, JOHN",33:03,13,3,5,0,1,7,8,5,3,8,1,2,2,0,0,1,6,23,-5.0
2023,RS,8,64,1,P011226   ,0.0,1.0,MCO,11,"DIALLO, ALPHA",24:25,10,2,5,1,2,3,4,1,1,2,0,0,0,0,2,2,2,5,-14.0
2023,RS,8,64,1,P004790   ,0.0,0.0,MCO,12,"CORNELIE, PETR",04:23,2,0,0,0,0,2,2,0,0,0,0,0,0,0,0,0,1,3,5.0
2023,RS,8,64,1,P002581   ,0.0,0.0,MCO,14,"JAITEH, MAM",DNP,0,0,0,0,0,0,0,0,0,0,0,0,0,0,0,0,0,0,0.0
2023,RS,8,64,1,P012709   ,0.0,0.0,MCO,15,"WALKER, KEMBA",05:34,2,1,1,0,1,0,0,0,1,1,1,0,0,0,0,0,0,3,-1.0
2023,RS,8,64,1,PLCZ      ,1.0,0.0,MCO,20,"MOTIEJUNAS, DONATAS",18:59,13,4,7,1,1,2,2,0,1,1,2,1,3,0,0,2,2,11,-9.0
2023,RS,8,64,1,P004197   ,1.0,0.0,MCO,24,"OUATTARA, YAKUBA",07:29,3,0,0,1,1,0,0,0,0,0,0,0,0,0,0,1,0,2,-1.0
2023,RS,8,64,1,P011196   ,0.0,0.0,MCO,45,"HALL, DONTA",07:33,3,1,2,0,0,1,2,4,0,4,1,0,0,0,0,0,4,10,-4.0
2023,RS,8,64,1,P005985   ,1.0,1.0,MCO,55,"JAMES, MIKE",31:36,12,6,10,0,3,0,0,0,5,5,4,0,2,0,1,1,0,10,-9.0
2023,RS,8,64,1,Team,0.0,0.0,MCO,,Team,,0,0,0,0,0,0,0,4,2,6,0,0,1,0,0,0,0,5,
2023,RS,8,64,1,Total,,,MCO,,Total,200:00,82,19,41,7,21,23,26,14,23,37,11,4,10,0,3,16,22,88,
2023,RS,8,64,0,P007200   ,1.0,1.0,IST,0,"LARKIN, SHANE",35:39,25,6,8,4,9,1,2,0,1,1,4,1,1,0,0,1,4,25,12.0
2023,RS,8,64,0,P006590   ,1.0,1.0,IST,1,"BEAUBOIS, RODRIGUE",30:51,21,6,7,3,5,0,0,0,2,2,5,0,2,0,0,3,2,22,-1.0
2023,RS,8,64,0,P010516   ,0.0,0.0,IST,11,"GAZI, ERTEN",DNP,0,0,0,0,0,0,0,0,0,0,0,0,0,0,0,0,0,0,0.0
2023,RS,8,64,0,P004888   ,0.0,1.0,IST,12,"CLYBURN, WILL",21:58,4,2,4,0,4,0,0,2,4,6,5,0,1,0,0,1,2,9,-1.0
2023,RS,8,64,0,P011078   ,1.0,1.0,IST,13,"THOMPSON, DARIUS",32:32,16,2,5,3,6,3,3,0,3,3,5,3,2,0,0,4,4,19,16.0
2023,RS,8,64,0,PLHK      ,0.0,0.0,IST,21,"PLEISS, TIBOR",06:04,7,2,3,1,1,0,0,0,1,1,0,1,1,0,0,1,0,6,1.0
2023,RS,8,64,0,P009513   ,0.0,0.0,IST,23,"HOLLATZ, JUSTUS",03:28,0,0,0,0,0,0,0,1,0,1,0,0,0,0,0,1,0,0,-2.0
2023,RS,8,64,0,P012710   ,0.0,0.0,IST,24,"OSMANI, ERCAN",DNP,0,0,0,0,0,0,0,0,0,0,0,0,0,0,0,0,0,0,0.0
2023,RS,8,64,0,P006372   ,0.0,0.0,IST,33,"YILMAZ, ERKAN",10:01,0,0,2,0,1,0,0,1,2,3,2,1,0,1,0,3,0,1,-2.0
2023,RS,8,64,0,P009664   ,1.0,1.0,IST,35,"WILLIS, DEREK",29:07,8,0,0,2,4,2,2,1,4,5,2,1,0,0,0,2,3,15,2.0
2023,RS,8,64,0,P004554   ,1.0,0.0,IST,41,"ZIZIC, ANTE",22:47,6,3,4,0,0,0,0,0,4,4,0,0,0,0,0,3,1,7,16.0
2023,RS,8,64,0,P011981   ,0.0,0.0,IST,88,"JONES, TYRIQUE",07:33,2,1,1,0,0,0,0,0,1,1,1,0,0,2,0,3,0,3,-6.0
2023,RS,8,64,0,Team,0.0,0.0,IST,,Team,,0,0,0,0,0,0,0,0,0,0,0,0,0,0,0,0,0,0,
2023,RS,8,64,0,Total,,,IST,,Total,200:00,89,22,34,13,30,6,7,5,22,27,24,7,7,3,0,22,16,107,
2023,RS,8,65,1,P004720   ,0.0,1.0,RED,2,"LAZAREVIC, STEFAN",19:14,11,3,4,1,2,2,2,1,2,3,0,0,0,0,0,4,3,11,20.0
2023,RS,8,65,1,PJDR      ,0.0,0.0,RED,4,"TEODOSIC, MILOS",19:46,18,2,2,4,5,2,2,0,1,1,3,1,1,0,0,2,2,21,28.0
2023,RS,8,65,1,P007960   ,0.0,1.0,RED,7,"DAVIDOVAC, DEJAN",18:40,3,0,0,1,1,0,0,0,2,2,3,0,0,0,0,0,0,8,19.0
2023,RS,8,65,1,P002553   ,1.0,0.0,RED,9,"MITROVIC, LUKA",21:22,8,4,7,0,1,0,1,2,6,8,1,3,1,0,0,1,3,16,10.0
2023,RS,8,65,1,P011224   ,1.0,0.0,RED,13,"NAPIER, SHABAZZ",01:08,0,0,0,0,0,0,0,0,0,0,0,0,0,0,0,0,0,0,0.0
2023,RS,8,65,1,P008966   ,0.0,0.0,RED,18,"TOBEY, MIKE",18:03,3,0,2,1,3,0,0,1,5,6,1,0,0,0,0,3,1,4,23.0
2023,RS,8,65,1,P009035   ,1.0,0.0,RED,21,"BOLOMBOY, JOEL",16:29,14,5,7,0,1,4,4,1,1,2,0,1,1,0,0,1,5,17,6.0
2023,RS,8,65,1,P011964   ,0.0,1.0,RED,22,"ILIC, DALIBOR",03:51,0,0,0,0,0,0,0,0,3,3,0,0,0,0,0,0,0,3,1.0
2023,RS,8,65,1,P000848   ,1.0,0.0,RED,26,"NEDOVIC, NEMANJA",24:44,12,3,5,2,6,0,0,1,3,4,5,1,0,0,1,3,2,14,17.0
2023,RS,8,65,1,P006436   ,1.0,1.0,RED,31,"GIEDRAITIS, ROKAS",25:28,7,2,6,1,2,0,0,3,0,3,0,1,1,0,3,1,0,1,14.0
2023,RS,8,65,1,P003479   ,0.0,1.0,RED,32,"KUZMIC, OGNJEN",05:28,0,0,1,0,0,0,0,0,0,0,1,0,0,0,0,0,0,0,2.0
2023,RS,8,65,1,P012044   ,0.0,0.0,RED,99,"DOS SANTOS, YAGO",25:47,11,1,3,3,6,0,0,0,4,4,4,1,3,0,2,0,1,11,15.0
2023,RS,8,65,1,Team,0.0,0.0,RED,,Team,,0,0,0,0,0,0,0,3,2,5,0,0,3,0,0,0,0,2,
2023,RS,8,65,1,Total,,,RED,,Total,200:00,87,20,37,13,27,8,9,12,29,41,18,8,10,0,6,15,17,108,
2023,RS,8,65,0,P011157   ,1.0,0.0,ULK,0,"MOTLEY, JOHNATHAN",22:00,8,4,7,0,1,0,2,2,2,4,2,0,2,1,0,2,4,9,-10.0
2023,RS,8,65,0,P011201   ,0.0,1.0,ULK,2,"HAZER, SEHMUS",13:54,2,0,1,0,1,2,2,1,1,2,0,0,0,0,0,1,1,2,-15.0
2023,RS,8,65,0,P006661   ,0.0,0.0,ULK,3,"WILBEKIN, SCOTTIE",23:51,6,0,4,2,5,0,0,1,2,3,1,1,3,0,0,1,1,1,-17.0
2023,RS,8,65,0,P005844   ,0.0,1.0,ULK,9,"PAPAGIANNIS, GEORGIOS",22:24,6,3,7,0,1,0,0,0,4,4,2,0,0,3,0,2,0,8,-26.0
2023,RS,8,65,0,P002969   ,0.0,1.0,ULK,10,"MAHMUTOGLU, MELIH",07:19,3,0,0,1,2,0,0,0,0,0,0,0,0,0,0,0,0,2,-7.0
2023,RS,8,65,0,P008962   ,1.0,0.0,ULK,11,"HAYES-DAVIS, NIGEL",27:45,12,3,6,2,4,0,0,0,3,3,1,0,1,0,0,1,1,10,-21.0
2023,RS,8,65,0,P006961   ,0.0,1.0,ULK,13,"BIBEROVIC, TARIK",15:27,7,2,2,1,1,0,0,0,0,0,2,0,1,0,0,3,0,5,-17.0
2023,RS,8,65,0,P004004   ,0.0,0.0,ULK,23,"GUDURIC, MARKO",DNP,0,0,0,0,0,0,0,0,0,0,0,0,0,0,0,0,0,0,0.0
2023,RS,8,65,0,P009849   ,1.0,0.0,ULK,27,"DORSEY, TYLER",22:18,3,0,2,1,4,0,0,1,0,1,1,0,0,1,0,2,3,2,-20.0
2023,RS,8,65,0,P001932   ,0.0,0.0,ULK,33,"CALATHES, NICK",DNP,0,0,0,0,0,0,0,0,0,0,0,0,0,0,0,0,0,0,0.0
2023,RS,8,65,0,P011052   ,1.0,1.0,ULK,41,"MADAR, YAM",25:01,3,0,1,1,3,0,0,0,2,2,3,1,4,0,0,3,3,2,-11.0
2023,RS,8,65,0,P011980   ,1.0,0.0,ULK,77,"SESTINA, NATHAN",20:01,6,3,3,0,2,0,0,0,5,5,1,0,0,1,0,2,2,11,-11.0
2023,RS,8,65,0,Team,0.0,0.0,ULK,,Team,,0,0,0,0,0,0,0,1,0,1,0,0,1,0,0,0,0,0,
2023,RS,8,65,0,Total,,,ULK,,Total,200:00,56,15,33,8,24,2,4,6,19,25,13,2,12,6,0,17,15,52,
2023,RS,8,66,1,P012744   ,0.0,0.0,TEL,1,"CLEVELAND, ANTONIUS",12:36,5,1,3,0,0,3,4,1,2,3,0,2,0,0,1,3,2,5,-6.0
2023,RS,8,66,1,P011971   ,1.0,0.0,TEL,3,"WEBB III, JAMES",16:45,10,1,1,2,4,2,3,1,2,3,1,2,0,0,0,2,2,13,0.0
2023,RS,8,66,1,P009622   ,1.0,1.0,TEL,4,"BROWN, LORENZO",31:22,5,2,6,0,7,1,1,1,3,4,8,1,2,0,0,4,2,3,-8.0
2023,RS,8,66,1,P004233   ,0.0,1.0,TEL,8,"MENCO, RAFI",08:17,0,0,1,0,0,0,0,1,0,1,0,0,0,0,0,2,0,-2,4.0
2023,RS,8,66,1,P011219   ,0.0,1.0,TEL,9,"SORKIN, ROMAN",14:48,16,4,5,1,1,5,5,0,1,1,0,0,1,1,0,2,3,17,-4.0
2023,RS,8,66,1,P007990   ,1.0,0.0,TEL,12,"DIBARTOLOMEO, JOHN",17:05,2,1,1,0,3,0,0,0,1,1,1,0,0,0,0,0,2,3,2.0
2023,RS,8,66,1,P011214   ,0.0,0.0,TEL,14,"RIVERO, JASIEL",16:10,10,3,4,1,1,1,1,0,2,2,0,0,0,1,1,2,3,12,3.0
2023,RS,8,66,1,P005145   ,0.0,0.0,TEL,15,"COHEN, JAKE",03:32,3,0,0,1,2,0,0,0,1,1,0,0,0,0,0,0,0,3,-1.0
2023,RS,8,66,1,P011433   ,0.0,0.0,TEL,17,"MAYER, OMER",DNP,0,0,0,0,0,0,0,0,0,0,0,0,0,0,0,0,0,0,0.0
2023,RS,8,66,1,P011199   ,1.0,0.0,TEL,32,"NEBO, JOSH",21:17,5,1,1,0,1,3,6,2,2,4,1,0,0,3,0,0,3,12,0.0
2023,RS,8,66,1,P011193   ,0.0,1.0,TEL,45,"BLATT, TAMIR",26:06,13,5,6,1,6,0,0,1,3,4,6,0,2,0,1,2,0,12,-7.0
2023,RS,8,66,1,P009783   ,1.0,1.0,TEL,50,"COLSON, BONZIE",32:02,5,2,5,0,5,1,2,3,6,9,0,0,1,3,0,4,3,6,-8.0
2023,RS,8,66,1,Team,0.0,0.0,TEL,,Team,,0,0,0,0,0,0,0,2,1,3,0,0,1,0,0,0,0,2,
2023,RS,8,66,1,Total,,,TEL,,Total,200:00,74,20,33,6,30,16,22,12,24,36,17,5,7,8,3,21,20,86,
2023,RS,8,66,0,P008855   ,1.0,1.0,OLY,0,"WALKUP, THOMAS",33:15,13,5,8,1,5,0,0,1,5,6,4,1,2,0,0,3,1,13,0.0
2023,RS,8,66,0,P007982   ,0.0,0.0,OLY,1,"WILLIAMS-GOSS, NIGEL",06:33,8,2,2,1,1,1,2,0,1,1,2,0,0,0,0,0,1,11,2.0
2023,RS,8,66,0,P010612   ,1.0,1.0,OLY,3,"CANAAN, ISAIAH",22:11,10,0,3,2,3,4,4,2,0,2,0,0,1,0,1,1,2,7,2.0
2023,RS,8,66,0,P006302   ,0.0,0.0,OLY,4,"LOUNTZIS, MICHALIS",12:56,3,1,1,0,3,1,2,0,0,0,1,0,0,1,0,1,1,1,8.0
2023,RS,8,66,0,P010392   ,0.0,1.0,OLY,5,"LARENTZAKIS, GIANNOULIS",14:48,4,0,0,0,2,4,4,0,2,2,1,0,2,0,0,0,4,7,9.0
2023,RS,8,66,0,P012023   ,0.0,0.0,OLY,9,"PAPAS, GEORGE",DNP,0,0,0,0,0,0,0,0,0,0,0,0,0,0,0,0,0,0,0.0
2023,RS,8,66,0,P008811   ,1.0,1.0,OLY,10,"FALL, MOUSTAPHA",35:00,10,4,7,0,0,2,3,1,5,6,4,0,0,1,2,3,3,15,5.0
2023,RS,8,66,0,P001255   ,1.0,1.0,OLY,16,"PAPANIKOLAOU, KOSTAS",26:21,7,2,6,1,2,0,1,4,2,6,3,1,1,0,1,3,2,8,-3.0
2023,RS,8,66,0,P011983   ,0.0,0.0,OLY,17,"BRAZDEIKIS, IGNAS",14:45,3,1,4,0,1,1,2,2,0,2,2,0,0,0,2,1,1,0,-5.0
2023,RS,8,66,0,P008829   ,1.0,0.0,OLY,25,"PETERS, ALEC",23:32,13,3,6,2,5,1,2,2,6,8,3,0,4,1,2,5,3,10,10.0
2023,RS,8,66,0,P006589   ,0.0,0.0,OLY,43,"SIKMA, LUKE",10:39,8,4,6,0,0,0,1,2,2,4,1,1,0,0,0,4,3,10,-3.0
2023,RS,8,66,0,P010631   ,0.0,0.0,OLY,50,"TANOULIS, GEORGIOS",DNP,0,0,0,0,0,0,0,0,0,0,0,0,0,0,0,0,0,0,0.0
2023,RS,8,66,0,Team,0.0,0.0,OLY,,Team,,0,0,0,0,0,0,0,4,1,5,0,0,2,0,0,0,0,3,
2023,RS,8,66,0,Total,,,OLY,,Total,200:00,79,22,43,7,22,14,21,18,24,42,21,3,12,3,8,21,21,85,
2023,RS,8,67,1,P000556   ,1.0,0.0,PAM,1,"CLAVER, VICTOR",13:25,0,0,0,0,0,0,0,0,1,1,0,0,0,0,0,4,0,-3,-11.0
2023,RS,8,67,1,P006643   ,0.0,0.0,PAM,2,"PUERTO, JOSEP",09:09,0,0,0,0,1,0,0,1,0,1,0,0,0,0,0,0,0,0,8.0
2023,RS,8,67,1,P012738   ,0.0,0.0,PAM,3,"REUVERS, NATHAN",11:35,2,1,1,0,0,0,1,0,3,3,0,0,0,0,0,1,2,5,6.0
2023,RS,8,67,1,P010393   ,0.0,0.0,PAM,4,"PRADILLA, JAIME",02:49,0,0,0,0,0,0,0,1,0,1,0,0,0,0,0,1,0,0,-2.0
2023,RS,8,67,1,P005356   ,1.0,0.0,PAM,6,"LOPEZ-AROSTEGUI, XABI",21:46,4,2,3,0,0,0,0,0,1,1,1,0,0,0,0,4,0,1,-11.0
2023,RS,8,67,1,P010568   ,1.0,1.0,PAM,7,"JONES, CHRIS",27:27,12,6,14,0,1,0,0,0,1,1,4,2,3,0,1,3,1,4,-10.0
2023,RS,8,67,1,P003960   ,1.0,1.0,PAM,10,"INGLIS, DAMIEN",25:23,12,6,9,0,0,0,1,2,2,4,0,0,2,0,0,3,2,9,-9.0
2023,RS,8,67,1,P004863   ,0.0,0.0,PAM,16,"JOVIC, STEFAN",16:10,4,2,3,0,1,0,0,0,2,2,5,0,1,0,0,0,1,9,11.0
2023,RS,8,67,1,P012739   ,0.0,1.0,PAM,21,"TOURE, BOUBACAR",11:24,4,1,2,0,0,2,2,0,1,1,0,0,2,0,0,3,1,0,2.0
2023,RS,8,67,1,P012740   ,0.0,0.0,PAM,30,"ROBERTSON, KASSIUS",12:34,0,0,3,0,1,0,0,0,2,2,1,0,1,0,2,1,1,-4,5.0
2023,RS,8,67,1,P007870   ,1.0,1.0,PAM,32,"DAVIES, BRANDON",28:38,22,8,11,2,6,0,0,2,1,3,4,0,2,1,2,1,2,20,-4.0
2023,RS,8,67,1,P011982   ,0.0,1.0,PAM,37,"OJELEYE, SEMI",19:40,13,2,3,2,3,3,4,1,2,3,0,1,0,0,0,1,5,18,0.0
2023,RS,8,67,1,Team,0.0,0.0,PAM,,Team,,0,0,0,0,0,0,0,3,2,5,0,0,1,0,0,0,0,4,
2023,RS,8,67,1,Total,,,PAM,,Total,200:00,73,28,49,4,13,5,8,10,18,28,15,3,12,1,5,22,15,63,
2023,RS,8,67,0,P001392   ,0.0,0.0,MAD,1,"CAUSEUR, FABIEN",08:57,0,0,1,0,0,0,0,0,1,1,0,0,0,0,0,0,2,2,6.0
2023,RS,8,67,0,PBMT      ,0.0,0.0,MAD,5,"FERNANDEZ, RUDY",09:32,6,0,0,2,3,0,0,0,1,1,1,1,0,0,0,1,1,8,-2.0
2023,RS,8,67,0,P003733   ,0.0,0.0,MAD,6,"ABALDE, ALBERTO",05:46,0,0,1,0,0,0,0,0,0,0,1,1,0,0,0,0,0,1,-10.0
2023,RS,8,67,0,P005928   ,1.0,1.0,MAD,7,"CAMPAZZO, FACUNDO",29:51,15,2,5,3,6,2,2,1,4,5,5,2,3,0,0,1,6,23,12.0
2023,RS,8,67,0,P003108   ,0.0,1.0,MAD,11,"HEZONJA, MARIO",20:28,12,3,4,2,3,0,0,0,2,2,0,1,2,0,0,2,1,10,-7.0
2023,RS,8,67,0,PCVM      ,0.0,0.0,MAD,13,"RODRIGUEZ, SERGIO",11:33,0,0,0,0,4,0,0,0,1,1,0,0,2,0,0,2,0,-7,-6.0
2023,RS,8,67,0,P009005   ,1.0,1.0,MAD,14,"DECK, GABRIEL",23:00,17,5,5,1,2,4,4,2,1,3,0,0,1,0,0,2,3,19,5.0
2023,RS,8,67,0,P004887   ,0.0,0.0,MAD,17,"POIRIER, VINCENT",10:50,0,0,1,0,0,0,0,0,1,1,2,0,0,1,0,1,0,2,-5.0
2023,RS,8,67,0,P005791   ,1.0,1.0,MAD,22,"TAVARES, WALTER",29:10,6,2,5,0,0,2,2,3,4,7,1,1,2,4,0,4,1,11,8.0
2023,RS,8,67,0,PTGB      ,0.0,1.0,MAD,23,"LLULL, SERGIO",14:40,5,2,2,0,3,1,1,0,0,0,2,0,0,0,0,0,0,4,6.0
2023,RS,8,67,0,P010357   ,1.0,0.0,MAD,28,"YABUSELE, GUERSCHON",18:53,5,0,0,1,3,2,2,0,4,4,0,0,1,0,0,1,2,7,0.0
2023,RS,8,67,0,P006540   ,1.0,0.0,MAD,31,"MUSA, DZANAN",17:20,10,2,3,1,3,3,4,0,3,3,3,0,2,0,1,1,5,13,8.0
2023,RS,8,67,0,Team,0.0,0.0,MAD,,Team,,0,0,0,0,0,0,0,2,1,3,0,0,2,0,0,0,0,1,
2023,RS,8,67,0,Total,,,MAD,,Total,200:00,76,16,27,10,27,14,15,8,23,31,15,6,15,5,1,15,21,94,
2023,RS,8,68,1,P009549   ,1.0,0.0,VIR,0,"CORDINIER, ISAIA",21:23,8,4,4,0,3,0,0,1,0,1,3,0,0,2,0,2,1,10,-5.0
2023,RS,8,68,1,P010781   ,0.0,1.0,VIR,1,"LUNDBERG, IFFE",15:08,19,4,6,2,3,5,5,1,4,5,1,1,0,0,0,0,5,28,11.0
2023,RS,8,68,1,PBCN      ,1.0,1.0,VIR,3,"BELINELLI, MARCO",17:45,8,1,1,2,5,0,0,0,2,2,0,1,0,0,0,1,1,8,-7.0
2023,RS,8,68,1,P006739   ,0.0,0.0,VIR,6,"PAJOLA, ALESSANDRO",10:42,0,0,2,0,0,0,0,0,0,0,3,0,2,0,0,0,1,0,7.0
2023,RS,8,68,1,P011192   ,0.0,0.0,VIR,9,"SMITH, JALEEN",08:46,2,1,2,0,1,0,0,0,0,0,0,0,0,0,0,2,0,-2,8.0
2023,RS,8,68,1,P004007   ,0.0,0.0,VIR,13,"DOBRIC, OGNJEN",20:36,8,4,6,0,0,0,0,2,2,4,2,2,0,0,0,1,1,14,16.0
2023,RS,8,68,1,P012713   ,0.0,0.0,VIR,14,"MASCOLO, BRUNO",DNP,0,0,0,0,0,0,0,0,0,0,0,0,0,0,0,0,0,0,0.0
2023,RS,8,68,1,P012714   ,0.0,0.0,VIR,15,"CACOK, DEVONTAE",06:56,1,0,2,0,0,1,2,0,1,1,0,0,0,0,1,0,2,0,-1.0
2023,RS,8,68,1,P001133   ,1.0,1.0,VIR,21,"SHENGELIA, TORNIKE",28:23,14,5,8,1,3,1,2,1,5,6,4,2,2,0,0,2,4,20,3.0
2023,RS,8,68,1,P001844   ,1.0,1.0,VIR,23,"HACKETT, DANIEL",24:15,10,1,2,2,4,2,2,0,2,2,7,0,2,0,0,3,1,12,-9.0
2023,RS,8,68,1,P003048   ,1.0,0.0,VIR,42,"DUNSTON, BRYANT",24:22,2,1,4,0,0,0,0,2,0,2,0,0,0,0,1,4,1,-3,-10.0
2023,RS,8,68,1,P003527   ,0.0,1.0,VIR,55,"ABASS, AWUDU",21:44,14,1,2,4,5,0,0,0,3,3,0,0,1,0,0,0,0,14,22.0
2023,RS,8,68,1,Team,0.0,0.0,VIR,,Team,,0,0,0,0,0,0,0,0,3,3,0,0,0,0,0,0,0,3,
2023,RS,8,68,1,Total,,,VIR,,Total,200:00,86,22,39,11,24,9,11,7,22,29,20,6,7,2,2,15,17,104,
2023,RS,8,68,0,P007032   ,1.0,1.0,MIL,0,"LO, MAODO",30:17,13,2,5,3,5,0,0,0,1,1,6,0,2,0,1,1,2,13,1.0
2023,RS,8,68,0,P009960   ,0.0,0.0,MIL,2,"POYTHRESS, ALEX",04:50,0,0,0,0,0,0,0,0,2,2,0,0,0,1,0,0,0,3,-1.0
2023,RS,8,68,0,P006701   ,0.0,0.0,MIL,3,"BORTOLANI, GIORDANO",DNP,0,0,0,0,0,0,0,0,0,0,0,0,0,0,0,0,0,0,0.0
2023,RS,8,68,0,P006509   ,0.0,0.0,MIL,7,"TONUT, STEFANO",13:42,0,0,2,0,1,0,0,2,0,2,1,0,0,0,1,1,0,-2,-15.0
2023,RS,8,68,0,P002849   ,1.0,1.0,MIL,9,"MELLI, NICOLO",24:28,10,2,3,2,2,0,2,0,4,4,4,0,2,1,0,4,1,11,8.0
2023,RS,8,68,0,P001518   ,0.0,0.0,MIL,17,"RICCI, GIAMPAOLO",07:24,0,0,0,0,2,0,0,0,1,1,0,0,0,0,0,1,0,-2,-8.0
2023,RS,8,68,0,P005670   ,0.0,0.0,MIL,21,"FLACCADORI, DIEGO",09:40,0,0,2,0,3,0,0,0,0,0,0,1,1,0,0,2,0,-7,-8.0
2023,RS,8,68,0,P011205   ,0.0,0.0,MIL,22,"HALL, DEVON",11:47,0,0,0,0,1,0,0,1,0,1,0,0,0,0,0,0,1,1,-11.0
2023,RS,8,68,0,P007831   ,1.0,1.0,MIL,31,"SHIELDS, SHAVON",31:51,21,2,4,5,8,2,3,1,3,4,3,1,3,0,0,1,3,22,2.0
2023,RS,8,68,0,P000796   ,1.0,1.0,MIL,33,"MIROTIC, NIKOLA",29:33,16,4,6,2,5,2,4,2,5,7,1,2,2,0,0,3,3,17,3.0
2023,RS,8,68,0,P002812   ,0.0,0.0,MIL,42,"HINES, KYLE",15:04,8,2,3,0,0,4,6,2,3,5,0,0,1,0,0,2,3,10,-9.0
2023,RS,8,68,0,P007201   ,1.0,1.0,MIL,77,"VOIGTMANN, JOHANNES",21:24,11,5,6,0,2,1,1,1,3,4,3,0,1,0,0,2,2,14,3.0
2023,RS,8,68,0,Team,0.0,0.0,MIL,,Team,,0,0,0,0,0,0,0,2,1,3,0,0,1,0,0,0,0,2,
2023,RS,8,68,0,Total,,,MIL,,Total,200:00,79,17,31,12,29,9,16,11,23,34,18,4,13,2,2,17,15,82,
2023,RS,8,69,1,P012720   ,1.0,1.0,BER,0,"BROWN, STERLING",25:04,5,0,3,1,9,2,3,1,3,4,3,3,3,0,0,3,1,-2,2.0
2023,RS,8,69,1,P008384   ,0.0,0.0,BER,1,"PROCIDA, GABRIELE",17:06,7,2,2,1,6,0,0,1,1,2,0,2,1,1,0,1,0,5,-6.0
2023,RS,8,69,1,P008173   ,1.0,0.0,BER,3,"SPAGNOLO, MATTEO",17:08,2,1,3,0,2,0,0,0,3,3,1,2,3,0,0,1,1,1,-14.0
2023,RS,8,69,1,P011934   ,0.0,0.0,BER,5,"WETZELL, YANNI",17:16,8,3,5,0,0,2,2,0,3,3,0,1,0,1,0,1,1,11,-11.0
2023,RS,8,69,1,P008211   ,0.0,0.0,BER,6,"DELOW, MALTE",17:52,6,0,2,2,4,0,0,0,2,2,4,0,3,0,0,5,1,1,6.0
2023,RS,8,69,1,P006251   ,0.0,1.0,BER,10,"SCHNEIDER, TIM",19:26,3,0,1,1,5,0,0,1,3,4,1,0,0,0,1,2,3,3,-2.0
2023,RS,8,69,1,P008967   ,0.0,1.0,BER,11,"THOMAS, MATT",16:22,2,0,2,0,5,2,2,0,4,4,4,1,0,0,0,0,1,5,-15.0
2023,RS,8,69,1,P007550   ,0.0,0.0,BER,18,"SAMAR, ZIGA",04:56,0,0,0,0,0,0,0,0,0,0,0,1,1,0,0,3,1,-2,5.0
2023,RS,8,69,1,P006919   ,1.0,1.0,BER,19,"OLINDE, LOUIS",21:32,8,4,4,0,2,0,0,4,1,5,1,0,1,0,0,1,2,12,7.0
2023,RS,8,69,1,P010791   ,1.0,0.0,BER,21,"KOUMADJE, KHALIFA",09:31,8,2,2,0,0,4,4,2,1,3,0,0,1,0,0,5,2,7,-3.0
2023,RS,8,69,1,P003958   ,1.0,1.0,BER,32,"THIEMANN, JOHANNES",25:51,16,5,6,1,2,3,3,2,3,5,1,1,1,0,0,2,3,21,0.0
2023,RS,8,69,1,P012721   ,0.0,0.0,BER,34,"BEAN, JUSTIN",07:56,3,0,3,1,1,0,0,0,1,1,0,0,0,0,0,0,0,1,6.0
2023,RS,8,69,1,Team,0.0,0.0,BER,,Team,,0,0,0,0,0,0,0,3,0,3,0,0,3,0,0,0,0,0,
2023,RS,8,69,1,Total,,,BER,,Total,200:00,68,17,33,7,36,13,14,14,25,39,15,11,17,2,1,24,16,63,
2023,RS,8,69,0,P012729   ,0.0,1.0,ASV,0,"SCOTT, MIKE",19:21,1,0,1,0,2,1,2,0,2,2,0,0,3,0,0,3,1,-6,5.0
2023,RS,8,69,0,P011225   ,1.0,0.0,ASV,3,"LEE, PARIS",30:30,12,2,6,2,6,2,2,0,2,2,5,2,6,0,1,2,4,8,6.0
2023,RS,8,69,0,PKIR      ,0.0,1.0,ASV,5,"KAHUDI, CHARLES",16:15,2,1,2,0,1,0,0,0,3,3,0,0,0,0,0,1,2,4,9.0
2023,RS,8,69,0,P004194   ,1.0,1.0,ASV,7,"LAUVERGNE, JOFFREY",27:21,7,3,7,0,1,1,4,1,6,7,0,0,0,0,0,2,5,9,-1.0
2023,RS,8,69,0,P012080   ,1.0,1.0,ASV,9,"LUWAWU-CABARROT, TIMOTHE",34:18,19,5,9,1,3,6,8,1,4,5,5,3,2,0,0,2,4,24,8.0
2023,RS,8,69,0,P000229   ,0.0,0.0,ASV,11,"JACKSON, EDWIN",DNP,0,0,0,0,0,0,0,0,0,0,0,0,0,0,0,0,0,0,0.0
2023,RS,8,69,0,P002100   ,0.0,0.0,ASV,12,"DE COLO, NANDO",17:21,16,0,2,4,6,4,6,0,3,3,0,1,2,0,0,0,4,16,-10.0
2023,RS,8,69,0,P012730   ,0.0,0.0,ASV,15,"EGBUNU, JOHN",07:17,0,0,1,0,0,0,0,2,1,3,0,0,1,0,0,4,0,-3,-9.0
2023,RS,8,69,0,P006568   ,1.0,0.0,ASV,19,"FALL, YOUSSOUPHA",26:01,14,7,12,0,0,0,0,7,4,11,1,0,1,1,1,2,1,19,15.0
2023,RS,8,69,0,P003526   ,1.0,1.0,ASV,23,"LIGHTY, DAVID",21:36,2,0,2,0,1,2,2,0,0,0,1,2,1,0,0,0,2,3,2.0
2023,RS,8,69,0,P012731   ,0.0,0.0,ASV,24,"NDIAYE, MBAYE",DNP,0,0,0,0,0,0,0,0,0,0,0,0,0,0,0,0,0,0,0.0
2023,RS,8,69,0,P011386   ,0.0,0.0,ASV,31,"YAACOV, NOAM",DNP,0,0,0,0,0,0,0,0,0,0,0,0,0,0,0,0,0,0,0.0
2023,RS,8,69,0,Team,0.0,0.0,ASV,,Team,,0,0,0,0,0,0,0,1,4,5,0,0,0,0,0,0,0,5,
2023,RS,8,69,0,Total,,,ASV,,Total,200:00,73,18,42,7,20,16,24,12,29,41,12,8,16,1,2,16,23,79,
2023,RS,8,70,1,P010391   ,0.0,1.0,MUN,0,"WEILER-BABB, NICK",23:34,8,0,1,2,3,2,2,1,4,5,3,1,0,0,0,1,1,15,0.0
2023,RS,8,70,1,P007975   ,0.0,1.0,MUN,1,"FRANCISCO, SYLVAIN",27:01,17,3,8,3,7,2,3,0,1,1,6,1,0,0,0,3,5,17,-8.0
2023,RS,8,70,1,P011987   ,1.0,0.0,MUN,3,"EDWARDS, CARSEN",27:17,21,3,5,4,9,3,4,2,2,4,3,0,1,0,0,2,6,23,7.0
2023,RS,8,70,1,P006245   ,0.0,0.0,MUN,5,"WEIDEMANN, NELSON",DNP,0,0,0,0,0,0,0,0,0,0,0,0,0,0,0,0,0,0,0.0
2023,RS,8,70,1,P001557   ,1.0,1.0,MUN,7,"GIFFEY, NIELS",21:22,4,1,2,0,1,2,2,2,4,6,0,0,0,0,1,3,3,7,13.0
2023,RS,8,70,1,P008985   ,1.0,1.0,MUN,10,"BOLMARO, LEANDRO",19:35,9,4,7,0,1,1,1,0,2,2,4,3,3,0,1,3,1,8,27.0
2023,RS,8,70,1,P003583   ,1.0,0.0,MUN,14,"IBAKA, SERGE",15:58,6,1,5,1,1,1,2,1,2,3,0,1,1,0,1,5,3,1,-3.0
2023,RS,8,70,1,P005478   ,0.0,0.0,MUN,17,"WIMBERG, NIKLAS",11:36,6,0,0,2,3,0,0,0,2,2,0,0,0,0,0,1,0,6,9.0
2023,RS,8,70,1,P007639   ,0.0,0.0,MUN,22,"BRANKOVIC, DANKO",06:01,2,0,0,0,0,2,2,0,0,0,0,0,1,0,0,2,1,0,-2.0
2023,RS,8,70,1,P012123   ,0.0,0.0,MUN,30,"KHARCHENKOV, IVAN",04:32,0,0,0,0,0,0,0,0,0,0,0,0,0,0,0,0,1,1,-5.0
2023,RS,8,70,1,P007056   ,1.0,1.0,MUN,31,"BOOKER, DEVIN",28:24,13,5,6,1,3,0,0,3,8,11,0,1,1,0,0,2,1,20,0.0
2023,RS,8,70,1,P011941   ,0.0,0.0,MUN,33,"GILLESPIE, FREDDIE",14:40,8,4,5,0,0,0,0,3,1,4,0,0,0,1,1,3,1,9,7.0
2023,RS,8,70,1,Team,0.0,0.0,MUN,,Team,,0,0,0,0,0,0,0,1,0,1,0,0,2,0,0,0,0,-1,
2023,RS,8,70,1,Total,,,MUN,,Total,200:00,94,21,39,13,28,13,16,13,26,39,16,7,9,1,4,25,23,106,
2023,RS,8,70,0,P009212   ,0.0,0.0,PAR,1,"VUKCEVIC, TRISTAN",DNP,0,0,0,0,0,0,0,0,0,0,0,0,0,0,0,0,0,0,0.0
2023,RS,8,70,0,P008987   ,1.0,1.0,PAR,2,"LEDAY, ZACH",35:15,12,2,4,1,2,5,7,0,2,2,0,0,0,1,0,3,5,12,-6.0
2023,RS,8,70,0,P003983   ,0.0,0.0,PAR,4,"AVRAMOVIC, ALEKSA",11:37,4,2,2,0,2,0,0,0,2,2,3,0,1,0,0,2,3,7,-3.0
2023,RS,8,70,0,P011051   ,0.0,0.0,PAR,9,"SMAILAGIC, ALEN",08:38,5,1,1,0,1,3,3,0,1,1,0,0,0,0,0,1,3,7,-3.0
2023,RS,8,70,0,P004058   ,1.0,0.0,PAR,10,"JARAMAZ, OGNJEN",13:58,2,1,2,0,1,0,0,0,3,3,2,1,0,0,0,1,2,7,-3.0
2023,RS,8,70,0,P007400   ,1.0,1.0,PAR,21,"NUNNALLY, JAMES",33:12,14,4,6,0,3,6,6,1,7,8,3,1,2,0,0,2,4,21,-3.0
2023,RS,8,70,0,P007673   ,1.0,1.0,PAR,32,"TRIFUNOVIC, UROS",26:49,10,2,2,2,4,0,0,1,0,1,1,1,0,1,0,3,0,9,-7.0
2023,RS,8,70,0,P000956   ,0.0,0.0,PAR,33,"ANDJUSIC, DANILO",09:45,0,0,1,0,4,0,0,0,0,0,0,0,0,0,0,1,0,-6,1.0
2023,RS,8,70,0,P012742   ,0.0,1.0,PAR,35,"DOZIER JR, PERRY",20:01,10,3,5,1,3,1,2,0,1,1,5,0,1,0,0,4,1,7,-1.0
2023,RS,8,70,0,P004172   ,0.0,0.0,PAR,37,"PONITKA, MATEUSZ",04:40,0,0,0,0,0,0,0,0,1,1,0,0,1,0,0,0,1,1,-11.0
2023,RS,8,70,0,P012743   ,1.0,0.0,PAR,44,"KAMINSKY, FRANK",16:14,9,3,5,1,3,0,1,0,1,1,1,0,1,0,1,3,1,2,0.0
2023,RS,8,70,0,P012096   ,0.0,1.0,PAR,50,"CABOCLO, BRUNO",19:51,19,3,3,3,4,4,4,0,2,2,0,0,1,2,0,3,5,23,-9.0
2023,RS,8,70,0,Team,0.0,0.0,PAR,,Team,,0,0,0,0,0,0,0,1,2,3,0,0,1,0,0,0,0,2,
2023,RS,8,70,0,Total,,,PAR,,Total,200:00,85,21,31,8,27,19,23,3,22,25,15,3,8,4,1,23,25,92,
2023,RS,8,71,1,P011209   ,0.0,0.0,PAN,0,"KALAITZAKIS, PANAGIOTIS",01:13,0,0,0,0,0,0,0,0,0,0,0,0,0,0,0,0,0,0,0.0
2023,RS,8,71,1,P007947   ,0.0,0.0,PAN,2,"VILDOZA, LUCA",15:08,4,1,1,0,2,2,3,0,2,2,2,0,1,0,0,1,2,5,-6.0
2023,RS,8,71,1,P011826   ,0.0,0.0,PAN,3,"GUY, KYLE",01:21,0,0,0,0,1,0,0,0,0,0,0,0,1,0,0,1,0,-3,-4.0
2023,RS,8,71,1,P007553   ,0.0,0.0,PAN,8,"BALCEROWSKI, ALEKSANDER",06:56,2,1,1,0,0,0,2,0,0,0,0,0,0,0,0,1,1,0,-3.0
2023,RS,8,71,1,P001926   ,1.0,1.0,PAN,10,"SLOUKAS, KOSTAS",29:20,16,5,7,1,4,3,4,0,0,0,3,2,1,0,1,2,4,15,6.0
2023,RS,8,71,1,P011204   ,1.0,1.0,PAN,22,"GRANT, JERIAN",28:29,10,1,4,1,1,5,6,1,3,4,5,2,0,0,0,3,4,18,8.0
2023,RS,8,71,1,P012774   ,0.0,0.0,PAN,25,"NUNN, KENDRICK",05:50,0,0,1,0,2,0,0,0,1,1,0,1,0,0,0,0,0,-1,-4.0
2023,RS,8,71,1,P003842   ,0.0,1.0,PAN,26,"LESSORT, MATHIAS",29:53,13,4,5,0,0,5,8,3,1,4,1,1,7,2,0,4,10,16,5.0
2023,RS,8,71,1,P011221   ,1.0,0.0,PAN,37,"ANTETOKOUNMPO, KOSTAS",03:11,0,0,0,0,0,0,2,0,0,0,0,0,1,0,0,1,2,-2,0.0
2023,RS,8,71,1,P002328   ,1.0,1.0,PAN,40,"GRIGONIS, MARIUS",35:05,7,1,3,1,4,2,3,0,1,1,1,1,1,0,1,1,4,5,8.0
2023,RS,8,71,1,P007866   ,1.0,1.0,PAN,44,"MITOGLOU, KONSTANTINOS",38:02,19,3,5,4,5,1,2,0,6,6,2,1,2,2,0,2,1,23,-2.0
2023,RS,8,71,1,P008084   ,0.0,0.0,PAN,72,"MANTZOUKAS, ELEFTHERIOS",05:32,2,1,2,0,0,0,1,1,0,1,0,0,0,0,1,2,1,-1,2.0
2023,RS,8,71,1,Team,0.0,0.0,PAN,,Team,,0,0,0,0,0,0,0,5,1,6,0,0,2,0,0,0,0,4,
2023,RS,8,71,1,Total,,,PAN,,Total,200:00,73,17,29,7,19,18,31,10,15,25,14,8,16,4,3,18,29,79,
2023,RS,8,71,0,P011218   ,1.0,1.0,ZAL,2,"EVANS, KEENAN",31:09,6,2,3,0,2,2,2,0,2,2,4,1,5,0,0,3,4,6,-4.0
2023,RS,8,71,0,P011965   ,0.0,0.0,ZAL,3,"MITROU-LONG, NAZ",08:35,6,0,0,2,2,0,0,0,0,0,0,0,2,0,0,2,0,2,4.0
2023,RS,8,71,0,P003210   ,0.0,0.0,ZAL,4,"LEKAVICIUS, LUKAS",04:59,0,0,1,0,0,0,0,0,0,0,1,0,1,0,0,0,0,-1,-1.0
2023,RS,8,71,0,P010390   ,1.0,1.0,ZAL,8,"HAYES, KEVARRIUS",18:54,8,3,4,0,0,2,2,2,0,2,1,0,2,1,0,4,3,8,-7.0
2023,RS,8,71,0,P007513   ,0.0,0.0,ZAL,9,"GIEDRAITIS, DOVYDAS",DNP,0,0,0,0,0,0,0,0,0,0,0,0,0,0,0,0,0,0,0.0
2023,RS,8,71,0,P007109   ,1.0,0.0,ZAL,10,"SMITS, ROLANDS",20:19,15,1,3,4,4,1,1,0,2,2,2,0,2,0,0,5,1,11,-2.0
2023,RS,8,71,0,P005504   ,0.0,0.0,ZAL,15,"BIRUTIS, LAURYNAS",13:37,9,4,6,0,0,1,1,1,3,4,1,0,1,1,0,5,1,8,-1.0
2023,RS,8,71,0,P003211   ,0.0,1.0,ZAL,33,"DIMSA, TOMAS",23:41,9,2,4,1,3,2,4,1,1,2,3,0,4,0,1,4,3,2,0.0
2023,RS,8,71,0,P006860   ,0.0,0.0,ZAL,35,"LAVRINOVICIUS, DANIELIUS",DNP,0,0,0,0,0,0,0,0,0,0,0,0,0,0,0,0,0,0,0.0
2023,RS,8,71,0,P012715   ,0.0,0.0,ZAL,45,"MANEK, BRADY",19:01,6,0,1,2,5,0,0,1,6,7,0,0,0,0,1,1,0,7,3.0
2023,RS,8,71,0,P002676   ,1.0,1.0,ZAL,51,"BUTKEVICIUS, ARNAS",33:02,10,2,3,1,3,3,4,3,5,8,0,3,4,1,1,3,3,13,-5.0
2023,RS,8,71,0,P002329   ,1.0,1.0,ZAL,92,"ULANOVAS, EDGARAS",26:43,2,1,6,0,1,0,0,2,4,6,4,1,1,0,1,2,3,6,3.0
2023,RS,8,71,0,Team,0.0,0.0,ZAL,,Team,,0,0,0,0,0,0,0,1,0,1,0,0,1,0,0,0,0,0,
2023,RS,8,71,0,Total,,,ZAL,,Total,200:00,71,15,31,10,20,11,14,11,23,34,16,5,23,3,4,29,18,62,
2023,RS,8,72,1,P011948   ,1.0,0.0,BAS,0,"HOWARD, MARKUS",24:39,26,5,9,4,11,4,4,0,1,1,3,2,4,0,0,2,2,17,24.0
2023,RS,8,72,1,P008850   ,0.0,1.0,BAS,2,"RAIESTE, SANDER",08:01,0,0,0,0,0,0,0,0,0,0,0,0,0,0,0,3,0,-3,-5.0
2023,RS,8,72,1,P012765   ,0.0,1.0,BAS,3,"CHIOZZA, CHRIS",15:50,4,0,1,1,1,1,1,0,3,3,3,1,1,0,1,3,1,6,3.0
2023,RS,8,72,1,P007230   ,1.0,0.0,BAS,8,"SEDEKERSKIS, TADAS",29:50,9,3,3,1,3,0,0,1,11,12,1,0,1,0,0,0,0,19,20.0
2023,RS,8,72,1,P009048   ,1.0,0.0,BAS,10,"MILLER-MCINTYRE, CODI",27:53,20,3,4,4,6,2,2,0,4,4,7,2,2,0,0,1,2,29,20.0
2023,RS,8,72,1,P003198   ,1.0,1.0,BAS,11,"DIEZ, DANIEL",28:48,5,1,1,1,2,0,0,2,4,6,2,0,0,0,0,2,0,10,15.0
2023,RS,8,72,1,P008072   ,0.0,1.0,BAS,18,"DIOP, KHALIFA",02:17,0,0,0,0,0,0,0,0,0,0,0,0,1,0,0,1,0,-2,-4.0
2023,RS,8,72,1,P004603   ,0.0,0.0,BAS,21,"KOTSAR, MAIK",16:30,6,2,4,0,0,2,2,0,5,5,0,0,1,0,0,1,3,10,7.0
2023,RS,8,72,1,P010444   ,1.0,0.0,BAS,24,"COSTELLO, MATTHEW",21:13,5,1,3,1,3,0,0,1,1,2,2,2,0,1,0,3,2,7,20.0
2023,RS,8,72,1,P012201   ,0.0,1.0,BAS,95,"MONEKE, CHIMA",24:59,19,4,8,2,4,5,5,1,4,5,1,1,4,1,2,1,4,18,15.0
2023,RS,8,72,1,Team,0.0,0.0,BAS,,Team,,0,0,0,0,0,0,0,1,1,2,0,0,0,0,0,0,0,2,
2023,RS,8,72,1,Total,,,BAS,,Total,200:00,94,19,33,14,30,14,14,6,34,40,19,8,14,2,3,17,14,113,
2023,RS,8,72,0,P011244   ,1.0,1.0,BAR,1,"DA SILVA, OSCAR",16:50,12,4,5,1,3,1,1,3,1,4,0,1,1,2,0,2,1,14,-17.0
2023,RS,8,72,0,P000925   ,1.0,0.0,BAR,6,"VESELY, JAN",16:12,2,1,4,0,0,0,0,1,0,1,1,0,1,0,0,0,0,0,-15.0
2023,RS,8,72,0,P009992   ,0.0,1.0,BAR,8,"BRIZUELA, DARIO",11:57,2,0,1,0,3,2,2,0,1,1,4,0,3,0,1,2,3,0,-6.0
2023,RS,8,72,0,P004866   ,1.0,0.0,BAR,10,"KALINIC, NIKOLA",22:23,6,0,2,2,2,0,0,0,2,2,3,2,1,0,0,0,0,10,-23.0
2023,RS,8,72,0,P002939   ,1.0,0.0,BAR,13,"SATORANSKY, TOMAS",23:46,6,0,3,2,4,0,0,1,5,6,2,1,2,1,0,3,2,8,-13.0
2023,RS,8,72,0,P003196   ,0.0,0.0,BAR,14,"HERNANGOMEZ, WILLY",20:07,9,3,8,0,1,3,4,2,3,5,0,1,1,0,0,1,3,9,-13.0
2023,RS,8,72,0,P006435   ,1.0,0.0,BAR,20,"LAPROVITTOLA, NICOLAS",19:56,14,3,6,2,6,2,2,0,2,2,4,0,1,0,0,2,4,14,-6.0
2023,RS,8,72,0,P003478   ,0.0,0.0,BAR,21,"ABRINES, ALEX",12:53,9,0,0,3,5,0,0,0,2,2,1,0,0,0,0,2,0,8,-1.0
2023,RS,8,72,0,P012745   ,0.0,0.0,BAR,22,"PARKER, JABARI",15:45,2,1,5,0,0,0,0,1,1,2,1,0,0,0,0,2,0,-1,0.0
2023,RS,8,72,0,P010641   ,0.0,1.0,BAR,23,"NNAJI, JAMES",03:41,0,0,0,0,0,0,4,1,0,1,0,0,0,0,0,0,2,-1,5.0
2023,RS,8,72,0,P007519   ,0.0,1.0,BAR,31,"JOKUBAITIS, ROKAS",16:14,9,3,6,1,3,0,0,1,0,1,0,0,2,0,1,0,0,2,-10.0
2023,RS,8,72,0,P007464   ,0.0,1.0,BAR,44,"PARRA, JOEL",20:16,0,0,0,0,4,0,0,2,5,7,0,0,1,0,0,1,2,3,-16.0
2023,RS,8,72,0,Team,0.0,0.0,BAR,,Team,,0,0,0,0,0,0,0,0,1,1,0,0,0,0,0,0,0,1,
2023,RS,8,72,0,Total,,,BAR,,Total,200:00,71,15,40,11,31,8,13,12,23,35,16,5,13,3,2,15,17,67,
2023,RS,9,73,1,P007032   ,1.0,0.0,MIL,0,"LO, MAODO",22:24,11,1,4,3,5,0,0,1,3,4,1,0,2,0,0,2,1,8,-6.0
2023,RS,9,73,1,P009960   ,0.0,1.0,MIL,2,"POYTHRESS, ALEX",18:44,6,3,3,0,0,0,0,1,2,3,1,0,2,0,0,4,2,6,13.0
2023,RS,9,73,1,P006701   ,0.0,1.0,MIL,3,"BORTOLANI, GIORDANO",00:38,0,0,0,0,0,0,0,0,0,0,0,0,0,0,0,0,0,0,2.0
2023,RS,9,73,1,P006509   ,0.0,1.0,MIL,7,"TONUT, STEFANO",22:31,8,1,1,2,2,0,0,0,3,3,3,0,1,0,0,3,0,10,20.0
2023,RS,9,73,1,P002849   ,1.0,0.0,MIL,9,"MELLI, NICOLO",28:34,13,0,2,3,4,4,4,1,9,10,2,0,0,0,0,3,5,24,17.0
2023,RS,9,73,1,P001518   ,0.0,0.0,MIL,17,"RICCI, GIAMPAOLO",05:48,0,0,0,0,1,0,0,0,0,0,0,0,0,0,0,1,1,-1,4.0
2023,RS,9,73,1,P005670   ,0.0,1.0,MIL,21,"FLACCADORI, DIEGO",03:08,0,0,1,0,0,0,0,0,1,1,0,0,0,0,0,0,0,0,2.0
2023,RS,9,73,1,P011205   ,0.0,0.0,MIL,22,"HALL, DEVON",21:06,15,4,5,1,2,4,5,0,3,3,5,1,0,0,0,2,3,22,15.0
2023,RS,9,73,1,P007831   ,1.0,0.0,MIL,31,"SHIELDS, SHAVON",31:30,18,4,4,3,6,1,2,0,3,3,3,0,3,0,0,3,3,17,17.0
2023,RS,9,73,1,P000796   ,1.0,1.0,MIL,33,"MIROTIC, NIKOLA",25:51,14,5,8,0,2,4,6,2,1,3,0,0,0,0,1,3,3,9,2.0
2023,RS,9,73,1,P002812   ,0.0,0.0,MIL,42,"HINES, KYLE",03:58,2,1,2,0,0,0,0,0,0,0,0,0,1,0,0,0,1,1,0.0
2023,RS,9,73,1,P007201   ,1.0,0.0,MIL,77,"VOIGTMANN, JOHANNES",15:48,5,1,1,1,2,0,0,0,2,2,6,0,1,0,0,2,0,9,-6.0
2023,RS,9,73,1,Team,0.0,0.0,MIL,,Team,,0,0,0,0,0,0,0,0,0,0,0,0,0,0,0,0,0,0,
2023,RS,9,73,1,Total,,,MIL,,Total,200:00,92,20,31,13,24,13,17,5,27,32,21,1,10,0,1,23,19,105,
2023,RS,9,73,0,P007200   ,1.0,1.0,IST,0,"LARKIN, SHANE",35:35,13,2,3,2,7,3,3,0,0,0,7,0,1,0,0,4,2,11,-17.0
2023,RS,9,73,0,P006590   ,0.0,1.0,IST,1,"BEAUBOIS, RODRIGUE",17:00,5,1,2,1,5,0,0,0,1,1,0,0,1,0,0,2,0,-2,-8.0
2023,RS,9,73,0,P010516   ,0.0,0.0,IST,11,"GAZI, ERTEN",DNP,0,0,0,0,0,0,0,0,0,0,0,0,0,0,0,0,0,0,0.0
2023,RS,9,73,0,P004888   ,1.0,1.0,IST,12,"CLYBURN, WILL",34:50,18,5,8,1,5,5,7,1,6,7,4,2,2,0,0,3,8,25,-10.0
2023,RS,9,73,0,P011078   ,1.0,1.0,IST,13,"THOMPSON, DARIUS",34:48,17,5,6,1,4,4,4,0,0,0,3,1,1,0,0,3,3,16,-12.0
2023,RS,9,73,0,P004093   ,0.0,0.0,IST,19,"YILDIZLI, BURAKCAN",DNP,0,0,0,0,0,0,0,0,0,0,0,0,0,0,0,0,0,0,0.0
2023,RS,9,73,0,P009513   ,0.0,0.0,IST,23,"HOLLATZ, JUSTUS",DNP,0,0,0,0,0,0,0,0,0,0,0,0,0,0,0,0,0,0,0.0
2023,RS,9,73,0,P012710   ,0.0,0.0,IST,24,"OSMANI, ERCAN",08:04,2,1,2,0,1,0,0,0,1,1,0,0,1,0,0,0,2,2,-3.0
2023,RS,9,73,0,P006372   ,0.0,0.0,IST,33,"YILMAZ, ERKAN",06:55,0,0,0,0,0,0,2,0,0,0,0,0,0,0,0,0,1,-1,-8.0
2023,RS,9,73,0,P009664   ,1.0,1.0,IST,35,"WILLIS, DEREK",29:00,8,1,2,2,3,0,0,1,5,6,1,0,0,0,0,2,2,13,-14.0
2023,RS,9,73,0,P004554   ,1.0,0.0,IST,41,"ZIZIC, ANTE",16:04,5,2,3,0,0,1,2,0,2,2,0,2,0,1,0,0,2,10,-2.0
2023,RS,9,73,0,P011981   ,0.0,0.0,IST,88,"JONES, TYRIQUE",17:44,8,3,5,0,0,2,3,1,1,2,1,1,1,0,0,5,3,6,-6.0
2023,RS,9,73,0,Team,0.0,0.0,IST,,Team,,0,0,0,0,0,0,0,2,3,5,0,0,1,0,0,0,0,4,
2023,RS,9,73,0,Total,,,IST,,Total,200:00,76,20,31,7,25,15,21,5,19,24,16,6,8,1,0,19,23,84,
2023,RS,9,74,1,P012744   ,0.0,0.0,TEL,1,"CLEVELAND, ANTONIUS",10:05,4,2,4,0,0,0,0,0,1,1,0,1,0,0,0,1,1,4,7.0
2023,RS,9,74,1,P011971   ,0.0,1.0,TEL,3,"WEBB III, JAMES",17:45,10,2,2,1,3,3,3,1,6,7,1,0,1,0,0,1,4,18,4.0
2023,RS,9,74,1,P009622   ,1.0,1.0,TEL,4,"BROWN, LORENZO",28:27,18,4,5,3,7,1,2,1,1,2,2,2,4,0,0,3,2,13,0.0
2023,RS,9,74,1,P009863   ,1.0,1.0,TEL,5,"BALDWIN IV, WADE",32:31,12,2,10,0,4,8,8,1,3,4,5,4,3,0,2,2,10,16,8.0
2023,RS,9,74,1,P004233   ,0.0,0.0,TEL,8,"MENCO, RAFI",DNP,0,0,0,0,0,0,0,0,0,0,0,0,0,0,0,0,0,0,0.0
2023,RS,9,74,1,P011219   ,0.0,0.0,TEL,9,"SORKIN, ROMAN",16:34,6,3,6,0,3,0,0,4,3,7,0,0,1,2,0,3,0,5,6.0
2023,RS,9,74,1,P007990   ,0.0,0.0,TEL,12,"DIBARTOLOMEO, JOHN",02:32,0,0,0,0,0,0,0,0,0,0,0,0,0,0,0,2,0,-2,-3.0
2023,RS,9,74,1,P011214   ,0.0,0.0,TEL,14,"RIVERO, JASIEL",23:15,7,3,7,0,1,1,2,4,1,5,3,0,0,0,0,3,2,8,9.0
2023,RS,9,74,1,P005145   ,1.0,0.0,TEL,15,"COHEN, JAKE",07:51,2,1,2,0,0,0,0,1,0,1,0,0,0,0,0,0,0,2,-4.0
2023,RS,9,74,1,P011199   ,1.0,1.0,TEL,32,"NEBO, JOSH",15:38,4,2,4,0,0,0,0,0,0,0,0,2,1,1,1,3,0,0,-3.0
2023,RS,9,74,1,P011193   ,0.0,0.0,TEL,45,"BLATT, TAMIR",17:14,2,0,0,0,3,2,2,0,0,0,1,0,1,0,0,5,2,-4,2.0
2023,RS,9,74,1,P009783   ,1.0,1.0,TEL,50,"COLSON, BONZIE",28:08,13,5,12,1,3,0,0,7,7,14,0,1,1,0,0,4,1,15,-1.0
2023,RS,9,74,1,Team,0.0,0.0,TEL,,Team,,0,0,0,0,0,0,0,3,1,4,0,0,0,0,0,0,0,4,
2023,RS,9,74,1,Total,,,TEL,,Total,200:00,78,24,52,5,24,15,17,22,23,45,12,10,12,3,3,27,22,79,
2023,RS,9,74,0,P011157   ,1.0,1.0,ULK,0,"MOTLEY, JOHNATHAN",26:37,6,2,4,0,0,2,4,0,3,3,1,0,4,1,0,4,3,2,4.0
2023,RS,9,74,0,P011201   ,0.0,0.0,ULK,2,"HAZER, SEHMUS",06:30,0,0,1,0,0,0,0,0,1,1,0,0,0,0,0,2,2,0,1.0
2023,RS,9,74,0,P006661   ,1.0,1.0,ULK,3,"WILBEKIN, SCOTTIE",28:52,18,0,2,5,11,3,4,2,2,4,7,1,4,0,0,2,5,20,-7.0
2023,RS,9,74,0,P005844   ,0.0,0.0,ULK,9,"PAPAGIANNIS, GEORGIOS",18:27,0,0,2,0,1,0,0,1,4,5,1,0,0,1,0,1,1,4,-5.0
2023,RS,9,74,0,P002969   ,0.0,0.0,ULK,10,"MAHMUTOGLU, MELIH",DNP,0,0,0,0,0,0,0,0,0,0,0,0,0,0,0,0,0,0,0.0
2023,RS,9,74,0,P008962   ,1.0,1.0,ULK,11,"HAYES-DAVIS, NIGEL",39:14,16,4,7,1,6,5,6,1,5,6,1,0,2,0,2,0,5,15,-5.0
2023,RS,9,74,0,P006961   ,1.0,0.0,ULK,13,"BIBEROVIC, TARIK",28:09,18,3,5,4,5,0,0,1,4,5,1,1,2,0,0,4,1,17,-4.0
2023,RS,9,74,0,P004004   ,0.0,0.0,ULK,23,"GUDURIC, MARKO",DNP,0,0,0,0,0,0,0,0,0,0,0,0,0,0,0,0,0,0,0.0
2023,RS,9,74,0,P009849   ,0.0,0.0,ULK,27,"DORSEY, TYLER",14:05,7,2,5,1,3,0,0,0,1,1,0,0,2,0,1,2,4,2,0.0
2023,RS,9,74,0,P001932   ,0.0,0.0,ULK,33,"CALATHES, NICK",DNP,0,0,0,0,0,0,0,0,0,0,0,0,0,0,0,0,0,0,0.0
2023,RS,9,74,0,P011052   ,0.0,1.0,ULK,41,"MADAR, YAM",17:33,7,0,0,0,2,7,8,0,0,0,0,1,1,0,0,3,4,5,-2.0
2023,RS,9,74,0,P011980   ,1.0,1.0,ULK,77,"SESTINA, NATHAN",20:33,1,0,1,0,0,1,2,3,3,6,3,0,0,1,0,4,2,7,-7.0
2023,RS,9,74,0,Team,0.0,0.0,ULK,,Team,,0,0,0,0,0,0,0,0,2,2,0,0,1,0,0,0,0,1,
2023,RS,9,74,0,Total,,,ULK,,Total,200:00,73,11,27,11,28,18,24,8,25,33,14,3,16,3,3,22,27,73,
